{"type": "FeatureCollection", "features": [{"type": "Feature", "geometry": {"type": "Point", "coordinates": [-74.53792, 4.51316]}, "properties": {"id": 1, "autor": "Supertita", "nombre": "(Daptrius chimachima).jpg", "fecha": "2026-06-18 21:43:36", "desc": "Daptrius chimachima - Caracara chimachima - caricare sabanero, pigua - halcón rapaz", "img_url": "https://upload.wikimedia.org/wikipedia/commons/9/9e/%28Daptrius_chimachima%29.jpg", "thumb_url": "https://commons.wikimedia.org/wiki/Special:FilePath/%28Daptrius%20chimachima%29.jpg?width=640", "commons_url": "https://commons.wikimedia.org/wiki/File:(Daptrius_chimachima).jpg", "map_url": "https://maps.google.com/?q=4.513160,-74.537920", "departamento": "Cundinamarca", "departamento_raw": "CUNDINAMARCA", "region": "Andina", "region_color": "#2563eb"}}, {"type": "Feature", "geometry": {"type": "Point", "coordinates": [-73.75284, 4.52799]}, "properties": {"id": 2, "autor": "Supertita", "nombre": "(Eryngium humboldtii) Familia Apiaceae.jpg", "fecha": "2026-06-19 16:58:31", "desc": "(Eryngium humboldtii) Familia Apiaceae, Cardón", "img_url": "https://upload.wikimedia.org/wikipedia/commons/6/68/%28Eryngium_humboldtii%29_Familia_Apiaceae.jpg", "thumb_url": "https://commons.wikimedia.org/wiki/Special:FilePath/%28Eryngium%20humboldtii%29%20Familia%20Apiaceae.jpg?width=640", "commons_url": "https://commons.wikimedia.org/wiki/File:(Eryngium_humboldtii)_Familia_Apiaceae.jpg", "map_url": "https://maps.google.com/?q=4.527990,-73.752840", "departamento": "Cundinamarca", "departamento_raw": "CUNDINAMARCA", "region": "Andina", "region_color": "#2563eb"}}, {"type": "Feature", "geometry": {"type": "Point", "coordinates": [-74.0348, 4.3845]}, "properties": {"id": 3, "autor": "Supertita", "nombre": "(Hippeastrum).jpg", "fecha": "2026-06-19 14:37:08", "desc": "Red Lion - Amaryllis - Amaryllidaceae - Hippeastrum", "img_url": "https://upload.wikimedia.org/wikipedia/commons/4/4d/%28Hippeastrum%29.jpg", "thumb_url": "https://commons.wikimedia.org/wiki/Special:FilePath/%28Hippeastrum%29.jpg?width=640", "commons_url": "https://commons.wikimedia.org/wiki/File:(Hippeastrum).jpg", "map_url": "https://maps.google.com/?q=4.384500,-7.403480", "departamento": "Cundinamarca", "departamento_raw": "CUNDINAMARCA", "region": "Andina", "region_color": "#2563eb"}}, {"type": "Feature", "geometry": {"type": "Point", "coordinates": [-74.53792, 4.51316]}, "properties": {"id": 4, "autor": "Supertita", "nombre": "(Nymphaea lotus) Nymphaeaceae.jpg", "fecha": "2026-06-18 21:43:46", "desc": "(Nymphaea lotus) loto blanco Familia Nymphaeaceae Plantae de Colombia", "img_url": "https://upload.wikimedia.org/wikipedia/commons/3/31/%28Nymphaea_lotus%29_Nymphaeaceae.jpg", "thumb_url": "https://commons.wikimedia.org/wiki/Special:FilePath/%28Nymphaea%20lotus%29%20Nymphaeaceae.jpg?width=640", "commons_url": "https://commons.wikimedia.org/wiki/File:(Nymphaea_lotus)_Nymphaeaceae.jpg", "map_url": "https://maps.google.com/?q=4.513160,-74.537920", "departamento": "Cundinamarca", "departamento_raw": "CUNDINAMARCA", "region": "Andina", "region_color": "#2563eb"}}, {"type": "Feature", "geometry": {"type": "Point", "coordinates": [-74.785606, 8.072847]}, "properties": {"id": 6, "autor": "Elprofeta91", "nombre": "A la sombra en Nechí.jpg", "fecha": "2026-05-05 18:59:21", "desc": "Una finca en Nechí", "img_url": "https://upload.wikimedia.org/wikipedia/commons/8/81/A_la_sombra_en_Nech%C3%AD.jpg", "thumb_url": "https://commons.wikimedia.org/wiki/Special:FilePath/A%20la%20sombra%20en%20Nech%C3%AD.jpg?width=640", "commons_url": "https://commons.wikimedia.org/wiki/File:A_la_sombra_en_Nech%C3%AD.jpg", "map_url": "https://maps.google.com/?q=8.072847,-74.785606", "departamento": "Antioquia", "departamento_raw": "ANTIOQUIA", "region": "Andina", "region_color": "#2563eb"}}, {"type": "Feature", "geometry": {"type": "Point", "coordinates": [-75.648438, 4.708471]}, "properties": {"id": 7, "autor": "Santiago Styles - Protect the Andes", "nombre": "A male caring for the next generation.jpg", "fecha": "2026-06-30 19:48:05", "desc": "In another project: a protagonist measuring only centimeters, yet playing a unique and irreplaceable role.", "img_url": "https://upload.wikimedia.org/wikipedia/commons/6/60/A_male_caring_for_the_next_generation.jpg", "thumb_url": "https://commons.wikimedia.org/wiki/Special:FilePath/A%20male%20caring%20for%20the%20next%20generation.jpg?width=640", "commons_url": "https://commons.wikimedia.org/wiki/File:A_male_caring_for_the_next_generation.jpg", "map_url": "https://maps.google.com/?q=4.708471,-75.648438", "departamento": "Risaralda", "departamento_raw": "RISARALDA", "region": "Andina", "region_color": "#2563eb"}}, {"type": "Feature", "geometry": {"type": "Point", "coordinates": [-76.447289, 7.189779]}, "properties": {"id": 8, "autor": "Santiago Styles - Protect the Andes", "nombre": "A story of the victims of Colombia's armed conflict.jpg", "fecha": "2026-06-30 19:10:23", "desc": "A second chance for the rainforest. These frogs weren't born for terrariums or to cross borders smuggled in a suitcase. They were born to fulfill an irreplaceable role in Colombia's forests.", "img_url": "https://upload.wikimedia.org/wikipedia/commons/b/bb/A_story_of_the_victims_of_Colombia%27s_armed_conflict.jpg", "thumb_url": "https://commons.wikimedia.org/wiki/Special:FilePath/A%20story%20of%20the%20victims%20of%20Colombia%27s%20armed%20conflict.jpg?width=640", "commons_url": "https://commons.wikimedia.org/wiki/File:A_story_of_the_victims_of_Colombia%27s_armed_conflict.jpg", "map_url": "https://maps.google.com/?q=7.189779,-76.447289", "departamento": "Antioquia", "departamento_raw": "ANTIOQUIA", "region": "Andina", "region_color": "#2563eb"}}, {"type": "Feature", "geometry": {"type": "Point", "coordinates": [-74.08291, 4.87337]}, "properties": {"id": 10, "autor": "Rodrigomacrophoto", "nombre": "Abeja, Halictidae alimentandose.jpg", "fecha": "2026-06-23 14:41:01", "desc": "Abeja perteneciente a la familia Halictidae, alimentándose, se puede observar su aparato bucal especializado, foto tomado en la zona rural del municipio de Chía, Cundinamarca.", "img_url": "https://upload.wikimedia.org/wikipedia/commons/e/e6/Abeja%2C_Halictidae_alimentandose.jpg", "thumb_url": "https://commons.wikimedia.org/wiki/Special:FilePath/Abeja%2C%20Halictidae%20alimentandose.jpg?width=640", "commons_url": "https://commons.wikimedia.org/wiki/File:Abeja,_Halictidae_alimentandose.jpg", "map_url": "https://maps.google.com/?q=4.873370,-74.082910", "departamento": "Cundinamarca", "departamento_raw": "CUNDINAMARCA", "region": "Andina", "region_color": "#2563eb"}}, {"type": "Feature", "geometry": {"type": "Point", "coordinates": [-74.08291, 4.87337]}, "properties": {"id": 11, "autor": "Rodrigomacrophoto", "nombre": "Abeja Halictidae sobre flor.jpg", "fecha": "2026-06-23 14:41:04", "desc": "Individuo de Halictidae sobre una flor de Hypericum juniperinum, se puede apreciar como carga el polen en sus extremidades.", "img_url": "https://upload.wikimedia.org/wikipedia/commons/6/6c/Abeja_Halictidae_sobre_flor.jpg", "thumb_url": "https://commons.wikimedia.org/wiki/Special:FilePath/Abeja%20Halictidae%20sobre%20flor.jpg?width=640", "commons_url": "https://commons.wikimedia.org/wiki/File:Abeja_Halictidae_sobre_flor.jpg", "map_url": "https://maps.google.com/?q=4.873370,-74.082910", "departamento": "Cundinamarca", "departamento_raw": "CUNDINAMARCA", "region": "Andina", "region_color": "#2563eb"}}, {"type": "Feature", "geometry": {"type": "Point", "coordinates": [-73.909282, 4.741302]}, "properties": {"id": 12, "autor": "Andresdflorez23", "nombre": "Abeja Thygater sp.jpg", "fecha": "2026-06-30 10:44:21", "desc": "Abeja solitaria del genero thygater es una especie nativa de colombia que suele anidar en el suelo, en la imagen podemos observarla polinizando una Salvia carnea", "img_url": "https://upload.wikimedia.org/wikipedia/commons/3/33/Abeja_Thygater_sp.jpg", "thumb_url": "https://commons.wikimedia.org/wiki/Special:FilePath/Abeja%20Thygater%20sp.jpg?width=640", "commons_url": "https://commons.wikimedia.org/wiki/File:Abeja_Thygater_sp.jpg", "map_url": "https://maps.google.com/?q=4.741302,-73.909282", "departamento": "Cundinamarca", "departamento_raw": "CUNDINAMARCA", "region": "Andina", "region_color": "#2563eb"}}, {"type": "Feature", "geometry": {"type": "Point", "coordinates": [-75.84758, 4.33447]}, "properties": {"id": 13, "autor": "AmiGueko", "nombre": "Abeja melipona (57935).jpg", "fecha": "2026-05-19 07:29:24", "desc": "Abeja melipona", "img_url": "https://upload.wikimedia.org/wikipedia/commons/b/b3/Abeja_melipona_%2857935%29.jpg", "thumb_url": "https://commons.wikimedia.org/wiki/Special:FilePath/Abeja%20melipona%20%2857935%29.jpg?width=640", "commons_url": "https://commons.wikimedia.org/wiki/File:Abeja_melipona_(57935).jpg", "map_url": "https://maps.google.com/?q=4.334470,-75.847580", "departamento": "Valle del Cauca", "departamento_raw": "VALLE DEL CAUCA", "region": "Pacífica", "region_color": "#059669"}}, {"type": "Feature", "geometry": {"type": "Point", "coordinates": [-75.819356, 4.332538]}, "properties": {"id": 14, "autor": "AmiGueko", "nombre": "Abeja melipona cafetera.jpg", "fecha": "2026-05-19 07:31:09", "desc": "Abeja melipona cafetera", "img_url": "https://upload.wikimedia.org/wikipedia/commons/f/fe/Abeja_melipona_cafetera.jpg", "thumb_url": "https://commons.wikimedia.org/wiki/Special:FilePath/Abeja%20melipona%20cafetera.jpg?width=640", "commons_url": "https://commons.wikimedia.org/wiki/File:Abeja_melipona_cafetera.jpg", "map_url": "https://maps.google.com/?q=4.332538,-75.819356", "departamento": "Quindio", "departamento_raw": "QUINDIO", "region": "Andina", "region_color": "#2563eb"}}, {"type": "Feature", "geometry": {"type": "Point", "coordinates": [-74.08459, 4.872412]}, "properties": {"id": 15, "autor": "Rodrigomacrophoto", "nombre": "Abeja polinizando una flor de Excremis sp.jpg", "fecha": "2026-05-04 20:06:16", "desc": "Abeja corbiculada, poliniza una flor de Excremis sp. Chía Cundinamarca.", "img_url": "https://upload.wikimedia.org/wikipedia/commons/0/0b/Abeja_polinizando_una_flor_de_Excremis_sp.jpg", "thumb_url": "https://commons.wikimedia.org/wiki/Special:FilePath/Abeja%20polinizando%20una%20flor%20de%20Excremis%20sp.jpg?width=640", "commons_url": "https://commons.wikimedia.org/wiki/File:Abeja_polinizando_una_flor_de_Excremis_sp.jpg", "map_url": "https://maps.google.com/?q=4.872412,-74.084590", "departamento": "Cundinamarca", "departamento_raw": "CUNDINAMARCA", "region": "Andina", "region_color": "#2563eb"}}, {"type": "Feature", "geometry": {"type": "Point", "coordinates": [-74.085107, 4.874161]}, "properties": {"id": 16, "autor": "Rodrigomacrophoto", "nombre": "Abeja sobre flor de Praxelis.jpg", "fecha": "2026-06-28 18:01:58", "desc": "Individuo de la super familia Apoidea. Aproximadamente de 6 milímetros de longitud.", "img_url": "https://upload.wikimedia.org/wikipedia/commons/0/0c/Abeja_sobre_flor_de_Praxelis.jpg", "thumb_url": "https://commons.wikimedia.org/wiki/Special:FilePath/Abeja%20sobre%20flor%20de%20Praxelis.jpg?width=640", "commons_url": "https://commons.wikimedia.org/wiki/File:Abeja_sobre_flor_de_Praxelis.jpg", "map_url": "https://maps.google.com/?q=4.874161,-74.085107", "departamento": "Cundinamarca", "departamento_raw": "CUNDINAMARCA", "region": "Andina", "region_color": "#2563eb"}}, {"type": "Feature", "geometry": {"type": "Point", "coordinates": [-74.085107, 4.874161]}, "properties": {"id": 17, "autor": "Rodrigomacrophoto", "nombre": "Abeja sobre flor de Praxelis sp.jpg", "fecha": "2026-06-28 18:01:57", "desc": "Individuo de la super familia Apoidea. Aproximadamente de 6 milímetros de longitud.", "img_url": "https://upload.wikimedia.org/wikipedia/commons/7/77/Abeja_sobre_flor_de_Praxelis_sp.jpg", "thumb_url": "https://commons.wikimedia.org/wiki/Special:FilePath/Abeja%20sobre%20flor%20de%20Praxelis%20sp.jpg?width=640", "commons_url": "https://commons.wikimedia.org/wiki/File:Abeja_sobre_flor_de_Praxelis_sp.jpg", "map_url": "https://maps.google.com/?q=4.874161,-74.085107", "departamento": "Cundinamarca", "departamento_raw": "CUNDINAMARCA", "region": "Andina", "region_color": "#2563eb"}}, {"type": "Feature", "geometry": {"type": "Point", "coordinates": [-75.832438, 4.335498]}, "properties": {"id": 19, "autor": "AmiGueko", "nombre": "Abejas meliponas angelitas.jpg", "fecha": "2026-05-19 07:37:10", "desc": "Abejas meliponas angelitas", "img_url": "https://upload.wikimedia.org/wikipedia/commons/4/49/Abejas_meliponas_angelitas.jpg", "thumb_url": "https://commons.wikimedia.org/wiki/Special:FilePath/Abejas%20meliponas%20angelitas.jpg?width=640", "commons_url": "https://commons.wikimedia.org/wiki/File:Abejas_meliponas_angelitas.jpg", "map_url": "https://maps.google.com/?q=4.335498,-75.832438", "departamento": "Valle del Cauca", "departamento_raw": "VALLE DEL CAUCA", "region": "Pacífica", "region_color": "#059669"}}, {"type": "Feature", "geometry": {"type": "Point", "coordinates": [-73.919332, 4.72848]}, "properties": {"id": 21, "autor": "Andresdflorez23", "nombre": "Abejorro Bombus sp.jpg", "fecha": "2026-06-30 10:44:26", "desc": "Abejorro del genero Bombus, especie de abejas nativa colombiana", "img_url": "https://upload.wikimedia.org/wikipedia/commons/8/8f/Abejorro_Bombus_sp.jpg", "thumb_url": "https://commons.wikimedia.org/wiki/Special:FilePath/Abejorro%20Bombus%20sp.jpg?width=640", "commons_url": "https://commons.wikimedia.org/wiki/File:Abejorro_Bombus_sp.jpg", "map_url": "https://maps.google.com/?q=4.728480,-73.919332", "departamento": "Cundinamarca", "departamento_raw": "CUNDINAMARCA", "region": "Andina", "region_color": "#2563eb"}}, {"type": "Feature", "geometry": {"type": "Point", "coordinates": [-73.863838, 7.08486]}, "properties": {"id": 22, "autor": "Diferoch", "nombre": "Abracris flavolineata - Barrancabermeja, Santander, Colombia - 29 Jun 2026 - Diferoch.jpg", "fecha": "2026-06-09 12:17:29", "desc": "Adult individual of Abracris flavolineata observed in Barrancabermeja, Santander, Colombia.", "img_url": "https://upload.wikimedia.org/wikipedia/commons/6/66/Abracris_flavolineata_-_Barrancabermeja%2C_Santander%2C_Colombia_-_29_Jun_2026_-_Diferoch.jpg", "thumb_url": "https://commons.wikimedia.org/wiki/Special:FilePath/Abracris%20flavolineata%20-%20Barrancabermeja%2C%20Santander%2C%20Colombia%20-%2029%20Jun%202026%20-%20Diferoch.jpg?width=640", "commons_url": "https://commons.wikimedia.org/wiki/File:Abracris_flavolineata_-_Barrancabermeja,_Santander,_Colombia_-_29_Jun_2026_-_Diferoch.jpg", "map_url": "https://maps.google.com/?q=7.084860,-73.863838", "departamento": "Santander", "departamento_raw": "SANTANDER", "region": "Andina", "region_color": "#2563eb"}}, {"type": "Feature", "geometry": {"type": "Point", "coordinates": [-75.600525, 1.66075]}, "properties": {"id": 23, "autor": "Gualy05", "nombre": "Abrazo pedemontano de manonegra.jpg", "fecha": "2026-05-24 22:27:12", "desc": "Pair of Dendropsophus manonegra in amplexus on vegetation in the Amazonian foothills. This reproductive behavior is essential for the species' survival, with the male clasping the female during the external fertilization of the eggs.", "img_url": "https://upload.wikimedia.org/wikipedia/commons/c/c8/Abrazo_pedemontano_de_manonegra.jpg", "thumb_url": "https://commons.wikimedia.org/wiki/Special:FilePath/Abrazo%20pedemontano%20de%20manonegra.jpg?width=640", "commons_url": "https://commons.wikimedia.org/wiki/File:Abrazo_pedemontano_de_manonegra.jpg", "map_url": "https://maps.google.com/?q=1.660750,-75.600525", "departamento": "Caqueta", "departamento_raw": "CAQUETA", "region": "Amazonía", "region_color": "#15803d"}}, {"type": "Feature", "geometry": {"type": "Point", "coordinates": [-74.297505, 4.580683]}, "properties": {"id": 26, "autor": "Johan Andrés Toro", "nombre": "Acantilados y bosque de niebla en el cañón del Tequendama.jpg", "fecha": "2026-05-29 15:02:45", "desc": "Fotografía de paisaje que resalta la geología del cañón del Salto del Tequendama, mostrando en primer plano la textura y estratificación de una enorme pared de roca vertical. Al fondo, la densa vegetación del bosque andino y franjas de niebla cubren las laderas de la montaña.", "img_url": "https://upload.wikimedia.org/wikipedia/commons/e/e2/Acantilados_y_bosque_de_niebla_en_el_ca%C3%B1%C3%B3n_del_Tequendama.jpg", "thumb_url": "https://commons.wikimedia.org/wiki/Special:FilePath/Acantilados%20y%20bosque%20de%20niebla%20en%20el%20ca%C3%B1%C3%B3n%20del%20Tequendama.jpg?width=640", "commons_url": "https://commons.wikimedia.org/wiki/File:Acantilados_y_bosque_de_niebla_en_el_ca%C3%B1%C3%B3n_del_Tequendama.jpg", "map_url": "https://maps.google.com/?q=4.580683,-74.297505", "departamento": "Cundinamarca", "departamento_raw": "CUNDINAMARCA", "region": "Andina", "region_color": "#2563eb"}}, {"type": "Feature", "geometry": {"type": "Point", "coordinates": [-74.134963, 6.717535]}, "properties": {"id": 31, "autor": "Diferoch", "nombre": "Actitis macularius - Cimitarra, Santander, Colombia - 30 Sep 2025 - Diferoch.jpg", "fecha": "2026-06-17 22:34:49", "desc": "Individual of Actitis macularius observed in Cimitarra, Santander, Colombia.", "img_url": "https://upload.wikimedia.org/wikipedia/commons/4/46/Actitis_macularius_-_Cimitarra%2C_Santander%2C_Colombia_-_30_Sep_2025_-_Diferoch.jpg", "thumb_url": "https://commons.wikimedia.org/wiki/Special:FilePath/Actitis%20macularius%20-%20Cimitarra%2C%20Santander%2C%20Colombia%20-%2030%20Sep%202025%20-%20Diferoch.jpg?width=640", "commons_url": "https://commons.wikimedia.org/wiki/File:Actitis_macularius_-_Cimitarra,_Santander,_Colombia_-_30_Sep_2025_-_Diferoch.jpg", "map_url": "https://maps.google.com/?q=6.717535,-74.134963", "departamento": "Santander", "departamento_raw": "SANTANDER", "region": "Andina", "region_color": "#2563eb"}}, {"type": "Feature", "geometry": {"type": "Point", "coordinates": [-77.419563, 5.624638]}, "properties": {"id": 32, "autor": "Diferoch", "nombre": "Actitis macularius - Nuquí, Chocó, Colombia - 23 Oct 2025 - Diferoch.jpg", "fecha": "2026-06-25 17:48:51", "desc": "Individual of Actitis macularius observed in the coastal zone (Pacific Ocean) of Nuquí, Chocó, Colombia.", "img_url": "https://upload.wikimedia.org/wikipedia/commons/9/90/Actitis_macularius_-_Nuqu%C3%AD%2C_Choc%C3%B3%2C_Colombia_-_23_Oct_2025_-_Diferoch.jpg", "thumb_url": "https://commons.wikimedia.org/wiki/Special:FilePath/Actitis%20macularius%20-%20Nuqu%C3%AD%2C%20Choc%C3%B3%2C%20Colombia%20-%2023%20Oct%202025%20-%20Diferoch.jpg?width=640", "commons_url": "https://commons.wikimedia.org/wiki/File:Actitis_macularius_-_Nuqu%C3%AD,_Choc%C3%B3,_Colombia_-_23_Oct_2025_-_Diferoch.jpg", "map_url": "https://maps.google.com/?q=5.624638,-77.419563", "departamento": "Choco", "departamento_raw": "CHOCO", "region": "Pacífica", "region_color": "#059669"}}, {"type": "Feature", "geometry": {"type": "Point", "coordinates": [-74.099944, 4.66775]}, "properties": {"id": 33, "autor": "NMontoya (WMCO)", "nombre": "Aechmea fasciata (Lindl.) Baker.png", "fecha": "2026-06-04 19:21:29", "desc": "Aechmea fasciata (Lindl.) Baker", "img_url": "https://upload.wikimedia.org/wikipedia/commons/6/6d/Aechmea_fasciata_%28Lindl.%29_Baker.png", "thumb_url": "https://commons.wikimedia.org/wiki/Special:FilePath/Aechmea%20fasciata%20%28Lindl.%29%20Baker.png?width=640", "commons_url": "https://commons.wikimedia.org/wiki/File:Aechmea_fasciata_(Lindl.)_Baker.png", "map_url": "https://maps.google.com/?q=4.667750,-74.099944", "departamento": "Bogotá D.C.", "departamento_raw": "SANTAFE DE BOGOTA D.C", "region": "Andina", "region_color": "#2563eb"}}, {"type": "Feature", "geometry": {"type": "Point", "coordinates": [-74.083813, 4.872513]}, "properties": {"id": 35, "autor": "Rodrigomacrophoto", "nombre": "Agesander ruficornis. Acrididae.jpg", "fecha": "2026-05-04 20:06:18", "desc": "Un individuo bastante grande y colorido, podría tratarse de una muestra de colores aposenticos.", "img_url": "https://upload.wikimedia.org/wikipedia/commons/0/03/Agesander_ruficornis._Acrididae.jpg", "thumb_url": "https://commons.wikimedia.org/wiki/Special:FilePath/Agesander%20ruficornis.%20Acrididae.jpg?width=640", "commons_url": "https://commons.wikimedia.org/wiki/File:Agesander_ruficornis._Acrididae.jpg", "map_url": "https://maps.google.com/?q=4.872513,-74.083813", "departamento": "Cundinamarca", "departamento_raw": "CUNDINAMARCA", "region": "Andina", "region_color": "#2563eb"}}, {"type": "Feature", "geometry": {"type": "Point", "coordinates": [-73.320351, 4.546453]}, "properties": {"id": 36, "autor": "Bioedna.ro", "nombre": "Agriacris sp. observado en Medina, COL.jpg", "fecha": "2026-06-30 21:55:23", "desc": "Photo of Agriacris sp. taken in the rural area of the municipality of Medina, Cundinamarca, Colombia.", "img_url": "https://upload.wikimedia.org/wikipedia/commons/6/6e/Agriacris_sp._observado_en_Medina%2C_COL.jpg", "thumb_url": "https://commons.wikimedia.org/wiki/Special:FilePath/Agriacris%20sp.%20observado%20en%20Medina%2C%20COL.jpg?width=640", "commons_url": "https://commons.wikimedia.org/wiki/File:Agriacris_sp._observado_en_Medina,_COL.jpg", "map_url": "https://maps.google.com/?q=4.546453,-73.320351", "departamento": "Cundinamarca", "departamento_raw": "CUNDINAMARCA", "region": "Andina", "region_color": "#2563eb"}}, {"type": "Feature", "geometry": {"type": "Point", "coordinates": [-73.320351, 4.546453]}, "properties": {"id": 37, "autor": "Bioedna.ro", "nombre": "Agriacris sp. observado en Medina, Colombia.jpg", "fecha": "2026-06-30 21:55:23", "desc": "Photo of Agriacris sp. taken in the rural area of the municipality of Medina, Cundinamarca, Colombia.", "img_url": "https://upload.wikimedia.org/wikipedia/commons/0/01/Agriacris_sp._observado_en_Medina%2C_Colombia.jpg", "thumb_url": "https://commons.wikimedia.org/wiki/Special:FilePath/Agriacris%20sp.%20observado%20en%20Medina%2C%20Colombia.jpg?width=640", "commons_url": "https://commons.wikimedia.org/wiki/File:Agriacris_sp._observado_en_Medina,_Colombia.jpg", "map_url": "https://maps.google.com/?q=4.546453,-73.320351", "departamento": "Cundinamarca", "departamento_raw": "CUNDINAMARCA", "region": "Andina", "region_color": "#2563eb"}}, {"type": "Feature", "geometry": {"type": "Point", "coordinates": [-74.099944, 4.66775]}, "properties": {"id": 42, "autor": "AmiGueko", "nombre": "Algodon1.jpg", "fecha": "2026-06-04 21:01:08", "desc": "Planta de algodón en el Jardín Botánico de Bogotá", "img_url": "https://upload.wikimedia.org/wikipedia/commons/b/bb/Algodon1.jpg", "thumb_url": "https://commons.wikimedia.org/wiki/Special:FilePath/Algodon1.jpg?width=640", "commons_url": "https://commons.wikimedia.org/wiki/File:Algodon1.jpg", "map_url": "https://maps.google.com/?q=4.667750,-74.099944", "departamento": "Bogotá D.C.", "departamento_raw": "SANTAFE DE BOGOTA D.C", "region": "Andina", "region_color": "#2563eb"}}, {"type": "Feature", "geometry": {"type": "Point", "coordinates": [-74.099944, 4.66775]}, "properties": {"id": 43, "autor": "AmiGueko", "nombre": "Algodón.jpg", "fecha": "2026-06-04 21:01:07", "desc": "Planta de algodón en el Jardín Botánico de Bogotá", "img_url": "https://upload.wikimedia.org/wikipedia/commons/4/4d/Algod%C3%B3n.jpg", "thumb_url": "https://commons.wikimedia.org/wiki/Special:FilePath/Algod%C3%B3n.jpg?width=640", "commons_url": "https://commons.wikimedia.org/wiki/File:Algod%C3%B3n.jpg", "map_url": "https://maps.google.com/?q=4.667750,-74.099944", "departamento": "Bogotá D.C.", "departamento_raw": "SANTAFE DE BOGOTA D.C", "region": "Andina", "region_color": "#2563eb"}}, {"type": "Feature", "geometry": {"type": "Point", "coordinates": [-74.083046, 4.859125]}, "properties": {"id": 46, "autor": "Mat1318", "nombre": "Alto del águila (Chia).jpg", "fecha": "2026-06-20 19:32:12", "desc": "Chía shrouded in fog, viewed from the Eagle's Nest.", "img_url": "https://upload.wikimedia.org/wikipedia/commons/4/49/Alto_del_%C3%A1guila_%28Chia%29.jpg", "thumb_url": "https://commons.wikimedia.org/wiki/Special:FilePath/Alto%20del%20%C3%A1guila%20%28Chia%29.jpg?width=640", "commons_url": "https://commons.wikimedia.org/wiki/File:Alto_del_%C3%A1guila_(Chia).jpg", "map_url": "https://maps.google.com/?q=4.85912511,-74.08304594", "departamento": "Cundinamarca", "departamento_raw": "CUNDINAMARCA", "region": "Andina", "region_color": "#2563eb"}}, {"type": "Feature", "geometry": {"type": "Point", "coordinates": [-74.264842, 4.967142]}, "properties": {"id": 62, "autor": "AmiGueko", "nombre": "Amarylia.jpg", "fecha": "2026-05-24 13:56:11", "desc": "Amarylia", "img_url": "https://upload.wikimedia.org/wikipedia/commons/8/8f/Amarylia.jpg", "thumb_url": "https://commons.wikimedia.org/wiki/Special:FilePath/Amarylia.jpg?width=640", "commons_url": "https://commons.wikimedia.org/wiki/File:Amarylia.jpg", "map_url": "https://maps.google.com/?q=4.967142,-74.264842", "departamento": "Cundinamarca", "departamento_raw": "CUNDINAMARCA", "region": "Andina", "region_color": "#2563eb"}}, {"type": "Feature", "geometry": {"type": "Point", "coordinates": [-74.266381, 4.968985]}, "properties": {"id": 63, "autor": "AmiGueko", "nombre": "Amarylia (37161).jpg", "fecha": "2026-05-24 13:56:22", "desc": "Amarylia", "img_url": "https://upload.wikimedia.org/wikipedia/commons/3/3c/Amarylia_%2837161%29.jpg", "thumb_url": "https://commons.wikimedia.org/wiki/Special:FilePath/Amarylia%20%2837161%29.jpg?width=640", "commons_url": "https://commons.wikimedia.org/wiki/File:Amarylia_(37161).jpg", "map_url": "https://maps.google.com/?q=4.968985,-74.266381", "departamento": "Cundinamarca", "departamento_raw": "CUNDINAMARCA", "region": "Andina", "region_color": "#2563eb"}}, {"type": "Feature", "geometry": {"type": "Point", "coordinates": [-77.441795, 5.606058]}, "properties": {"id": 67, "autor": "Diferoch", "nombre": "Amazilia tzacatl jucunda - Nuquí, Chocó, Colombia - 23 Oct 2025 - Diferoch.jpg", "fecha": "2026-06-25 17:48:57", "desc": "Individual of CAmazilia tzacatl jucunda observed in Nuquí, Chocó, Colombia.", "img_url": "https://upload.wikimedia.org/wikipedia/commons/a/a5/Amazilia_tzacatl_jucunda_-_Nuqu%C3%AD%2C_Choc%C3%B3%2C_Colombia_-_23_Oct_2025_-_Diferoch.jpg", "thumb_url": "https://commons.wikimedia.org/wiki/Special:FilePath/Amazilia%20tzacatl%20jucunda%20-%20Nuqu%C3%AD%2C%20Choc%C3%B3%2C%20Colombia%20-%2023%20Oct%202025%20-%20Diferoch.jpg?width=640", "commons_url": "https://commons.wikimedia.org/wiki/File:Amazilia_tzacatl_jucunda_-_Nuqu%C3%AD,_Choc%C3%B3,_Colombia_-_23_Oct_2025_-_Diferoch.jpg", "map_url": "https://maps.google.com/?q=5.606058,-77.441795", "departamento": "Choco", "departamento_raw": "CHOCO", "region": "Pacífica", "region_color": "#059669"}}, {"type": "Feature", "geometry": {"type": "Point", "coordinates": [-74.228905, 11.132707]}, "properties": {"id": 68, "autor": "Diferoch", "nombre": "Ameiva bifrontata - Santa Marta, Magdalena, Colombia - 24 Jun 2025 - Diferoch.jpg", "fecha": "2026-06-06 23:19:42", "desc": "Individual of Ameiva bifrontata observed in Santa Marta, Magdalena, Colombia.", "img_url": "https://upload.wikimedia.org/wikipedia/commons/c/c1/Ameiva_bifrontata_-_Santa_Marta%2C_Magdalena%2C_Colombia_-_24_Jun_2025_-_Diferoch.jpg", "thumb_url": "https://commons.wikimedia.org/wiki/Special:FilePath/Ameiva%20bifrontata%20-%20Santa%20Marta%2C%20Magdalena%2C%20Colombia%20-%2024%20Jun%202025%20-%20Diferoch.jpg?width=640", "commons_url": "https://commons.wikimedia.org/wiki/File:Ameiva_bifrontata_-_Santa_Marta,_Magdalena,_Colombia_-_24_Jun_2025_-_Diferoch.jpg", "map_url": "https://maps.google.com/?q=11.132707,-74.228905", "departamento": "Magdalena", "departamento_raw": "MAGDALENA", "region": "Caribe", "region_color": "#0891b2"}}, {"type": "Feature", "geometry": {"type": "Point", "coordinates": [-76.102569, 1.615202]}, "properties": {"id": 69, "autor": "CHAVESJUAN19", "nombre": "Amor frugivoro nocturno - PNN Cueva de los Guacharos (PRIMER PLANO).jpg", "fecha": "2026-06-30 23:05:29", "desc": "Guacharo / Ave nativa del norte de suramerica.", "img_url": "https://upload.wikimedia.org/wikipedia/commons/9/92/Amor_frugivoro_nocturno_-_PNN_Cueva_de_los_Guacharos_%28PRIMER_PLANO%29.jpg", "thumb_url": "https://commons.wikimedia.org/wiki/Special:FilePath/Amor%20frugivoro%20nocturno%20-%20PNN%20Cueva%20de%20los%20Guacharos%20%28PRIMER%20PLANO%29.jpg?width=640", "commons_url": "https://commons.wikimedia.org/wiki/File:Amor_frugivoro_nocturno_-_PNN_Cueva_de_los_Guacharos_(PRIMER_PLANO).jpg", "map_url": "https://maps.google.com/?q=1.615202,-76.102569", "departamento": "Huila", "departamento_raw": "HUILA", "region": "Andina", "region_color": "#2563eb"}}, {"type": "Feature", "geometry": {"type": "Point", "coordinates": [-74.87047, 5.86224]}, "properties": {"id": 71, "autor": "XimmoY", "nombre": "Amplexo de Boana pugnax.jpg", "fecha": "2026-06-30 19:35:27", "desc": "Macroscopic detail of cephalic amplexus in the species *Boana pugnax*; individuals clasping a stem in a vertical position at the Los Monos Agroecological Reserve, Rio Claro, Antioquia.", "img_url": "https://upload.wikimedia.org/wikipedia/commons/6/6c/Amplexo_de_Boana_pugnax.jpg", "thumb_url": "https://commons.wikimedia.org/wiki/Special:FilePath/Amplexo%20de%20Boana%20pugnax.jpg?width=640", "commons_url": "https://commons.wikimedia.org/wiki/File:Amplexo_de_Boana_pugnax.jpg", "map_url": "https://maps.google.com/?q=5.862240,-74.870470", "departamento": "Antioquia", "departamento_raw": "ANTIOQUIA", "region": "Andina", "region_color": "#2563eb"}}, {"type": "Feature", "geometry": {"type": "Point", "coordinates": [-74.152047, 6.701142]}, "properties": {"id": 72, "autor": "Diferoch", "nombre": "Amplexus of Leptodactylus savagei - Cimitarra, Santander, Colombia - 03 Oct 2025 - Diferoch.jpg", "fecha": "2026-06-22 22:46:18", "desc": "2 adults of Leptodactylus savagei in amplexus observed in Cimitarra, Santander, Colombia.", "img_url": "https://upload.wikimedia.org/wikipedia/commons/b/be/Amplexus_of_Leptodactylus_savagei_-_Cimitarra%2C_Santander%2C_Colombia_-_03_Oct_2025_-_Diferoch.jpg", "thumb_url": "https://commons.wikimedia.org/wiki/Special:FilePath/Amplexus%20of%20Leptodactylus%20savagei%20-%20Cimitarra%2C%20Santander%2C%20Colombia%20-%2003%20Oct%202025%20-%20Diferoch.jpg?width=640", "commons_url": "https://commons.wikimedia.org/wiki/File:Amplexus_of_Leptodactylus_savagei_-_Cimitarra,_Santander,_Colombia_-_03_Oct_2025_-_Diferoch.jpg", "map_url": "https://maps.google.com/?q=6.701142,-74.152047", "departamento": "Santander", "departamento_raw": "SANTANDER", "region": "Andina", "region_color": "#2563eb"}}, {"type": "Feature", "geometry": {"type": "Point", "coordinates": [-74.097017, 4.668289]}, "properties": {"id": 79, "autor": "Mfrancoavellaneda", "nombre": "Ananas comosus Bogotá.jpg", "fecha": "2026-06-30 17:04:31", "desc": "Fruto en sus etapas de maduración", "img_url": "https://upload.wikimedia.org/wikipedia/commons/5/5e/Ananas_comosus_Bogot%C3%A1.jpg", "thumb_url": "https://commons.wikimedia.org/wiki/Special:FilePath/Ananas%20comosus%20Bogot%C3%A1.jpg?width=640", "commons_url": "https://commons.wikimedia.org/wiki/File:Ananas_comosus_Bogot%C3%A1.jpg", "map_url": "https://maps.google.com/?q=4.668289,-74.097017", "departamento": "Bogotá D.C.", "departamento_raw": "SANTAFE DE BOGOTA D.C", "region": "Andina", "region_color": "#2563eb"}}, {"type": "Feature", "geometry": {"type": "Point", "coordinates": [-74.099944, 4.66775]}, "properties": {"id": 84, "autor": "AmiGueko", "nombre": "Andicolea colombiana.jpg", "fecha": "2026-06-04 21:01:08", "desc": "Plantas de superpáramo", "img_url": "https://upload.wikimedia.org/wikipedia/commons/a/a8/Andicolea_colombiana.jpg", "thumb_url": "https://commons.wikimedia.org/wiki/Special:FilePath/Andicolea%20colombiana.jpg?width=640", "commons_url": "https://commons.wikimedia.org/wiki/File:Andicolea_colombiana.jpg", "map_url": "https://maps.google.com/?q=4.667750,-74.099944", "departamento": "Bogotá D.C.", "departamento_raw": "SANTAFE DE BOGOTA D.C", "region": "Andina", "region_color": "#2563eb"}}, {"type": "Feature", "geometry": {"type": "Point", "coordinates": [-78.202501, 2.938272]}, "properties": {"id": 85, "autor": "LentedeBerilo", "nombre": "Anfibios de la Isla Gorgona.jpg", "fecha": "2026-06-17 17:48:19", "desc": "Individual of Epipedobates currulao perched on the wet forest substrate on Gorgona Island.", "img_url": "https://upload.wikimedia.org/wikipedia/commons/d/d7/Anfibios_de_la_Isla_Gorgona.jpg", "thumb_url": "https://commons.wikimedia.org/wiki/Special:FilePath/Anfibios%20de%20la%20Isla%20Gorgona.jpg?width=640", "commons_url": "https://commons.wikimedia.org/wiki/File:Anfibios_de_la_Isla_Gorgona.jpg", "map_url": "https://maps.google.com/?q=2.938272,-78.202501", "departamento": "Cauca", "departamento_raw": "CAUCA", "region": "Pacífica", "region_color": "#059669"}}, {"type": "Feature", "geometry": {"type": "Point", "coordinates": [-74.53792, 4.51316]}, "properties": {"id": 86, "autor": "Supertita", "nombre": "Anhinga Americana - Pato aguja americano - pájaro serpiente americano.jpg", "fecha": "2026-06-18 21:43:42", "desc": "Anhinga Americana - Pato aguja americano - Anhinga", "img_url": "https://upload.wikimedia.org/wikipedia/commons/b/b2/Anhinga_Americana_-_Pato_aguja_americano_-_p%C3%A1jaro_serpiente_americano.jpg", "thumb_url": "https://commons.wikimedia.org/wiki/Special:FilePath/Anhinga%20Americana%20-%20Pato%20aguja%20americano%20-%20p%C3%A1jaro%20serpiente%20americano.jpg?width=640", "commons_url": "https://commons.wikimedia.org/wiki/File:Anhinga_Americana_-_Pato_aguja_americano_-_p%C3%A1jaro_serpiente_americano.jpg", "map_url": "https://maps.google.com/?q=4.513160,-74.537920", "departamento": "Cundinamarca", "departamento_raw": "CUNDINAMARCA", "region": "Andina", "region_color": "#2563eb"}}, {"type": "Feature", "geometry": {"type": "Point", "coordinates": [-74.140693, 6.714175]}, "properties": {"id": 87, "autor": "Diferoch", "nombre": "Anhinga anhinga anhinga - Cimitarra, Santander, Colombia - 2 Oct 2025 - Diferoch.jpg", "fecha": "2026-06-17 23:09:05", "desc": "Inidividual of Anhinga anhinga anhinga observed in San Juan River in Cimitarra, Santander, Colombia", "img_url": "https://upload.wikimedia.org/wikipedia/commons/8/85/Anhinga_anhinga_anhinga_-_Cimitarra%2C_Santander%2C_Colombia_-_2_Oct_2025_-_Diferoch.jpg", "thumb_url": "https://commons.wikimedia.org/wiki/Special:FilePath/Anhinga%20anhinga%20anhinga%20-%20Cimitarra%2C%20Santander%2C%20Colombia%20-%202%20Oct%202025%20-%20Diferoch.jpg?width=640", "commons_url": "https://commons.wikimedia.org/wiki/File:Anhinga_anhinga_anhinga_-_Cimitarra,_Santander,_Colombia_-_2_Oct_2025_-_Diferoch.jpg", "map_url": "https://maps.google.com/?q=6.714175,-74.140693", "departamento": "Santander", "departamento_raw": "SANTANDER", "region": "Andina", "region_color": "#2563eb"}}, {"type": "Feature", "geometry": {"type": "Point", "coordinates": [-75.540278, 10.425]}, "properties": {"id": 88, "autor": "Johannelob", "nombre": "Animales en armonía.jpg", "fecha": "2026-06-27 16:20:29", "desc": "En la institucion llegan animales que conviven en el medio urbano y otros que son llevados por pacientes y cuidadores", "img_url": "https://upload.wikimedia.org/wikipedia/commons/3/3a/Animales_en_armon%C3%ADa.jpg", "thumb_url": "https://commons.wikimedia.org/wiki/Special:FilePath/Animales%20en%20armon%C3%ADa.jpg?width=640", "commons_url": "https://commons.wikimedia.org/wiki/File:Animales_en_armon%C3%ADa.jpg", "map_url": "https://maps.google.com/?q=10.425000,-75.540278", "departamento": "Bolivar", "departamento_raw": "BOLIVAR", "region": "Caribe", "region_color": "#0891b2"}}, {"type": "Feature", "geometry": {"type": "Point", "coordinates": [-73.756278, 7.096398]}, "properties": {"id": 89, "autor": "Diferoch", "nombre": "Anisoptera - Barrancabermeja, Santander, Colombia - 20 Jul 2025 - Diferoch.jpg", "fecha": "2026-06-11 21:56:56", "desc": "Adult of unidentified Anisoptera observed in Barrancabermeja, Santander, Colombia.", "img_url": "https://upload.wikimedia.org/wikipedia/commons/f/f9/Anisoptera_-_Barrancabermeja%2C_Santander%2C_Colombia_-_20_Jul_2025_-_Diferoch.jpg", "thumb_url": "https://commons.wikimedia.org/wiki/Special:FilePath/Anisoptera%20-%20Barrancabermeja%2C%20Santander%2C%20Colombia%20-%2020%20Jul%202025%20-%20Diferoch.jpg?width=640", "commons_url": "https://commons.wikimedia.org/wiki/File:Anisoptera_-_Barrancabermeja,_Santander,_Colombia_-_20_Jul_2025_-_Diferoch.jpg", "map_url": "https://maps.google.com/?q=7.096398,-73.756278", "departamento": "Santander", "departamento_raw": "SANTANDER", "region": "Andina", "region_color": "#2563eb"}}, {"type": "Feature", "geometry": {"type": "Point", "coordinates": [-73.864105, 7.085099]}, "properties": {"id": 90, "autor": "Diferoch", "nombre": "Anisoptera - Barrancabermeja, Santander, Colombia - 2 Jun 2025.jpg", "fecha": "2026-05-19 21:03:42", "desc": "Anisoptera of unidentified species observed in Barrancabermeja, Santander, Colombia.", "img_url": "https://upload.wikimedia.org/wikipedia/commons/d/d9/Anisoptera_-_Barrancabermeja%2C_Santander%2C_Colombia_-_2_Jun_2025.jpg", "thumb_url": "https://commons.wikimedia.org/wiki/Special:FilePath/Anisoptera%20-%20Barrancabermeja%2C%20Santander%2C%20Colombia%20-%202%20Jun%202025.jpg?width=640", "commons_url": "https://commons.wikimedia.org/wiki/File:Anisoptera_-_Barrancabermeja,_Santander,_Colombia_-_2_Jun_2025.jpg", "map_url": "https://maps.google.com/?q=7.085099,-73.864105", "departamento": "Santander", "departamento_raw": "SANTANDER", "region": "Andina", "region_color": "#2563eb"}}, {"type": "Feature", "geometry": {"type": "Point", "coordinates": [-73.863968, 7.084832]}, "properties": {"id": 91, "autor": "Diferoch", "nombre": "Anisoptera - Barrancabermeja, Santander, Colombia - 31 Dec 2025 - Diferoch - 1.jpg", "fecha": "2026-06-29 22:26:25", "desc": "Adult of unidentified Anisoptera observed in Barrancabermeja, Santander, Colombia.", "img_url": "https://upload.wikimedia.org/wikipedia/commons/8/89/Anisoptera_-_Barrancabermeja%2C_Santander%2C_Colombia_-_31_Dec_2025_-_Diferoch_-_1.jpg", "thumb_url": "https://commons.wikimedia.org/wiki/Special:FilePath/Anisoptera%20-%20Barrancabermeja%2C%20Santander%2C%20Colombia%20-%2031%20Dec%202025%20-%20Diferoch%20-%201.jpg?width=640", "commons_url": "https://commons.wikimedia.org/wiki/File:Anisoptera_-_Barrancabermeja,_Santander,_Colombia_-_31_Dec_2025_-_Diferoch_-_1.jpg", "map_url": "https://maps.google.com/?q=7.084832,-73.863968", "departamento": "Santander", "departamento_raw": "SANTANDER", "region": "Andina", "region_color": "#2563eb"}}, {"type": "Feature", "geometry": {"type": "Point", "coordinates": [-73.863968, 7.08483]}, "properties": {"id": 92, "autor": "Diferoch", "nombre": "Anisoptera - Barrancabermeja, Santander, Colombia - 31 Dec 2025 - Diferoch - 2.jpg", "fecha": "2026-06-29 22:26:27", "desc": "Adult of unidentified Anisoptera observed in Barrancabermeja, Santander, Colombia.", "img_url": "https://upload.wikimedia.org/wikipedia/commons/b/b7/Anisoptera_-_Barrancabermeja%2C_Santander%2C_Colombia_-_31_Dec_2025_-_Diferoch_-_2.jpg", "thumb_url": "https://commons.wikimedia.org/wiki/Special:FilePath/Anisoptera%20-%20Barrancabermeja%2C%20Santander%2C%20Colombia%20-%2031%20Dec%202025%20-%20Diferoch%20-%202.jpg?width=640", "commons_url": "https://commons.wikimedia.org/wiki/File:Anisoptera_-_Barrancabermeja,_Santander,_Colombia_-_31_Dec_2025_-_Diferoch_-_2.jpg", "map_url": "https://maps.google.com/?q=7.084830,-73.863968", "departamento": "Santander", "departamento_raw": "SANTANDER", "region": "Andina", "region_color": "#2563eb"}}, {"type": "Feature", "geometry": {"type": "Point", "coordinates": [-74.08207, 4.897689]}, "properties": {"id": 93, "autor": "Rodrigomacrophoto", "nombre": "Anolis heterodermus camuflado.jpg", "fecha": "2026-05-04 20:06:14", "desc": "Individuo observado al lado de la carretera, totalmente inmóvil camuflado por varias ramas y capas de hojas. Chía, Cundinamarca.", "img_url": "https://upload.wikimedia.org/wikipedia/commons/5/53/Anolis_heterodermus_camuflado.jpg", "thumb_url": "https://commons.wikimedia.org/wiki/Special:FilePath/Anolis%20heterodermus%20camuflado.jpg?width=640", "commons_url": "https://commons.wikimedia.org/wiki/File:Anolis_heterodermus_camuflado.jpg", "map_url": "https://maps.google.com/?q=4.897689,-74.082070", "departamento": "Cundinamarca", "departamento_raw": "CUNDINAMARCA", "region": "Andina", "region_color": "#2563eb"}}, {"type": "Feature", "geometry": {"type": "Point", "coordinates": [-73.722, 10.857]}, "properties": {"id": 94, "autor": "XimmoY", "nombre": "Anolis solitario.jpg", "fecha": "2026-05-10 12:46:21", "desc": "An endemic individual of Anolis solitarius perched on a musaceae leaf in a montane forest of the Sierra Nevada de Santa Marta at 1800 m a.s.l., camouflaged among the humid understory vegetation.", "img_url": "https://upload.wikimedia.org/wikipedia/commons/4/4a/Anolis_solitario.jpg", "thumb_url": "https://commons.wikimedia.org/wiki/Special:FilePath/Anolis%20solitario.jpg?width=640", "commons_url": "https://commons.wikimedia.org/wiki/File:Anolis_solitario.jpg", "map_url": "https://maps.google.com/?q=10.857000,-73.722000", "departamento": "Magdalena", "departamento_raw": "MAGDALENA", "region": "Caribe", "region_color": "#0891b2"}}, {"type": "Feature", "geometry": {"type": "Point", "coordinates": [-73.722, 10.857]}, "properties": {"id": 95, "autor": "XimmoY", "nombre": "Anolis solitario 01.jpg", "fecha": "2026-05-10 12:46:21", "desc": "An endemic individual of Anolis solitarius perched on a musaceae leaf in a montane forest of the Sierra Nevada de Santa Marta at 1800 m a.s.l., camouflaged among the humid understory vegetation.", "img_url": "https://upload.wikimedia.org/wikipedia/commons/b/b0/Anolis_solitario_01.jpg", "thumb_url": "https://commons.wikimedia.org/wiki/Special:FilePath/Anolis%20solitario%2001.jpg?width=640", "commons_url": "https://commons.wikimedia.org/wiki/File:Anolis_solitario_01.jpg", "map_url": "https://maps.google.com/?q=10.857000,-73.722000", "departamento": "Magdalena", "departamento_raw": "MAGDALENA", "region": "Caribe", "region_color": "#0891b2"}}, {"type": "Feature", "geometry": {"type": "Point", "coordinates": [-74.526377, 4.564131]}, "properties": {"id": 96, "autor": "Andresdflorez23", "nombre": "Anolis sulcifrons.jpg", "fecha": "2026-06-30 10:44:26", "desc": "Colombia tiene una gran diversidad en el genero anolis, y nunca dejan de sorprender en la imagen se observa un A. sulcifrons especie endémica de Colombia la cuál se encuentra en un estado de conservación IUCN casi amenazado.", "img_url": "https://upload.wikimedia.org/wikipedia/commons/4/4e/Anolis_sulcifrons.jpg", "thumb_url": "https://commons.wikimedia.org/wiki/Special:FilePath/Anolis%20sulcifrons.jpg?width=640", "commons_url": "https://commons.wikimedia.org/wiki/File:Anolis_sulcifrons.jpg", "map_url": "https://maps.google.com/?q=4.564131,-74.526377", "departamento": "Cundinamarca", "departamento_raw": "CUNDINAMARCA", "region": "Andina", "region_color": "#2563eb"}}, {"type": "Feature", "geometry": {"type": "Point", "coordinates": [-73.9257, 4.5275]}, "properties": {"id": 97, "autor": "JulianaaValenFrog28", "nombre": "Antes del salto.jpg", "fecha": "2026-06-30 22:26:00", "desc": "La mirada bajo un saltamontes en reposo, perteneciente al género Bogotacris, fue observado en un sendero del Ecoparque Mirador de Choachí, Cundinamarca (Colombia). Este ortóptero descansa sobre una hoja, momentos antes de preparar su próximo salto, donde se camuflara en el verde del pasto y del musgo de las montañas.", "img_url": "https://upload.wikimedia.org/wikipedia/commons/f/fd/Antes_del_salto.jpg", "thumb_url": "https://commons.wikimedia.org/wiki/Special:FilePath/Antes%20del%20salto.jpg?width=640", "commons_url": "https://commons.wikimedia.org/wiki/File:Antes_del_salto.jpg", "map_url": "https://maps.google.com/?q=4.527500,-73.925700", "departamento": "Cundinamarca", "departamento_raw": "CUNDINAMARCA", "region": "Andina", "region_color": "#2563eb"}}, {"type": "Feature", "geometry": {"type": "Point", "coordinates": [-74.100198, 4.668211]}, "properties": {"id": 98, "autor": "Supertita", "nombre": "Anthurium veitchii-King Anthurium.jpg", "fecha": "2026-06-19 15:42:30", "desc": "The King Anthurium - a majestic epiphytic aroid from Andean cloud forests of Colombia", "img_url": "https://upload.wikimedia.org/wikipedia/commons/7/78/Anthurium_veitchii-King_Anthurium.jpg", "thumb_url": "https://commons.wikimedia.org/wiki/Special:FilePath/Anthurium%20veitchii-King%20Anthurium.jpg?width=640", "commons_url": "https://commons.wikimedia.org/wiki/File:Anthurium_veitchii-King_Anthurium.jpg", "map_url": "https://maps.google.com/?q=4.668211,-74.100198", "departamento": "Bogotá D.C.", "departamento_raw": "SANTAFE DE BOGOTA D.C", "region": "Andina", "region_color": "#2563eb"}}, {"type": "Feature", "geometry": {"type": "Point", "coordinates": [-74.097017, 4.668601]}, "properties": {"id": 99, "autor": "Mfrancoavellaneda", "nombre": "Anthurium veitchil.jpg", "fecha": "2026-06-30 17:04:28", "desc": "Anthurium rey", "img_url": "https://upload.wikimedia.org/wikipedia/commons/c/c1/Anthurium_veitchil.jpg", "thumb_url": "https://commons.wikimedia.org/wiki/Special:FilePath/Anthurium%20veitchil.jpg?width=640", "commons_url": "https://commons.wikimedia.org/wiki/File:Anthurium_veitchil.jpg", "map_url": "https://maps.google.com/?q=4.668601,-74.097017", "departamento": "Bogotá D.C.", "departamento_raw": "SANTAFE DE BOGOTA D.C", "region": "Andina", "region_color": "#2563eb"}}, {"type": "Feature", "geometry": {"type": "Point", "coordinates": [-74.789983, 8.070528]}, "properties": {"id": 102, "autor": "Elprofeta91", "nombre": "Anuncio de lluvia.jpg", "fecha": "2026-05-05 18:58:57", "desc": "Una finca en Nechí", "img_url": "https://upload.wikimedia.org/wikipedia/commons/c/ce/Anuncio_de_lluvia.jpg", "thumb_url": "https://commons.wikimedia.org/wiki/Special:FilePath/Anuncio%20de%20lluvia.jpg?width=640", "commons_url": "https://commons.wikimedia.org/wiki/File:Anuncio_de_lluvia.jpg", "map_url": "https://maps.google.com/?q=8.070528,-74.789983", "departamento": "Antioquia", "departamento_raw": "ANTIOQUIA", "region": "Andina", "region_color": "#2563eb"}}, {"type": "Feature", "geometry": {"type": "Point", "coordinates": [-74.100198, 4.668211]}, "properties": {"id": 103, "autor": "Supertita", "nombre": "Aphelandra sinclairiana-Panama Queen.jpg", "fecha": "2026-06-19 15:42:34", "desc": "Aphelandra sinclairiana,coral aphelandra, orange shrimp plant, Panama queen,Sinclair's aphelandra", "img_url": "https://upload.wikimedia.org/wikipedia/commons/b/bd/Aphelandra_sinclairiana-Panama_Queen.jpg", "thumb_url": "https://commons.wikimedia.org/wiki/Special:FilePath/Aphelandra%20sinclairiana-Panama%20Queen.jpg?width=640", "commons_url": "https://commons.wikimedia.org/wiki/File:Aphelandra_sinclairiana-Panama_Queen.jpg", "map_url": "https://maps.google.com/?q=4.668211,-74.100198", "departamento": "Bogotá D.C.", "departamento_raw": "SANTAFE DE BOGOTA D.C", "region": "Andina", "region_color": "#2563eb"}}, {"type": "Feature", "geometry": {"type": "Point", "coordinates": [-74.063408, 4.599825]}, "properties": {"id": 104, "autor": "Diferoch", "nombre": "Apis mellifera - Bogotá D. C., Colombia - 23 Aug 2025 - Diferoch.jpg", "fecha": "2026-06-16 19:34:24", "desc": "Adult of Apis mellifera observed in the campus of Universidad de los Andes in Bogotá D. C., Colombia.", "img_url": "https://upload.wikimedia.org/wikipedia/commons/3/30/Apis_mellifera_-_Bogot%C3%A1_D._C.%2C_Colombia_-_23_Aug_2025_-_Diferoch.jpg", "thumb_url": "https://commons.wikimedia.org/wiki/Special:FilePath/Apis%20mellifera%20-%20Bogot%C3%A1%20D.%20C.%2C%20Colombia%20-%2023%20Aug%202025%20-%20Diferoch.jpg?width=640", "commons_url": "https://commons.wikimedia.org/wiki/File:Apis_mellifera_-_Bogot%C3%A1_D._C.,_Colombia_-_23_Aug_2025_-_Diferoch.jpg", "map_url": "https://maps.google.com/?q=4.599825,-74.063408", "departamento": "Bogotá D.C.", "departamento_raw": "SANTAFE DE BOGOTA D.C", "region": "Andina", "region_color": "#2563eb"}}, {"type": "Feature", "geometry": {"type": "Point", "coordinates": [-74.085761, 4.87102]}, "properties": {"id": 105, "autor": "Rodrigomacrophoto", "nombre": "Apis mellifera alimentándose.jpg", "fecha": "2026-06-01 13:00:26", "desc": "Individuo de Apis mellifera alimentandose,. Fotografía tomada en Chía, Cundinamarca, zona de montaña.", "img_url": "https://upload.wikimedia.org/wikipedia/commons/d/d0/Apis_mellifera_aliment%C3%A1ndose.jpg", "thumb_url": "https://commons.wikimedia.org/wiki/Special:FilePath/Apis%20mellifera%20aliment%C3%A1ndose.jpg?width=640", "commons_url": "https://commons.wikimedia.org/wiki/File:Apis_mellifera_aliment%C3%A1ndose.jpg", "map_url": "https://maps.google.com/?q=4.871020,-74.085761", "departamento": "Cundinamarca", "departamento_raw": "CUNDINAMARCA", "region": "Andina", "region_color": "#2563eb"}}, {"type": "Feature", "geometry": {"type": "Point", "coordinates": [-74.085761, 4.87102]}, "properties": {"id": 107, "autor": "Rodrigomacrophoto", "nombre": "Apis mellifera sobre flor.jpg", "fecha": "2026-06-01 13:00:25", "desc": "Individuo de Apis mellifera alimentandose de néctar. Fotografía tomada en Chía, Cundinamarca, zona de montaña.", "img_url": "https://upload.wikimedia.org/wikipedia/commons/7/76/Apis_mellifera_sobre_flor.jpg", "thumb_url": "https://commons.wikimedia.org/wiki/Special:FilePath/Apis%20mellifera%20sobre%20flor.jpg?width=640", "commons_url": "https://commons.wikimedia.org/wiki/File:Apis_mellifera_sobre_flor.jpg", "map_url": "https://maps.google.com/?q=4.871020,-74.085761", "departamento": "Cundinamarca", "departamento_raw": "CUNDINAMARCA", "region": "Andina", "region_color": "#2563eb"}}, {"type": "Feature", "geometry": {"type": "Point", "coordinates": [-74.099624, 4.668038]}, "properties": {"id": 109, "autor": "Mfrancoavellaneda", "nombre": "Aquarius Palifolius detalle.jpg", "fecha": "2026-06-30 17:04:31", "desc": "Foto tropicario Jardín Botánico Bogotá", "img_url": "https://upload.wikimedia.org/wikipedia/commons/9/97/Aquarius_Palifolius_detalle.jpg", "thumb_url": "https://commons.wikimedia.org/wiki/Special:FilePath/Aquarius%20Palifolius%20detalle.jpg?width=640", "commons_url": "https://commons.wikimedia.org/wiki/File:Aquarius_Palifolius_detalle.jpg", "map_url": "https://maps.google.com/?q=4.668038,-74.099624", "departamento": "Bogotá D.C.", "departamento_raw": "SANTAFE DE BOGOTA D.C", "region": "Andina", "region_color": "#2563eb"}}, {"type": "Feature", "geometry": {"type": "Point", "coordinates": [-73.75284, 4.52799]}, "properties": {"id": 110, "autor": "Supertita", "nombre": "Aragoa abietina (con un saltamontes).jpg", "fecha": "2026-06-19 16:58:28", "desc": "Aragoa abietina (con un saltamontes), pinito de flor, arbusto", "img_url": "https://upload.wikimedia.org/wikipedia/commons/2/28/Aragoa_abietina_%28con_un_saltamontes%29.jpg", "thumb_url": "https://commons.wikimedia.org/wiki/Special:FilePath/Aragoa%20abietina%20%28con%20un%20saltamontes%29.jpg?width=640", "commons_url": "https://commons.wikimedia.org/wiki/File:Aragoa_abietina_(con_un_saltamontes).jpg", "map_url": "https://maps.google.com/?q=4.527990,-73.752840", "departamento": "Cundinamarca", "departamento_raw": "CUNDINAMARCA", "region": "Andina", "region_color": "#2563eb"}}, {"type": "Feature", "geometry": {"type": "Point", "coordinates": [-74.066122, 4.600772]}, "properties": {"id": 111, "autor": "Diferoch", "nombre": "Araneae - Bogotá D. C., Colombia - 10 Nov 2025 - Diferoch.jpg", "fecha": "2026-06-26 21:02:44", "desc": "Individual of unidentified Araneae and its burrow observed in the campus of Universidad de los Andes in Bogotá D. C., Colombia.", "img_url": "https://upload.wikimedia.org/wikipedia/commons/1/18/Araneae_-_Bogot%C3%A1_D._C.%2C_Colombia_-_10_Nov_2025_-_Diferoch.jpg", "thumb_url": "https://commons.wikimedia.org/wiki/Special:FilePath/Araneae%20-%20Bogot%C3%A1%20D.%20C.%2C%20Colombia%20-%2010%20Nov%202025%20-%20Diferoch.jpg?width=640", "commons_url": "https://commons.wikimedia.org/wiki/File:Araneae_-_Bogot%C3%A1_D._C.,_Colombia_-_10_Nov_2025_-_Diferoch.jpg", "map_url": "https://maps.google.com/?q=4.600772,-74.066122", "departamento": "Bogotá D.C.", "departamento_raw": "SANTAFE DE BOGOTA D.C", "region": "Andina", "region_color": "#2563eb"}}, {"type": "Feature", "geometry": {"type": "Point", "coordinates": [-73.1175, 5.78]}, "properties": {"id": 112, "autor": "Pilarrb9286", "nombre": "Araña Paipa.jpg", "fecha": "2026-05-08 20:28:49", "desc": "Spider_Paipa", "img_url": "https://upload.wikimedia.org/wikipedia/commons/e/e5/Ara%C3%B1a_Paipa.jpg", "thumb_url": "https://commons.wikimedia.org/wiki/Special:FilePath/Ara%C3%B1a%20Paipa.jpg?width=640", "commons_url": "https://commons.wikimedia.org/wiki/File:Ara%C3%B1a_Paipa.jpg", "map_url": "https://maps.google.com/?q=5.780000,-73.117500", "departamento": "Boyaca", "departamento_raw": "BOYACA", "region": "Andina", "region_color": "#2563eb"}}, {"type": "Feature", "geometry": {"type": "Point", "coordinates": [-74.085107, 4.874161]}, "properties": {"id": 113, "autor": "Rodrigomacrophoto", "nombre": "Araña Salticidae en posición previa al salto.jpg", "fecha": "2026-06-28 18:02:02", "desc": "Araña macho de Salticidae, momento previo al salto, se puede apreciar la seda que usan como línea de seguridad al rededor de la hoja donde esta posada.", "img_url": "https://upload.wikimedia.org/wikipedia/commons/c/c3/Ara%C3%B1a_Salticidae_en_posici%C3%B3n_previa_al_salto.jpg", "thumb_url": "https://commons.wikimedia.org/wiki/Special:FilePath/Ara%C3%B1a%20Salticidae%20en%20posici%C3%B3n%20previa%20al%20salto.jpg?width=640", "commons_url": "https://commons.wikimedia.org/wiki/File:Ara%C3%B1a_Salticidae_en_posici%C3%B3n_previa_al_salto.jpg", "map_url": "https://maps.google.com/?q=4.874161,-74.085107", "departamento": "Cundinamarca", "departamento_raw": "CUNDINAMARCA", "region": "Andina", "region_color": "#2563eb"}}, {"type": "Feature", "geometry": {"type": "Point", "coordinates": [-74.085107, 4.874161]}, "properties": {"id": 114, "autor": "Rodrigomacrophoto", "nombre": "Araña Salticidae trepando sobre una hoja.jpg", "fecha": "2026-06-28 18:02:01", "desc": "Individuo macho de araña Salticidae, destacan sus prominentes quelíceros", "img_url": "https://upload.wikimedia.org/wikipedia/commons/a/a4/Ara%C3%B1a_Salticidae_trepando_sobre_una_hoja.jpg", "thumb_url": "https://commons.wikimedia.org/wiki/Special:FilePath/Ara%C3%B1a%20Salticidae%20trepando%20sobre%20una%20hoja.jpg?width=640", "commons_url": "https://commons.wikimedia.org/wiki/File:Ara%C3%B1a_Salticidae_trepando_sobre_una_hoja.jpg", "map_url": "https://maps.google.com/?q=4.874161,-74.085107", "departamento": "Cundinamarca", "departamento_raw": "CUNDINAMARCA", "region": "Andina", "region_color": "#2563eb"}}, {"type": "Feature", "geometry": {"type": "Point", "coordinates": [-74.32168, 4.969301]}, "properties": {"id": 119, "autor": "AmiGueko", "nombre": "Araña tejedora del huerto.jpg", "fecha": "2026-05-14 23:00:38", "desc": "Leucage venusta", "img_url": "https://upload.wikimedia.org/wikipedia/commons/f/f3/Ara%C3%B1a_tejedora_del_huerto.jpg", "thumb_url": "https://commons.wikimedia.org/wiki/Special:FilePath/Ara%C3%B1a%20tejedora%20del%20huerto.jpg?width=640", "commons_url": "https://commons.wikimedia.org/wiki/File:Ara%C3%B1a_tejedora_del_huerto.jpg", "map_url": "https://maps.google.com/?q=4.969301,-74.321680", "departamento": "Cundinamarca", "departamento_raw": "CUNDINAMARCA", "region": "Andina", "region_color": "#2563eb"}}, {"type": "Feature", "geometry": {"type": "Point", "coordinates": [-72.697547, 2.569947]}, "properties": {"id": 120, "autor": "Romauribe", "nombre": "Araña tigre, Guaviare, Colombia.jpg", "fecha": "2026-06-08 10:40:38", "desc": "Tiger spider or Argiope argentata. Photo taken in Laguna Negra, Guaviare, Colombia.", "img_url": "https://upload.wikimedia.org/wikipedia/commons/4/48/Ara%C3%B1a_tigre%2C_Guaviare%2C_Colombia.jpg", "thumb_url": "https://commons.wikimedia.org/wiki/Special:FilePath/Ara%C3%B1a%20tigre%2C%20Guaviare%2C%20Colombia.jpg?width=640", "commons_url": "https://commons.wikimedia.org/wiki/File:Ara%C3%B1a_tigre,_Guaviare,_Colombia.jpg", "map_url": "https://maps.google.com/?q=2.569947,-72.697547", "departamento": "Guaviare", "departamento_raw": "GUAVIARE", "region": "Amazonía", "region_color": "#15803d"}}, {"type": "Feature", "geometry": {"type": "Point", "coordinates": [-75.465, 10.406944]}, "properties": {"id": 124, "autor": "Juanrapave", "nombre": "Arbol de Mango en Cartagena.jpg", "fecha": "2026-05-24 07:30:52", "desc": "Arbol de Mango en Cartagena", "img_url": "https://upload.wikimedia.org/wikipedia/commons/7/75/Arbol_de_Mango_en_Cartagena.jpg", "thumb_url": "https://commons.wikimedia.org/wiki/Special:FilePath/Arbol%20de%20Mango%20en%20Cartagena.jpg?width=640", "commons_url": "https://commons.wikimedia.org/wiki/File:Arbol_de_Mango_en_Cartagena.jpg", "map_url": "https://maps.google.com/?q=10.406944,-75.465000", "departamento": "Bolivar", "departamento_raw": "BOLIVAR", "region": "Caribe", "region_color": "#0891b2"}}, {"type": "Feature", "geometry": {"type": "Point", "coordinates": [-74.05639, 4.60583]}, "properties": {"id": 130, "autor": "Project5443", "nombre": "Arcoíris en Monserrate.jpg", "fecha": "2026-05-21 13:34:50", "desc": "Rainbow visible through clouds over the landscape of Monserrat, Colombia", "img_url": "https://upload.wikimedia.org/wikipedia/commons/7/7b/Arco%C3%ADris_en_Monserrate.jpg", "thumb_url": "https://commons.wikimedia.org/wiki/Special:FilePath/Arco%C3%ADris%20en%20Monserrate.jpg?width=640", "commons_url": "https://commons.wikimedia.org/wiki/File:Arco%C3%ADris_en_Monserrate.jpg", "map_url": "https://maps.google.com/?q=4.605830,-74.056390", "departamento": "Bogotá D.C.", "departamento_raw": "SANTAFE DE BOGOTA D.C", "region": "Andina", "region_color": "#2563eb"}}, {"type": "Feature", "geometry": {"type": "Point", "coordinates": [-77.269532, 5.70542]}, "properties": {"id": 131, "autor": "Diferoch", "nombre": "Ardea alba egretta - Nuquí, Chocó, Colombia - 24 Oct 2025 - Diferoch.jpg", "fecha": "2026-06-26 20:22:26", "desc": "Individual of Ardea alba egretta observed in Nuquí, Chocó, Colombia.", "img_url": "https://upload.wikimedia.org/wikipedia/commons/2/26/Ardea_alba_egretta_-_Nuqu%C3%AD%2C_Choc%C3%B3%2C_Colombia_-_24_Oct_2025_-_Diferoch.jpg", "thumb_url": "https://commons.wikimedia.org/wiki/Special:FilePath/Ardea%20alba%20egretta%20-%20Nuqu%C3%AD%2C%20Choc%C3%B3%2C%20Colombia%20-%2024%20Oct%202025%20-%20Diferoch.jpg?width=640", "commons_url": "https://commons.wikimedia.org/wiki/File:Ardea_alba_egretta_-_Nuqu%C3%AD,_Choc%C3%B3,_Colombia_-_24_Oct_2025_-_Diferoch.jpg", "map_url": "https://maps.google.com/?q=5.705420,-77.269532", "departamento": "Choco", "departamento_raw": "CHOCO", "region": "Pacífica", "region_color": "#059669"}}, {"type": "Feature", "geometry": {"type": "Point", "coordinates": [-74.113625, 6.740643]}, "properties": {"id": 132, "autor": "Diferoch", "nombre": "Ardea cocoi - Cimitarra, Santander, Colombia - 30 Sep 2025 - Diferoch - 1.jpg", "fecha": "2026-06-17 20:16:23", "desc": "Adult of Ardea cocoi observed on the riverbank of Carare River in Cimitarra, Santander, Colombia.", "img_url": "https://upload.wikimedia.org/wikipedia/commons/a/a7/Ardea_cocoi_-_Cimitarra%2C_Santander%2C_Colombia_-_30_Sep_2025_-_Diferoch_-_1.jpg", "thumb_url": "https://commons.wikimedia.org/wiki/Special:FilePath/Ardea%20cocoi%20-%20Cimitarra%2C%20Santander%2C%20Colombia%20-%2030%20Sep%202025%20-%20Diferoch%20-%201.jpg?width=640", "commons_url": "https://commons.wikimedia.org/wiki/File:Ardea_cocoi_-_Cimitarra,_Santander,_Colombia_-_30_Sep_2025_-_Diferoch_-_1.jpg", "map_url": "https://maps.google.com/?q=6.740643,-74.113625", "departamento": "Santander", "departamento_raw": "SANTANDER", "region": "Andina", "region_color": "#2563eb"}}, {"type": "Feature", "geometry": {"type": "Point", "coordinates": [-74.121475, 6.73548]}, "properties": {"id": 133, "autor": "Diferoch", "nombre": "Ardea cocoi - Cimitarra, Santander, Colombia - 30 Sep 2025 - Diferoch - 2.jpg", "fecha": "2026-06-17 20:16:23", "desc": "Adult of Ardea cocoi observed on the riverbank of San Juan River in Cimitarra, Santander, Colombia.", "img_url": "https://upload.wikimedia.org/wikipedia/commons/0/06/Ardea_cocoi_-_Cimitarra%2C_Santander%2C_Colombia_-_30_Sep_2025_-_Diferoch_-_2.jpg", "thumb_url": "https://commons.wikimedia.org/wiki/Special:FilePath/Ardea%20cocoi%20-%20Cimitarra%2C%20Santander%2C%20Colombia%20-%2030%20Sep%202025%20-%20Diferoch%20-%202.jpg?width=640", "commons_url": "https://commons.wikimedia.org/wiki/File:Ardea_cocoi_-_Cimitarra,_Santander,_Colombia_-_30_Sep_2025_-_Diferoch_-_2.jpg", "map_url": "https://maps.google.com/?q=6.735480,-74.121475", "departamento": "Santander", "departamento_raw": "SANTANDER", "region": "Andina", "region_color": "#2563eb"}}, {"type": "Feature", "geometry": {"type": "Point", "coordinates": [-74.100206, 4.667722]}, "properties": {"id": 137, "autor": "Gsilvaarias", "nombre": "Aristolochia en flor.jpg", "fecha": "2026-06-18 18:44:49", "desc": "Aristolochia sp. cultivada en el torpicario del Jardín Botánico de Bogotá", "img_url": "https://upload.wikimedia.org/wikipedia/commons/5/50/Aristolochia_en_flor.jpg", "thumb_url": "https://commons.wikimedia.org/wiki/Special:FilePath/Aristolochia%20en%20flor.jpg?width=640", "commons_url": "https://commons.wikimedia.org/wiki/File:Aristolochia_en_flor.jpg", "map_url": "https://maps.google.com/?q=4.667722,-74.100206", "departamento": "Bogotá D.C.", "departamento_raw": "SANTAFE DE BOGOTA D.C", "region": "Andina", "region_color": "#2563eb"}}, {"type": "Feature", "geometry": {"type": "Point", "coordinates": [-74.099944, 4.66775]}, "properties": {"id": 140, "autor": "AmiGueko", "nombre": "Aristoloquia1.jpg", "fecha": "2026-06-04 21:01:11", "desc": "Es una flor rara, las moscas la polinizan, ella se cierra y con sus pelos mantiene a la mosca allí polinizando. Cuando abre nuevamente una vez las moscas la polinizan, ella permite que las moscas salgan.", "img_url": "https://upload.wikimedia.org/wikipedia/commons/2/2e/Aristoloquia1.jpg", "thumb_url": "https://commons.wikimedia.org/wiki/Special:FilePath/Aristoloquia1.jpg?width=640", "commons_url": "https://commons.wikimedia.org/wiki/File:Aristoloquia1.jpg", "map_url": "https://maps.google.com/?q=4.667750,-74.099944", "departamento": "Bogotá D.C.", "departamento_raw": "SANTAFE DE BOGOTA D.C", "region": "Andina", "region_color": "#2563eb"}}, {"type": "Feature", "geometry": {"type": "Point", "coordinates": [-74.099944, 4.66775]}, "properties": {"id": 141, "autor": "AmiGueko", "nombre": "Aristoloquia2.jpg", "fecha": "2026-06-04 21:01:11", "desc": "Es una flor rara, las moscas la polinizan, ella se cierra y con sus pelos mantiene a la mosca allí polinizando. Cuando abre nuevamente una vez las moscas la polinizan, ella permite que las moscas salgan.", "img_url": "https://upload.wikimedia.org/wikipedia/commons/e/ed/Aristoloquia2.jpg", "thumb_url": "https://commons.wikimedia.org/wiki/Special:FilePath/Aristoloquia2.jpg?width=640", "commons_url": "https://commons.wikimedia.org/wiki/File:Aristoloquia2.jpg", "map_url": "https://maps.google.com/?q=4.667750,-74.099944", "departamento": "Bogotá D.C.", "departamento_raw": "SANTAFE DE BOGOTA D.C", "region": "Andina", "region_color": "#2563eb"}}, {"type": "Feature", "geometry": {"type": "Point", "coordinates": [-74.099944, 4.66775]}, "properties": {"id": 142, "autor": "AmiGueko", "nombre": "Aristoloquia3.jpg", "fecha": "2026-06-04 21:01:14", "desc": "Es una flor rara, las moscas la polinizan, ella se cierra y con sus pelos mantiene a la mosca allí polinizando. Cuando abre nuevamente una vez las moscas la polinizan, ella permite que las moscas salgan.", "img_url": "https://upload.wikimedia.org/wikipedia/commons/0/06/Aristoloquia3.jpg", "thumb_url": "https://commons.wikimedia.org/wiki/Special:FilePath/Aristoloquia3.jpg?width=640", "commons_url": "https://commons.wikimedia.org/wiki/File:Aristoloquia3.jpg", "map_url": "https://maps.google.com/?q=4.667750,-74.099944", "departamento": "Bogotá D.C.", "departamento_raw": "SANTAFE DE BOGOTA D.C", "region": "Andina", "region_color": "#2563eb"}}, {"type": "Feature", "geometry": {"type": "Point", "coordinates": [-74.099944, 4.66775]}, "properties": {"id": 143, "autor": "AmiGueko", "nombre": "Aristoloquia5.jpg", "fecha": "2026-06-04 21:01:14", "desc": "Es una flor rara, las moscas la polinizan, ella se cierra y con sus pelos mantiene a la mosca allí polinizando. Cuando abre nuevamente una vez las moscas la polinizan, ella permite que las moscas salgan.", "img_url": "https://upload.wikimedia.org/wikipedia/commons/3/30/Aristoloquia5.jpg", "thumb_url": "https://commons.wikimedia.org/wiki/Special:FilePath/Aristoloquia5.jpg?width=640", "commons_url": "https://commons.wikimedia.org/wiki/File:Aristoloquia5.jpg", "map_url": "https://maps.google.com/?q=4.667750,-74.099944", "departamento": "Bogotá D.C.", "departamento_raw": "SANTAFE DE BOGOTA D.C", "region": "Andina", "region_color": "#2563eb"}}, {"type": "Feature", "geometry": {"type": "Point", "coordinates": [-74.099944, 4.66775]}, "properties": {"id": 144, "autor": "AmiGueko", "nombre": "Aristoloquia6.jpg", "fecha": "2026-06-04 21:01:14", "desc": "Su flor es rara, las moscas la polinizan, ella se cierra y con sus pelos mantiene a la mosca allí polinizando. Cuando abre nuevamente una vez las moscas la polinizan, ella permite que las moscas salgan.", "img_url": "https://upload.wikimedia.org/wikipedia/commons/0/0c/Aristoloquia6.jpg", "thumb_url": "https://commons.wikimedia.org/wiki/Special:FilePath/Aristoloquia6.jpg?width=640", "commons_url": "https://commons.wikimedia.org/wiki/File:Aristoloquia6.jpg", "map_url": "https://maps.google.com/?q=4.667750,-74.099944", "departamento": "Bogotá D.C.", "departamento_raw": "SANTAFE DE BOGOTA D.C", "region": "Andina", "region_color": "#2563eb"}}, {"type": "Feature", "geometry": {"type": "Point", "coordinates": [-74.099944, 4.66775]}, "properties": {"id": 145, "autor": "AmiGueko", "nombre": "Aristoloquia7.jpg", "fecha": "2026-06-04 21:01:16", "desc": "Es una flor rara, las moscas la polinizan, ella se cierra y con sus pelos mantiene a la mosca allí polinizando. Cuando abre nuevamente una vez las moscas la polinizan, ella permite que las moscas salgan.", "img_url": "https://upload.wikimedia.org/wikipedia/commons/0/01/Aristoloquia7.jpg", "thumb_url": "https://commons.wikimedia.org/wiki/Special:FilePath/Aristoloquia7.jpg?width=640", "commons_url": "https://commons.wikimedia.org/wiki/File:Aristoloquia7.jpg", "map_url": "https://maps.google.com/?q=4.667750,-74.099944", "departamento": "Bogotá D.C.", "departamento_raw": "SANTAFE DE BOGOTA D.C", "region": "Andina", "region_color": "#2563eb"}}, {"type": "Feature", "geometry": {"type": "Point", "coordinates": [-74.099944, 4.66775]}, "properties": {"id": 146, "autor": "AmiGueko", "nombre": "Aristoloquia8.jpg", "fecha": "2026-06-04 21:01:17", "desc": "Su flor es rara, las moscas la polinizan, ella se cierra y con sus pelos mantiene a la mosca allí polinizando. Cuando abre nuevamente una vez las moscas la polinizan, ella permite que las moscas salgan.", "img_url": "https://upload.wikimedia.org/wikipedia/commons/6/64/Aristoloquia8.jpg", "thumb_url": "https://commons.wikimedia.org/wiki/Special:FilePath/Aristoloquia8.jpg?width=640", "commons_url": "https://commons.wikimedia.org/wiki/File:Aristoloquia8.jpg", "map_url": "https://maps.google.com/?q=4.667750,-74.099944", "departamento": "Bogotá D.C.", "departamento_raw": "SANTAFE DE BOGOTA D.C", "region": "Andina", "region_color": "#2563eb"}}, {"type": "Feature", "geometry": {"type": "Point", "coordinates": [-74.099944, 4.66775]}, "properties": {"id": 147, "autor": "AmiGueko", "nombre": "Aristoloquia 1.jpg", "fecha": "2026-06-04 21:01:10", "desc": "Es una flor rara, las moscas la polinizan, ella se cierra y con sus pelos mantiene a la mosca allí polinizando. Cuando abre nuevamente una vez las moscas la polinizan, ella permite que las moscas salgan.", "img_url": "https://upload.wikimedia.org/wikipedia/commons/5/58/Aristoloquia_1.jpg", "thumb_url": "https://commons.wikimedia.org/wiki/Special:FilePath/Aristoloquia%201.jpg?width=640", "commons_url": "https://commons.wikimedia.org/wiki/File:Aristoloquia_1.jpg", "map_url": "https://maps.google.com/?q=4.667750,-74.099944", "departamento": "Bogotá D.C.", "departamento_raw": "SANTAFE DE BOGOTA D.C", "region": "Andina", "region_color": "#2563eb"}}, {"type": "Feature", "geometry": {"type": "Point", "coordinates": [-73.99667, 4.54835]}, "properties": {"id": 153, "autor": "Diferoch", "nombre": "Astylus aulicus - 23-May-2025.jpg", "fecha": "2026-05-04 12:19:35", "desc": "Astylus aulicus in Parque Ecológico Matarredonda, Cundinamarca, Colombia.", "img_url": "https://upload.wikimedia.org/wikipedia/commons/3/33/Astylus_aulicus_-_23-May-2025.jpg", "thumb_url": "https://commons.wikimedia.org/wiki/Special:FilePath/Astylus%20aulicus%20-%2023-May-2025.jpg?width=640", "commons_url": "https://commons.wikimedia.org/wiki/File:Astylus_aulicus_-_23-May-2025.jpg", "map_url": "https://maps.google.com/?q=4.548350,-73.996670", "departamento": "Cundinamarca", "departamento_raw": "CUNDINAMARCA", "region": "Andina", "region_color": "#2563eb"}}, {"type": "Feature", "geometry": {"type": "Point", "coordinates": [-75.548181, 10.428975]}, "properties": {"id": 168, "autor": "Juanrapave", "nombre": "Atardecer cartagener - 2.jpg", "fecha": "2026-05-24 07:31:04", "desc": "atardecer en Cartagena, Colombia", "img_url": "https://upload.wikimedia.org/wikipedia/commons/8/8a/Atardecer_cartagener_-_2.jpg", "thumb_url": "https://commons.wikimedia.org/wiki/Special:FilePath/Atardecer%20cartagener%20-%202.jpg?width=640", "commons_url": "https://commons.wikimedia.org/wiki/File:Atardecer_cartagener_-_2.jpg", "map_url": "https://maps.google.com/?q=10.428975,-75.548181", "departamento": "Bolivar", "departamento_raw": "BOLIVAR", "region": "Caribe", "region_color": "#0891b2"}}, {"type": "Feature", "geometry": {"type": "Point", "coordinates": [-75.550558, 10.392856]}, "properties": {"id": 169, "autor": "Juanrapave", "nombre": "Atardecer cartagenero - 1.jpg", "fecha": "2026-05-24 07:31:02", "desc": "atardecer en Cartagena, Colombia", "img_url": "https://upload.wikimedia.org/wikipedia/commons/7/7b/Atardecer_cartagenero_-_1.jpg", "thumb_url": "https://commons.wikimedia.org/wiki/Special:FilePath/Atardecer%20cartagenero%20-%201.jpg?width=640", "commons_url": "https://commons.wikimedia.org/wiki/File:Atardecer_cartagenero_-_1.jpg", "map_url": "https://maps.google.com/?q=10.392856,-75.550558", "departamento": "Bolivar", "departamento_raw": "BOLIVAR", "region": "Caribe", "region_color": "#0891b2"}}, {"type": "Feature", "geometry": {"type": "Point", "coordinates": [-75.551344, 10.410697]}, "properties": {"id": 170, "autor": "Juanrapave", "nombre": "Atardecer cartagenero - 3.jpg", "fecha": "2026-05-24 07:31:07", "desc": "atardecer en Cartagena, Colombia", "img_url": "https://upload.wikimedia.org/wikipedia/commons/e/e2/Atardecer_cartagenero_-_3.jpg", "thumb_url": "https://commons.wikimedia.org/wiki/Special:FilePath/Atardecer%20cartagenero%20-%203.jpg?width=640", "commons_url": "https://commons.wikimedia.org/wiki/File:Atardecer_cartagenero_-_3.jpg", "map_url": "https://maps.google.com/?q=10.410697,-75.551344", "departamento": "Bolivar", "departamento_raw": "BOLIVAR", "region": "Caribe", "region_color": "#0891b2"}}, {"type": "Feature", "geometry": {"type": "Point", "coordinates": [-74.9522, 10.9883]}, "properties": {"id": 174, "autor": "Project5443", "nombre": "Atardecer en Muelle 1888.jpg", "fecha": "2026-05-21 12:39:37", "desc": "Sunset at the most important international gastronomic center on the Atlantic coast in Puerto Colombia, which pays homage to the year the maritime terminal was built.", "img_url": "https://upload.wikimedia.org/wikipedia/commons/f/f0/Atardecer_en_Muelle_1888.jpg", "thumb_url": "https://commons.wikimedia.org/wiki/Special:FilePath/Atardecer%20en%20Muelle%201888.jpg?width=640", "commons_url": "https://commons.wikimedia.org/wiki/File:Atardecer_en_Muelle_1888.jpg", "map_url": "https://maps.google.com/?q=10.988300,-74.952200", "departamento": "Atlantico", "departamento_raw": "ATLANTICO", "region": "Caribe", "region_color": "#0891b2"}}, {"type": "Feature", "geometry": {"type": "Point", "coordinates": [-74.227797, 11.138708]}, "properties": {"id": 178, "autor": "JuanitoCISF", "nombre": "Atardecer en el Caribe.jpg", "fecha": "2026-05-28 10:51:47", "desc": "Atardecer naranja desde el mar Caribe, Santa Marta", "img_url": "https://upload.wikimedia.org/wikipedia/commons/a/ac/Atardecer_en_el_Caribe.jpg", "thumb_url": "https://commons.wikimedia.org/wiki/Special:FilePath/Atardecer%20en%20el%20Caribe.jpg?width=640", "commons_url": "https://commons.wikimedia.org/wiki/File:Atardecer_en_el_Caribe.jpg", "map_url": "https://maps.google.com/?q=11.138708,-74.227797", "departamento": "Magdalena", "departamento_raw": "MAGDALENA", "region": "Caribe", "region_color": "#0891b2"}}, {"type": "Feature", "geometry": {"type": "Point", "coordinates": [-72.909081, 11.554475]}, "properties": {"id": 182, "autor": "TeaBonsai", "nombre": "Atardecer en el mar caribe en Riohacha en 2026.jpg", "fecha": "2026-06-20 09:20:58", "desc": "Sunset in Riohacha", "img_url": "https://upload.wikimedia.org/wikipedia/commons/8/84/Atardecer_en_el_mar_caribe_en_Riohacha_en_2026.jpg", "thumb_url": "https://commons.wikimedia.org/wiki/Special:FilePath/Atardecer%20en%20el%20mar%20caribe%20en%20Riohacha%20en%202026.jpg?width=640", "commons_url": "https://commons.wikimedia.org/wiki/File:Atardecer_en_el_mar_caribe_en_Riohacha_en_2026.jpg", "map_url": "https://maps.google.com/?q=11.554475,-72.909081", "departamento": "La Guajira", "departamento_raw": "LA GUAJIRA", "region": "Caribe", "region_color": "#0891b2"}}, {"type": "Feature", "geometry": {"type": "Point", "coordinates": [-72.909081, 11.554475]}, "properties": {"id": 184, "autor": "TeaBonsai", "nombre": "Atardecer en el mar caribe en Riohacha en junio de 2026.jpg", "fecha": "2026-06-20 09:21:02", "desc": "Atardecer en el mar caribe en Riohacha en 2026", "img_url": "https://upload.wikimedia.org/wikipedia/commons/1/14/Atardecer_en_el_mar_caribe_en_Riohacha_en_junio_de_2026.jpg", "thumb_url": "https://commons.wikimedia.org/wiki/Special:FilePath/Atardecer%20en%20el%20mar%20caribe%20en%20Riohacha%20en%20junio%20de%202026.jpg?width=640", "commons_url": "https://commons.wikimedia.org/wiki/File:Atardecer_en_el_mar_caribe_en_Riohacha_en_junio_de_2026.jpg", "map_url": "https://maps.google.com/?q=11.554475,-72.909081", "departamento": "La Guajira", "departamento_raw": "LA GUAJIRA", "region": "Caribe", "region_color": "#0891b2"}}, {"type": "Feature", "geometry": {"type": "Point", "coordinates": [-74.1721, 4.5816]}, "properties": {"id": 191, "autor": "Supertita", "nombre": "Atardecer visto desde San Francisco, Cundinamarca.jpg", "fecha": "2026-06-19 18:06:58", "desc": "Atardecer en San Francisco, Cundinamarca, Colombia, al fondo la coordillera", "img_url": "https://upload.wikimedia.org/wikipedia/commons/3/3f/Atardecer_visto_desde_San_Francisco%2C_Cundinamarca.jpg", "thumb_url": "https://commons.wikimedia.org/wiki/Special:FilePath/Atardecer%20visto%20desde%20San%20Francisco%2C%20Cundinamarca.jpg?width=640", "commons_url": "https://commons.wikimedia.org/wiki/File:Atardecer_visto_desde_San_Francisco,_Cundinamarca.jpg", "map_url": "https://maps.google.com/?q=4.581600,-7.417210", "departamento": "Bogotá D.C.", "departamento_raw": "SANTAFE DE BOGOTA D.C", "region": "Andina", "region_color": "#2563eb"}}, {"type": "Feature", "geometry": {"type": "Point", "coordinates": [-74.149575, 6.701292]}, "properties": {"id": 193, "autor": "Diferoch", "nombre": "Ateles hybridus - Cimitarra, Santander, Colombia - 01 Oct 2025 - Diferoch.jpg", "fecha": "2026-06-17 22:34:49", "desc": "Individual of Ateles hybridus feeding in Cimitarra, Santander, Colombia.", "img_url": "https://upload.wikimedia.org/wikipedia/commons/e/eb/Ateles_hybridus_-_Cimitarra%2C_Santander%2C_Colombia_-_01_Oct_2025_-_Diferoch.jpg", "thumb_url": "https://commons.wikimedia.org/wiki/Special:FilePath/Ateles%20hybridus%20-%20Cimitarra%2C%20Santander%2C%20Colombia%20-%2001%20Oct%202025%20-%20Diferoch.jpg?width=640", "commons_url": "https://commons.wikimedia.org/wiki/File:Ateles_hybridus_-_Cimitarra,_Santander,_Colombia_-_01_Oct_2025_-_Diferoch.jpg", "map_url": "https://maps.google.com/?q=6.701292,-74.149575", "departamento": "Santander", "departamento_raw": "SANTANDER", "region": "Andina", "region_color": "#2563eb"}}, {"type": "Feature", "geometry": {"type": "Point", "coordinates": [-74.143097, 6.711957]}, "properties": {"id": 194, "autor": "Diferoch", "nombre": "Ateles hybridus - Cimitarra, Santander, Colombia - 30 Sep 2025 - Diferoch - 1.jpg", "fecha": "2026-06-17 20:16:23", "desc": "Individual of Ateles hybridus observed in Cimitarra, Santander, Colombia.", "img_url": "https://upload.wikimedia.org/wikipedia/commons/4/46/Ateles_hybridus_-_Cimitarra%2C_Santander%2C_Colombia_-_30_Sep_2025_-_Diferoch_-_1.jpg", "thumb_url": "https://commons.wikimedia.org/wiki/Special:FilePath/Ateles%20hybridus%20-%20Cimitarra%2C%20Santander%2C%20Colombia%20-%2030%20Sep%202025%20-%20Diferoch%20-%201.jpg?width=640", "commons_url": "https://commons.wikimedia.org/wiki/File:Ateles_hybridus_-_Cimitarra,_Santander,_Colombia_-_30_Sep_2025_-_Diferoch_-_1.jpg", "map_url": "https://maps.google.com/?q=6.711957,-74.143097", "departamento": "Santander", "departamento_raw": "SANTANDER", "region": "Andina", "region_color": "#2563eb"}}, {"type": "Feature", "geometry": {"type": "Point", "coordinates": [-74.143112, 6.71195]}, "properties": {"id": 195, "autor": "Diferoch", "nombre": "Ateles hybridus - Cimitarra, Santander, Colombia - 30 Sep 2025 - Diferoch - 2.jpg", "fecha": "2026-06-17 20:16:26", "desc": "Individual of Ateles hybridus observed in Cimitarra, Santander, Colombia.", "img_url": "https://upload.wikimedia.org/wikipedia/commons/f/f8/Ateles_hybridus_-_Cimitarra%2C_Santander%2C_Colombia_-_30_Sep_2025_-_Diferoch_-_2.jpg", "thumb_url": "https://commons.wikimedia.org/wiki/Special:FilePath/Ateles%20hybridus%20-%20Cimitarra%2C%20Santander%2C%20Colombia%20-%2030%20Sep%202025%20-%20Diferoch%20-%202.jpg?width=640", "commons_url": "https://commons.wikimedia.org/wiki/File:Ateles_hybridus_-_Cimitarra,_Santander,_Colombia_-_30_Sep_2025_-_Diferoch_-_2.jpg", "map_url": "https://maps.google.com/?q=6.711950,-74.143112", "departamento": "Santander", "departamento_raw": "SANTANDER", "region": "Andina", "region_color": "#2563eb"}}, {"type": "Feature", "geometry": {"type": "Point", "coordinates": [-74.145012, 6.711295]}, "properties": {"id": 196, "autor": "Diferoch", "nombre": "Ateles hybridus - Cimitarra, Santander, Colombia - 30 Sep 2025 - Diferoch - 3.jpg", "fecha": "2026-06-17 20:16:28", "desc": "Adult female of Ateles hybridus observed in Cimitarra, Santander, Colombia.", "img_url": "https://upload.wikimedia.org/wikipedia/commons/c/c3/Ateles_hybridus_-_Cimitarra%2C_Santander%2C_Colombia_-_30_Sep_2025_-_Diferoch_-_3.jpg", "thumb_url": "https://commons.wikimedia.org/wiki/Special:FilePath/Ateles%20hybridus%20-%20Cimitarra%2C%20Santander%2C%20Colombia%20-%2030%20Sep%202025%20-%20Diferoch%20-%203.jpg?width=640", "commons_url": "https://commons.wikimedia.org/wiki/File:Ateles_hybridus_-_Cimitarra,_Santander,_Colombia_-_30_Sep_2025_-_Diferoch_-_3.jpg", "map_url": "https://maps.google.com/?q=6.711295,-74.145012", "departamento": "Santander", "departamento_raw": "SANTANDER", "region": "Andina", "region_color": "#2563eb"}}, {"type": "Feature", "geometry": {"type": "Point", "coordinates": [-74.100198, 4.668211]}, "properties": {"id": 197, "autor": "Supertita", "nombre": "Atelopus laetissimus-especie endemica de Colombia.jpg", "fecha": "2026-06-19 15:42:34", "desc": "Atelopus laetissimus-especie de anfibio endemica de Colombia-y solo se conoce en el área de su localidad tipo en la parte noroccidental de la Sierra Nevada de Santa Marta", "img_url": "https://upload.wikimedia.org/wikipedia/commons/c/c7/Atelopus_laetissimus-especie_endemica_de_Colombia.jpg", "thumb_url": "https://commons.wikimedia.org/wiki/Special:FilePath/Atelopus%20laetissimus-especie%20endemica%20de%20Colombia.jpg?width=640", "commons_url": "https://commons.wikimedia.org/wiki/File:Atelopus_laetissimus-especie_endemica_de_Colombia.jpg", "map_url": "https://maps.google.com/?q=4.668211,-74.100198", "departamento": "Bogotá D.C.", "departamento_raw": "SANTAFE DE BOGOTA D.C", "region": "Andina", "region_color": "#2563eb"}}, {"type": "Feature", "geometry": {"type": "Point", "coordinates": [-74.293864, 4.574554]}, "properties": {"id": 199, "autor": "Johan Andrés Toro", "nombre": "Atmósfera mística y niebla en el cañón del Tequendama.jpg", "fecha": "2026-05-29 15:03:01", "desc": "Composición dramática del cañón del Tequendama dominado por la densa niebla característica de la región. En la parte superior izquierda se alcanza a divisar de forma sutil la histórica edificación de la Casa Museo Salto del Tequendama rodeada de bruma, mientras el río fluye espumoso abajo entre las montañas.", "img_url": "https://upload.wikimedia.org/wikipedia/commons/4/4c/Atm%C3%B3sfera_m%C3%ADstica_y_niebla_en_el_ca%C3%B1%C3%B3n_del_Tequendama.jpg", "thumb_url": "https://commons.wikimedia.org/wiki/Special:FilePath/Atm%C3%B3sfera%20m%C3%ADstica%20y%20niebla%20en%20el%20ca%C3%B1%C3%B3n%20del%20Tequendama.jpg?width=640", "commons_url": "https://commons.wikimedia.org/wiki/File:Atm%C3%B3sfera_m%C3%ADstica_y_niebla_en_el_ca%C3%B1%C3%B3n_del_Tequendama.jpg", "map_url": "https://maps.google.com/?q=4.574554,-74.293864", "departamento": "Cundinamarca", "departamento_raw": "CUNDINAMARCA", "region": "Andina", "region_color": "#2563eb"}}, {"type": "Feature", "geometry": {"type": "Point", "coordinates": [-75.548003, 4.612094]}, "properties": {"id": 200, "autor": "Rodobuñuel", "nombre": "Ave de Salento.jpg", "fecha": "2026-06-30 20:10:52", "desc": "Bird in Salento forest", "img_url": "https://upload.wikimedia.org/wikipedia/commons/c/c0/Ave_de_Salento.jpg", "thumb_url": "https://commons.wikimedia.org/wiki/Special:FilePath/Ave%20de%20Salento.jpg?width=640", "commons_url": "https://commons.wikimedia.org/wiki/File:Ave_de_Salento.jpg", "map_url": "https://maps.google.com/?q=4.612094,-75.548003", "departamento": "Quindio", "departamento_raw": "QUINDIO", "region": "Andina", "region_color": "#2563eb"}}, {"type": "Feature", "geometry": {"type": "Point", "coordinates": [-75.5, 4.6667]}, "properties": {"id": 212, "autor": "AmiGueko", "nombre": "Avispa caza tarántula.jpg", "fecha": "2026-06-30 19:35:10", "desc": "Se llama así porque esas arañas son sus presas. Los machos tienen antenas rectas y las hembras antenas enroscadas. Sus colores llamativos son para ahuyentar a depredadores pero no es venenosa.", "img_url": "https://upload.wikimedia.org/wikipedia/commons/3/30/Avispa_caza_tar%C3%A1ntula.jpg", "thumb_url": "https://commons.wikimedia.org/wiki/Special:FilePath/Avispa%20caza%20tar%C3%A1ntula.jpg?width=640", "commons_url": "https://commons.wikimedia.org/wiki/File:Avispa_caza_tar%C3%A1ntula.jpg", "map_url": "https://maps.google.com/?q=4.666700,-75.500000", "departamento": "Quindio", "departamento_raw": "QUINDIO", "region": "Andina", "region_color": "#2563eb"}}, {"type": "Feature", "geometry": {"type": "Point", "coordinates": [-74.08291, 4.87337]}, "properties": {"id": 213, "autor": "Rodrigomacrophoto", "nombre": "Avispa cazadora de tarantulas, genero Pepsis.jpg", "fecha": "2026-06-23 14:41:01", "desc": "Individuo de Pepsis sp. Observado caminando con un comportamiento de búsqueda activa de arañas.", "img_url": "https://upload.wikimedia.org/wikipedia/commons/1/18/Avispa_cazadora_de_tarantulas%2C_genero_Pepsis.jpg", "thumb_url": "https://commons.wikimedia.org/wiki/Special:FilePath/Avispa%20cazadora%20de%20tarantulas%2C%20genero%20Pepsis.jpg?width=640", "commons_url": "https://commons.wikimedia.org/wiki/File:Avispa_cazadora_de_tarantulas,_genero_Pepsis.jpg", "map_url": "https://maps.google.com/?q=4.873370,-74.082910", "departamento": "Cundinamarca", "departamento_raw": "CUNDINAMARCA", "region": "Andina", "region_color": "#2563eb"}}, {"type": "Feature", "geometry": {"type": "Point", "coordinates": [-75.301217, 5.066608]}, "properties": {"id": 216, "autor": "JJCL09", "nombre": "Azul y mi verde.jpg", "fecha": "2026-05-05 21:09:29", "desc": "The peaks whisper", "img_url": "https://upload.wikimedia.org/wikipedia/commons/c/cf/Azul_y_mi_verde.jpg", "thumb_url": "https://commons.wikimedia.org/wiki/Special:FilePath/Azul%20y%20mi%20verde.jpg?width=640", "commons_url": "https://commons.wikimedia.org/wiki/File:Azul_y_mi_verde.jpg", "map_url": "https://maps.google.com/?q=5.066608,-75.301217", "departamento": "Tolima", "departamento_raw": "TOLIMA", "region": "Andina", "region_color": "#2563eb"}}, {"type": "Feature", "geometry": {"type": "Point", "coordinates": [-74.099944, 4.66775]}, "properties": {"id": 221, "autor": "AmiGueko", "nombre": "Balazo.jpg", "fecha": "2026-06-04 21:01:17", "desc": "Monstera deliciosa, familia Araceae-originaria del centro de América. Produce un fruto delicioso en los climas más propicios para su desarrollo, de ahí su nombre \"deliciosa\"p", "img_url": "https://upload.wikimedia.org/wikipedia/commons/1/19/Balazo.jpg", "thumb_url": "https://commons.wikimedia.org/wiki/Special:FilePath/Balazo.jpg?width=640", "commons_url": "https://commons.wikimedia.org/wiki/File:Balazo.jpg", "map_url": "https://maps.google.com/?q=4.667750,-74.099944", "departamento": "Bogotá D.C.", "departamento_raw": "SANTAFE DE BOGOTA D.C", "region": "Andina", "region_color": "#2563eb"}}, {"type": "Feature", "geometry": {"type": "Point", "coordinates": [-74.099944, 4.66775]}, "properties": {"id": 222, "autor": "AmiGueko", "nombre": "Balazo2.jpg", "fecha": "2026-06-04 21:01:19", "desc": "Monstera deliciosa, familia Araceae-originaria del centro de América. Produce un fruto delicioso en los climas más propicios para su desarrollo, de ahí su nombre \"deliciosa\"p", "img_url": "https://upload.wikimedia.org/wikipedia/commons/7/7a/Balazo2.jpg", "thumb_url": "https://commons.wikimedia.org/wiki/Special:FilePath/Balazo2.jpg?width=640", "commons_url": "https://commons.wikimedia.org/wiki/File:Balazo2.jpg", "map_url": "https://maps.google.com/?q=4.667750,-74.099944", "departamento": "Bogotá D.C.", "departamento_raw": "SANTAFE DE BOGOTA D.C", "region": "Andina", "region_color": "#2563eb"}}, {"type": "Feature", "geometry": {"type": "Point", "coordinates": [-74.1721, 4.5816]}, "properties": {"id": 224, "autor": "Supertita", "nombre": "Bananaquit (Coereba flaveola) sobre la flor de un banano.jpg", "fecha": "2026-06-19 18:07:03", "desc": "El platanero (Coereba flaveola) es una especie de ave paseriforme de la familia Thraupidae, la única perteneciente al género Coereba.", "img_url": "https://upload.wikimedia.org/wikipedia/commons/f/f3/Bananaquit_%28Coereba_flaveola%29_sobre_la_flor_de_un_banano.jpg", "thumb_url": "https://commons.wikimedia.org/wiki/Special:FilePath/Bananaquit%20%28Coereba%20flaveola%29%20sobre%20la%20flor%20de%20un%20banano.jpg?width=640", "commons_url": "https://commons.wikimedia.org/wiki/File:Bananaquit_(Coereba_flaveola)_sobre_la_flor_de_un_banano.jpg", "map_url": "https://maps.google.com/?q=4.581600,-7.417210", "departamento": "Bogotá D.C.", "departamento_raw": "SANTAFE DE BOGOTA D.C", "region": "Andina", "region_color": "#2563eb"}}, {"type": "Feature", "geometry": {"type": "Point", "coordinates": [-74.099944, 4.66775]}, "properties": {"id": 225, "autor": "AmiGueko", "nombre": "Barbas de gallo.jpg", "fecha": "2026-06-04 21:01:20", "desc": "Familia de las Rubiaceae. Proveniente de México y Colombia", "img_url": "https://upload.wikimedia.org/wikipedia/commons/7/7a/Barbas_de_gallo.jpg", "thumb_url": "https://commons.wikimedia.org/wiki/Special:FilePath/Barbas%20de%20gallo.jpg?width=640", "commons_url": "https://commons.wikimedia.org/wiki/File:Barbas_de_gallo.jpg", "map_url": "https://maps.google.com/?q=4.667750,-74.099944", "departamento": "Bogotá D.C.", "departamento_raw": "SANTAFE DE BOGOTA D.C", "region": "Andina", "region_color": "#2563eb"}}, {"type": "Feature", "geometry": {"type": "Point", "coordinates": [-74.099944, 4.66775]}, "properties": {"id": 226, "autor": "AmiGueko", "nombre": "Barbas de viejo.jpg", "fecha": "2026-06-04 21:01:20", "desc": "Planta que vive del aire (plantas atmosféricas)", "img_url": "https://upload.wikimedia.org/wikipedia/commons/9/97/Barbas_de_viejo.jpg", "thumb_url": "https://commons.wikimedia.org/wiki/Special:FilePath/Barbas%20de%20viejo.jpg?width=640", "commons_url": "https://commons.wikimedia.org/wiki/File:Barbas_de_viejo.jpg", "map_url": "https://maps.google.com/?q=4.667750,-74.099944", "departamento": "Bogotá D.C.", "departamento_raw": "SANTAFE DE BOGOTA D.C", "region": "Andina", "region_color": "#2563eb"}}, {"type": "Feature", "geometry": {"type": "Point", "coordinates": [-74.906822, 5.566756]}, "properties": {"id": 228, "autor": "JJCL09", "nombre": "Barranco Norcasia.jpg", "fecha": "2026-05-05 21:09:23", "desc": "Climb over me", "img_url": "https://upload.wikimedia.org/wikipedia/commons/3/38/Barranco_Norcasia.jpg", "thumb_url": "https://commons.wikimedia.org/wiki/Special:FilePath/Barranco%20Norcasia.jpg?width=640", "commons_url": "https://commons.wikimedia.org/wiki/File:Barranco_Norcasia.jpg", "map_url": "https://maps.google.com/?q=5.566756,-74.906822", "departamento": "Caldas", "departamento_raw": "CALDAS", "region": "Andina", "region_color": "#2563eb"}}, {"type": "Feature", "geometry": {"type": "Point", "coordinates": [-74.87047, 5.86224]}, "properties": {"id": 232, "autor": "XimmoY", "nombre": "Basiliscus galeritus 2026.jpg", "fecha": "2026-06-30 21:08:00", "desc": "A specimen of Basiliscus galeritus captured in the Los Monos Reserve, Rio Claro Antioquia. Notable features include the distinctness of its scalation and the vibrant coloration characteristic of this species in its natural habitat.", "img_url": "https://upload.wikimedia.org/wikipedia/commons/d/db/Basiliscus_galeritus_2026.jpg", "thumb_url": "https://commons.wikimedia.org/wiki/Special:FilePath/Basiliscus%20galeritus%202026.jpg?width=640", "commons_url": "https://commons.wikimedia.org/wiki/File:Basiliscus_galeritus_2026.jpg", "map_url": "https://maps.google.com/?q=5.862240,-74.870470", "departamento": "Antioquia", "departamento_raw": "ANTIOQUIA", "region": "Andina", "region_color": "#2563eb"}}, {"type": "Feature", "geometry": {"type": "Point", "coordinates": [-74.099944, 4.66775]}, "properties": {"id": 240, "autor": "AmiGueko", "nombre": "Bella hasta las once.jpg", "fecha": "2026-06-04 21:01:23", "desc": "Turnera Subulata - Turnareaceae - originaria de Panamá y hasta el Centro de Brasil", "img_url": "https://upload.wikimedia.org/wikipedia/commons/a/a2/Bella_hasta_las_once.jpg", "thumb_url": "https://commons.wikimedia.org/wiki/Special:FilePath/Bella%20hasta%20las%20once.jpg?width=640", "commons_url": "https://commons.wikimedia.org/wiki/File:Bella_hasta_las_once.jpg", "map_url": "https://maps.google.com/?q=4.667750,-74.099944", "departamento": "Bogotá D.C.", "departamento_raw": "SANTAFE DE BOGOTA D.C", "region": "Andina", "region_color": "#2563eb"}}, {"type": "Feature", "geometry": {"type": "Point", "coordinates": [-75.465147, 10.407097]}, "properties": {"id": 242, "autor": "Juanrapave", "nombre": "Bicho en hoja.jpg", "fecha": "2026-05-24 07:31:03", "desc": "Bicho dorado en hoja de Coral", "img_url": "https://upload.wikimedia.org/wikipedia/commons/4/4d/Bicho_en_hoja.jpg", "thumb_url": "https://commons.wikimedia.org/wiki/Special:FilePath/Bicho%20en%20hoja.jpg?width=640", "commons_url": "https://commons.wikimedia.org/wiki/File:Bicho_en_hoja.jpg", "map_url": "https://maps.google.com/?q=10.407097,-75.465147", "departamento": "Bolivar", "departamento_raw": "BOLIVAR", "region": "Caribe", "region_color": "#0891b2"}}, {"type": "Feature", "geometry": {"type": "Point", "coordinates": [-75.44, 5.07]}, "properties": {"id": 243, "autor": "Charlesjsharp", "nombre": "Bicoloured antpitta (Grallaria rufocinerea rufocinerea) Caldas 2.jpg", "fecha": "2026-05-29 14:48:18", "desc": "Bicoloured antpitta ( Grallaria rufocinerea rufocinerea ), Reserva Ecologica Rio Blanco, Manizales, Caldas, Colombia", "img_url": "https://upload.wikimedia.org/wikipedia/commons/3/37/Bicoloured_antpitta_%28Grallaria_rufocinerea_rufocinerea%29_Caldas_2.jpg", "thumb_url": "https://commons.wikimedia.org/wiki/Special:FilePath/Bicoloured%20antpitta%20%28Grallaria%20rufocinerea%20rufocinerea%29%20Caldas%202.jpg?width=640", "commons_url": "https://commons.wikimedia.org/wiki/File:Bicoloured_antpitta_(Grallaria_rufocinerea_rufocinerea)_Caldas_2.jpg", "map_url": "https://maps.google.com/?q=5.070000,-75.440000", "departamento": "Caldas", "departamento_raw": "CALDAS", "region": "Andina", "region_color": "#2563eb"}}, {"type": "Feature", "geometry": {"type": "Point", "coordinates": [-74.53792, 4.51316]}, "properties": {"id": 253, "autor": "Supertita", "nombre": "Black-bellied Whistling-Ducks-Pisingos.jpg", "fecha": "2026-06-18 21:43:41", "desc": "Black-bellied Whistling Ducks - Pisingos - Dendrocygna autumnalis", "img_url": "https://upload.wikimedia.org/wikipedia/commons/8/8d/Black-bellied_Whistling-Ducks-Pisingos.jpg", "thumb_url": "https://commons.wikimedia.org/wiki/Special:FilePath/Black-bellied%20Whistling-Ducks-Pisingos.jpg?width=640", "commons_url": "https://commons.wikimedia.org/wiki/File:Black-bellied_Whistling-Ducks-Pisingos.jpg", "map_url": "https://maps.google.com/?q=4.513160,-74.537920", "departamento": "Cundinamarca", "departamento_raw": "CUNDINAMARCA", "region": "Andina", "region_color": "#2563eb"}}, {"type": "Feature", "geometry": {"type": "Point", "coordinates": [-73.10762, 7.016228]}, "properties": {"id": 257, "autor": "Dewinjj", "nombre": "Blood on the snow.jpg", "fecha": "2026-05-16 15:12:10", "desc": "Colombia, land of eternal spring and eternal summers", "img_url": "https://upload.wikimedia.org/wikipedia/commons/b/b4/Blood_on_the_snow.jpg", "thumb_url": "https://commons.wikimedia.org/wiki/Special:FilePath/Blood%20on%20the%20snow.jpg?width=640", "commons_url": "https://commons.wikimedia.org/wiki/File:Blood_on_the_snow.jpg", "map_url": "https://maps.google.com/?q=7.016228,-73.107620", "departamento": "Santander", "departamento_raw": "SANTANDER", "region": "Andina", "region_color": "#2563eb"}}, {"type": "Feature", "geometry": {"type": "Point", "coordinates": [-73.502273, 4.091467]}, "properties": {"id": 259, "autor": "Alexpanther", "nombre": "Boa constrictor aliada en el equilibrio ecosistemico.jpg", "fecha": "2026-06-30 12:01:00", "desc": "Este plano detalle captura la mirada profunda y la majestuosidad de una boa constrictor (Boa constrictor) tras haber sido rescatada y devuelta a su libertad en la inmensidad de los Llanos Orientales. La fotografía busca transformar el miedo en admiración: enfoca con nitidez la perfecta geometría de sus escamas y el sutil movimiento de su lengua explorando el entorno, mientras el fondo se desvanece en sombras. Más allá de su imponente belleza, la imagen es un testimonio de reconciliación entre el ser humano y la fauna silvestre, retratando a este incomprendido reptil no como una amenaza, sino como una protectora que regula con su presencia el latido y la salud de los ecosistemas colombianos.", "img_url": "https://upload.wikimedia.org/wikipedia/commons/3/39/Boa_constrictor_aliada_en_el_equilibrio_ecosistemico.jpg", "thumb_url": "https://commons.wikimedia.org/wiki/Special:FilePath/Boa%20constrictor%20aliada%20en%20el%20equilibrio%20ecosistemico.jpg?width=640", "commons_url": "https://commons.wikimedia.org/wiki/File:Boa_constrictor_aliada_en_el_equilibrio_ecosistemico.jpg", "map_url": "https://maps.google.com/?q=4.091467,-73.502273", "departamento": "Meta", "departamento_raw": "META", "region": "Orinoquía", "region_color": "#d97706"}}, {"type": "Feature", "geometry": {"type": "Point", "coordinates": [-73.502273, 4.091467]}, "properties": {"id": 260, "autor": "Alexpanther", "nombre": "Boa constrictor de la Orinoquia.jpg", "fecha": "2026-06-30 12:00:56", "desc": "Este plano detalle captura la mirada profunda y la majestuosidad de una boa constrictor (Boa constrictor) tras haber sido rescatada y devuelta a su libertad en la inmensidad de los Llanos Orientales. La fotografía busca transformar el miedo en admiración: enfoca con nitidez la perfecta geometría de sus escamas y el sutil movimiento de su lengua explorando el entorno, mientras el fondo se desvanece en sombras. Más allá de su imponente belleza, la imagen es un testimonio de reconciliación entre el ser humano y la fauna silvestre, retratando a este incomprendido reptil no como una amenaza, sino como una protectora que regula con su presencia el latido y la salud de los ecosistemas colombianos.", "img_url": "https://upload.wikimedia.org/wikipedia/commons/4/46/Boa_constrictor_de_la_Orinoquia.jpg", "thumb_url": "https://commons.wikimedia.org/wiki/Special:FilePath/Boa%20constrictor%20de%20la%20Orinoquia.jpg?width=640", "commons_url": "https://commons.wikimedia.org/wiki/File:Boa_constrictor_de_la_Orinoquia.jpg", "map_url": "https://maps.google.com/?q=4.091467,-73.502273", "departamento": "Meta", "departamento_raw": "META", "region": "Orinoquía", "region_color": "#d97706"}}, {"type": "Feature", "geometry": {"type": "Point", "coordinates": [-74.87047, 5.86224]}, "properties": {"id": 261, "autor": "XimmoY", "nombre": "Boana boans 2026.jpg", "fecha": "2026-06-25 20:48:25", "desc": "Specimen of Boana boans on a branch near a stream in the Los Monos Agroforestry Reserve, Rio Claro, Antioquia.", "img_url": "https://upload.wikimedia.org/wikipedia/commons/7/72/Boana_boans_2026.jpg", "thumb_url": "https://commons.wikimedia.org/wiki/Special:FilePath/Boana%20boans%202026.jpg?width=640", "commons_url": "https://commons.wikimedia.org/wiki/File:Boana_boans_2026.jpg", "map_url": "https://maps.google.com/?q=5.862240,-74.870470", "departamento": "Antioquia", "departamento_raw": "ANTIOQUIA", "region": "Andina", "region_color": "#2563eb"}}, {"type": "Feature", "geometry": {"type": "Point", "coordinates": [-74.87047, 5.86224]}, "properties": {"id": 264, "autor": "XimmoY", "nombre": "Bolitoglossa lozanoi 2026-2.jpg", "fecha": "2026-06-30 19:00:15", "desc": "A specimen of Bolitoglossa lozanoi (Lozano's salamander) perched on the surface of a leaf at the Los Monos agroecological reserve, Rio Claro, Antioquia.", "img_url": "https://upload.wikimedia.org/wikipedia/commons/3/30/Bolitoglossa_lozanoi_2026-2.jpg", "thumb_url": "https://commons.wikimedia.org/wiki/Special:FilePath/Bolitoglossa%20lozanoi%202026-2.jpg?width=640", "commons_url": "https://commons.wikimedia.org/wiki/File:Bolitoglossa_lozanoi_2026-2.jpg", "map_url": "https://maps.google.com/?q=5.862240,-74.870470", "departamento": "Antioquia", "departamento_raw": "ANTIOQUIA", "region": "Andina", "region_color": "#2563eb"}}, {"type": "Feature", "geometry": {"type": "Point", "coordinates": [-74.87047, 5.86224]}, "properties": {"id": 265, "autor": "XimmoY", "nombre": "Bolitoglossa lozanoi 2026.jpg", "fecha": "2026-06-30 19:00:15", "desc": "A specimen of Bolitoglossa lozanoi (Lozano's salamander) perched on the surface of a leaf at the Los Monos agroecological reserve, Rio Claro, Antioquia.", "img_url": "https://upload.wikimedia.org/wikipedia/commons/b/ba/Bolitoglossa_lozanoi_2026.jpg", "thumb_url": "https://commons.wikimedia.org/wiki/Special:FilePath/Bolitoglossa%20lozanoi%202026.jpg?width=640", "commons_url": "https://commons.wikimedia.org/wiki/File:Bolitoglossa_lozanoi_2026.jpg", "map_url": "https://maps.google.com/?q=5.862240,-74.870470", "departamento": "Antioquia", "departamento_raw": "ANTIOQUIA", "region": "Andina", "region_color": "#2563eb"}}, {"type": "Feature", "geometry": {"type": "Point", "coordinates": [-74.063447, 4.59983]}, "properties": {"id": 266, "autor": "Diferoch", "nombre": "Bombus - Bogotá D. C., Colombia - 23 Aug 2025 - Diferoch - 1.jpg", "fecha": "2026-06-16 19:34:25", "desc": "Adult of unidentified Bombus observed in the campus of Universidad de los Andes in Bogotá D. C., Colombia.", "img_url": "https://upload.wikimedia.org/wikipedia/commons/7/74/Bombus_-_Bogot%C3%A1_D._C.%2C_Colombia_-_23_Aug_2025_-_Diferoch_-_1.jpg", "thumb_url": "https://commons.wikimedia.org/wiki/Special:FilePath/Bombus%20-%20Bogot%C3%A1%20D.%20C.%2C%20Colombia%20-%2023%20Aug%202025%20-%20Diferoch%20-%201.jpg?width=640", "commons_url": "https://commons.wikimedia.org/wiki/File:Bombus_-_Bogot%C3%A1_D._C.,_Colombia_-_23_Aug_2025_-_Diferoch_-_1.jpg", "map_url": "https://maps.google.com/?q=4.599830,-74.063447", "departamento": "Bogotá D.C.", "departamento_raw": "SANTAFE DE BOGOTA D.C", "region": "Andina", "region_color": "#2563eb"}}, {"type": "Feature", "geometry": {"type": "Point", "coordinates": [-74.064102, 4.60109]}, "properties": {"id": 267, "autor": "Diferoch", "nombre": "Bombus - Bogotá D. C., Colombia - 23 Aug 2025 - Diferoch - 2.jpg", "fecha": "2026-06-16 19:34:50", "desc": "Adult of unidentified Bombus observed in the campus of Universidad de los Andes in Bogotá D. C., Colombia.", "img_url": "https://upload.wikimedia.org/wikipedia/commons/2/2f/Bombus_-_Bogot%C3%A1_D._C.%2C_Colombia_-_23_Aug_2025_-_Diferoch_-_2.jpg", "thumb_url": "https://commons.wikimedia.org/wiki/Special:FilePath/Bombus%20-%20Bogot%C3%A1%20D.%20C.%2C%20Colombia%20-%2023%20Aug%202025%20-%20Diferoch%20-%202.jpg?width=640", "commons_url": "https://commons.wikimedia.org/wiki/File:Bombus_-_Bogot%C3%A1_D._C.,_Colombia_-_23_Aug_2025_-_Diferoch_-_2.jpg", "map_url": "https://maps.google.com/?q=4.601090,-74.064102", "departamento": "Bogotá D.C.", "departamento_raw": "SANTAFE DE BOGOTA D.C", "region": "Andina", "region_color": "#2563eb"}}, {"type": "Feature", "geometry": {"type": "Point", "coordinates": [-74.08291, 4.87337]}, "properties": {"id": 269, "autor": "Rodrigomacrophoto", "nombre": "Bombus hortulanus - Abejorro de los andes.jpg", "fecha": "2026-06-23 14:41:04", "desc": "Macho de Bombus hortalanus, individuo encontrado en el suelo, fotografiado en la zona montañosa de Chía, Cundinamarca.", "img_url": "https://upload.wikimedia.org/wikipedia/commons/e/ee/Bombus_hortulanus_-_Abejorro_de_los_andes.jpg", "thumb_url": "https://commons.wikimedia.org/wiki/Special:FilePath/Bombus%20hortulanus%20-%20Abejorro%20de%20los%20andes.jpg?width=640", "commons_url": "https://commons.wikimedia.org/wiki/File:Bombus_hortulanus_-_Abejorro_de_los_andes.jpg", "map_url": "https://maps.google.com/?q=4.873370,-74.082910", "departamento": "Cundinamarca", "departamento_raw": "CUNDINAMARCA", "region": "Andina", "region_color": "#2563eb"}}, {"type": "Feature", "geometry": {"type": "Point", "coordinates": [-73.3132, 5.3759]}, "properties": {"id": 270, "autor": "Supertita", "nombre": "Borago officinalis-medicinal herb.jpg", "fecha": "2026-06-19 14:37:13", "desc": "Borago officinalis-medicinal herb-starflower-Boraginaceae", "img_url": "https://upload.wikimedia.org/wikipedia/commons/a/a6/Borago_officinalis-medicinal_herb.jpg", "thumb_url": "https://commons.wikimedia.org/wiki/Special:FilePath/Borago%20officinalis-medicinal%20herb.jpg?width=640", "commons_url": "https://commons.wikimedia.org/wiki/File:Borago_officinalis-medicinal_herb.jpg", "map_url": "https://maps.google.com/?q=5.375900,-7.331320", "departamento": "Boyaca", "departamento_raw": "BOYACA", "region": "Andina", "region_color": "#2563eb"}}, {"type": "Feature", "geometry": {"type": "Point", "coordinates": [-74.318442, 4.980291]}, "properties": {"id": 271, "autor": "AmiGueko", "nombre": "Borrachero.jpg", "fecha": "2026-05-24 13:59:40", "desc": "Brugmansia", "img_url": "https://upload.wikimedia.org/wikipedia/commons/6/63/Borrachero.jpg", "thumb_url": "https://commons.wikimedia.org/wiki/Special:FilePath/Borrachero.jpg?width=640", "commons_url": "https://commons.wikimedia.org/wiki/File:Borrachero.jpg", "map_url": "https://maps.google.com/?q=4.980291,-74.318442", "departamento": "Cundinamarca", "departamento_raw": "CUNDINAMARCA", "region": "Andina", "region_color": "#2563eb"}}, {"type": "Feature", "geometry": {"type": "Point", "coordinates": [-74.290475, 4.966373]}, "properties": {"id": 272, "autor": "AmiGueko", "nombre": "Borrachero (30089).jpg", "fecha": "2026-05-24 13:59:49", "desc": "Brugmansia", "img_url": "https://upload.wikimedia.org/wikipedia/commons/6/66/Borrachero_%2830089%29.jpg", "thumb_url": "https://commons.wikimedia.org/wiki/Special:FilePath/Borrachero%20%2830089%29.jpg?width=640", "commons_url": "https://commons.wikimedia.org/wiki/File:Borrachero_(30089).jpg", "map_url": "https://maps.google.com/?q=4.966373,-74.290475", "departamento": "Cundinamarca", "departamento_raw": "CUNDINAMARCA", "region": "Andina", "region_color": "#2563eb"}}, {"type": "Feature", "geometry": {"type": "Point", "coordinates": [-75.549214, 4.322739]}, "properties": {"id": 281, "autor": "Tatiana Silva 17", "nombre": "Bosque de palma de cera.jpg", "fecha": "2026-05-05 13:29:37", "desc": "Wax palm forest", "img_url": "https://upload.wikimedia.org/wikipedia/commons/f/f6/Bosque_de_palma_de_cera.jpg", "thumb_url": "https://commons.wikimedia.org/wiki/Special:FilePath/Bosque%20de%20palma%20de%20cera.jpg?width=640", "commons_url": "https://commons.wikimedia.org/wiki/File:Bosque_de_palma_de_cera.jpg", "map_url": "https://maps.google.com/?q=4.322739,-75.549214", "departamento": "Tolima", "departamento_raw": "TOLIMA", "region": "Andina", "region_color": "#2563eb"}}, {"type": "Feature", "geometry": {"type": "Point", "coordinates": [-74.04463, 4.63743]}, "properties": {"id": 282, "autor": "Mfrancoavellaneda", "nombre": "Bosque de pinos quebrada La vieja.jpg", "fecha": "2026-06-30 17:04:28", "desc": "Bosque de pinos quebrada La Vieja", "img_url": "https://upload.wikimedia.org/wikipedia/commons/3/35/Bosque_de_pinos_quebrada_La_vieja.jpg", "thumb_url": "https://commons.wikimedia.org/wiki/Special:FilePath/Bosque%20de%20pinos%20quebrada%20La%20vieja.jpg?width=640", "commons_url": "https://commons.wikimedia.org/wiki/File:Bosque_de_pinos_quebrada_La_vieja.jpg", "map_url": "https://maps.google.com/?q=4.637430,-74.044630", "departamento": "Bogotá D.C.", "departamento_raw": "SANTAFE DE BOGOTA D.C", "region": "Andina", "region_color": "#2563eb"}}, {"type": "Feature", "geometry": {"type": "Point", "coordinates": [-75.540278, 10.425]}, "properties": {"id": 285, "autor": "Johannelob", "nombre": "Bosque encantado del FIRE.jpg", "fecha": "2026-06-27 16:20:18", "desc": "Contrariamente a lo que significa el fuego para las plantas en la institución han crecido durante años los arboles compartiendo vegetacion y fauna local", "img_url": "https://upload.wikimedia.org/wikipedia/commons/e/e1/Bosque_encantado_del_FIRE.jpg", "thumb_url": "https://commons.wikimedia.org/wiki/Special:FilePath/Bosque%20encantado%20del%20FIRE.jpg?width=640", "commons_url": "https://commons.wikimedia.org/wiki/File:Bosque_encantado_del_FIRE.jpg", "map_url": "https://maps.google.com/?q=10.425000,-75.540278", "departamento": "Bolivar", "departamento_raw": "BOLIVAR", "region": "Caribe", "region_color": "#0891b2"}}, {"type": "Feature", "geometry": {"type": "Point", "coordinates": [-76.112399, 1.663076]}, "properties": {"id": 292, "autor": "CHAVESJUAN19", "nombre": "Bosques de Robles.jpg", "fecha": "2026-06-30 18:52:06", "desc": "Picos de la Fragua", "img_url": "https://upload.wikimedia.org/wikipedia/commons/3/3d/Bosques_de_Robles.jpg", "thumb_url": "https://commons.wikimedia.org/wiki/Special:FilePath/Bosques%20de%20Robles.jpg?width=640", "commons_url": "https://commons.wikimedia.org/wiki/File:Bosques_de_Robles.jpg", "map_url": "https://maps.google.com/?q=1.663076,-76.112399", "departamento": "Huila", "departamento_raw": "HUILA", "region": "Andina", "region_color": "#2563eb"}}, {"type": "Feature", "geometry": {"type": "Point", "coordinates": [-76.65, 7.7667]}, "properties": {"id": 301, "autor": "XimmoY", "nombre": "Bradypus variegatus 2026.jpg", "fecha": "2026-06-30 22:45:28", "desc": "A Bradypus variegatus specimen at the Tulenapa Reserve, Antioquia. Its cryptic behavior and arboreal habits are characteristic of this mammal, which is essential to the region's rainforest ecosystems.", "img_url": "https://upload.wikimedia.org/wikipedia/commons/e/e9/Bradypus_variegatus_2026.jpg", "thumb_url": "https://commons.wikimedia.org/wiki/Special:FilePath/Bradypus%20variegatus%202026.jpg?width=640", "commons_url": "https://commons.wikimedia.org/wiki/File:Bradypus_variegatus_2026.jpg", "map_url": "https://maps.google.com/?q=7.766700,-76.650000", "departamento": "Antioquia", "departamento_raw": "ANTIOQUIA", "region": "Andina", "region_color": "#2563eb"}}, {"type": "Feature", "geometry": {"type": "Point", "coordinates": [-73.75284, 4.52799]}, "properties": {"id": 302, "autor": "Supertita", "nombre": "Breutelia pendula-moss-musgo.jpg", "fecha": "2026-06-19 16:58:34", "desc": "Breutelia pendula-moss-musgo", "img_url": "https://upload.wikimedia.org/wikipedia/commons/7/76/Breutelia_pendula-moss-musgo.jpg", "thumb_url": "https://commons.wikimedia.org/wiki/Special:FilePath/Breutelia%20pendula-moss-musgo.jpg?width=640", "commons_url": "https://commons.wikimedia.org/wiki/File:Breutelia_pendula-moss-musgo.jpg", "map_url": "https://maps.google.com/?q=4.527990,-73.752840", "departamento": "Cundinamarca", "departamento_raw": "CUNDINAMARCA", "region": "Andina", "region_color": "#2563eb"}}, {"type": "Feature", "geometry": {"type": "Point", "coordinates": [-73.945739, 4.648014]}, "properties": {"id": 306, "autor": "Nbareschu", "nombre": "Bromelia de paramo.jpg", "fecha": "2026-05-07 10:07:08", "desc": "Tillandsia turnery", "img_url": "https://upload.wikimedia.org/wikipedia/commons/4/44/Bromelia_de_paramo.jpg", "thumb_url": "https://commons.wikimedia.org/wiki/Special:FilePath/Bromelia%20de%20paramo.jpg?width=640", "commons_url": "https://commons.wikimedia.org/wiki/File:Bromelia_de_paramo.jpg", "map_url": "https://maps.google.com/?q=4.648014,-73.945739", "departamento": "Cundinamarca", "departamento_raw": "CUNDINAMARCA", "region": "Andina", "region_color": "#2563eb"}}, {"type": "Feature", "geometry": {"type": "Point", "coordinates": [-74.097702, 4.669437]}, "properties": {"id": 307, "autor": "NMontoya (WMCO)", "nombre": "Bromelia del género Nidularium.jpg", "fecha": "2026-06-18 19:23:04", "desc": "Bromelia del género Nidularium – familia Bromeliaceae.", "img_url": "https://upload.wikimedia.org/wikipedia/commons/5/5a/Bromelia_del_g%C3%A9nero_Nidularium.jpg", "thumb_url": "https://commons.wikimedia.org/wiki/Special:FilePath/Bromelia%20del%20g%C3%A9nero%20Nidularium.jpg?width=640", "commons_url": "https://commons.wikimedia.org/wiki/File:Bromelia_del_g%C3%A9nero_Nidularium.jpg", "map_url": "https://maps.google.com/?q=4.669437,-74.097702", "departamento": "Bogotá D.C.", "departamento_raw": "SANTAFE DE BOGOTA D.C", "region": "Andina", "region_color": "#2563eb"}}, {"type": "Feature", "geometry": {"type": "Point", "coordinates": [-74.099944, 4.66775]}, "properties": {"id": 308, "autor": "AmiGueko", "nombre": "Bromelia mayo 2026.jpg", "fecha": "2026-06-05 09:30:21", "desc": "Bromelia en Jardín Botánico de Bogotá", "img_url": "https://upload.wikimedia.org/wikipedia/commons/9/9b/Bromelia_mayo_2026.jpg", "thumb_url": "https://commons.wikimedia.org/wiki/Special:FilePath/Bromelia%20mayo%202026.jpg?width=640", "commons_url": "https://commons.wikimedia.org/wiki/File:Bromelia_mayo_2026.jpg", "map_url": "https://maps.google.com/?q=4.667750,-74.099944", "departamento": "Bogotá D.C.", "departamento_raw": "SANTAFE DE BOGOTA D.C", "region": "Andina", "region_color": "#2563eb"}}, {"type": "Feature", "geometry": {"type": "Point", "coordinates": [-73.75284, 4.52799]}, "properties": {"id": 311, "autor": "Supertita", "nombre": "Bromeliad plant-Bromeliad plant.jpg", "fecha": "2026-06-19 16:58:36", "desc": "Bromeliad plant-Bromeliad plant-Puya nitida-Puya trianae-Bromelias Epífitas", "img_url": "https://upload.wikimedia.org/wikipedia/commons/1/17/Bromeliad_plant-Bromeliad_plant.jpg", "thumb_url": "https://commons.wikimedia.org/wiki/Special:FilePath/Bromeliad%20plant-Bromeliad%20plant.jpg?width=640", "commons_url": "https://commons.wikimedia.org/wiki/File:Bromeliad_plant-Bromeliad_plant.jpg", "map_url": "https://maps.google.com/?q=4.527990,-73.752840", "departamento": "Cundinamarca", "departamento_raw": "CUNDINAMARCA", "region": "Andina", "region_color": "#2563eb"}}, {"type": "Feature", "geometry": {"type": "Point", "coordinates": [-75.064338, 4.90641]}, "properties": {"id": 312, "autor": "AmiGueko", "nombre": "Bromelias (24553).jpg", "fecha": "2026-05-24 13:40:13", "desc": "Bromelias", "img_url": "https://upload.wikimedia.org/wikipedia/commons/8/85/Bromelias_%2824553%29.jpg", "thumb_url": "https://commons.wikimedia.org/wiki/Special:FilePath/Bromelias%20%2824553%29.jpg?width=640", "commons_url": "https://commons.wikimedia.org/wiki/File:Bromelias_(24553).jpg", "map_url": "https://maps.google.com/?q=4.906410,-75.064338", "departamento": "Tolima", "departamento_raw": "TOLIMA", "region": "Andina", "region_color": "#2563eb"}}, {"type": "Feature", "geometry": {"type": "Point", "coordinates": [-74.869639, 4.940291]}, "properties": {"id": 313, "autor": "AmiGueko", "nombre": "Bromelias (70524).jpg", "fecha": "2026-05-24 13:39:45", "desc": "Bromelias", "img_url": "https://upload.wikimedia.org/wikipedia/commons/3/3f/Bromelias_%2870524%29.jpg", "thumb_url": "https://commons.wikimedia.org/wiki/Special:FilePath/Bromelias%20%2870524%29.jpg?width=640", "commons_url": "https://commons.wikimedia.org/wiki/File:Bromelias_(70524).jpg", "map_url": "https://maps.google.com/?q=4.940291,-74.869639", "departamento": "Tolima", "departamento_raw": "TOLIMA", "region": "Andina", "region_color": "#2563eb"}}, {"type": "Feature", "geometry": {"type": "Point", "coordinates": [-74.810261, 4.898919]}, "properties": {"id": 314, "autor": "AmiGueko", "nombre": "Bromelias (85952).jpg", "fecha": "2026-05-24 13:39:55", "desc": "Bromelias", "img_url": "https://upload.wikimedia.org/wikipedia/commons/8/81/Bromelias_%2885952%29.jpg", "thumb_url": "https://commons.wikimedia.org/wiki/Special:FilePath/Bromelias%20%2885952%29.jpg?width=640", "commons_url": "https://commons.wikimedia.org/wiki/File:Bromelias_(85952).jpg", "map_url": "https://maps.google.com/?q=4.898919,-74.810261", "departamento": "Tolima", "departamento_raw": "TOLIMA", "region": "Andina", "region_color": "#2563eb"}}, {"type": "Feature", "geometry": {"type": "Point", "coordinates": [-74.900263, 4.905542]}, "properties": {"id": 315, "autor": "AmiGueko", "nombre": "Bromelias (95822).jpg", "fecha": "2026-05-24 13:40:04", "desc": "Bromelias", "img_url": "https://upload.wikimedia.org/wikipedia/commons/1/13/Bromelias_%2895822%29.jpg", "thumb_url": "https://commons.wikimedia.org/wiki/Special:FilePath/Bromelias%20%2895822%29.jpg?width=640", "commons_url": "https://commons.wikimedia.org/wiki/File:Bromelias_(95822).jpg", "map_url": "https://maps.google.com/?q=4.905542,-74.900263", "departamento": "Tolima", "departamento_raw": "TOLIMA", "region": "Andina", "region_color": "#2563eb"}}, {"type": "Feature", "geometry": {"type": "Point", "coordinates": [-74.097702, 4.669437]}, "properties": {"id": 316, "autor": "NMontoya (WMCO)", "nombre": "Bromelias de tanque – Familia Bromeliaceae.jpg", "fecha": "2026-06-18 19:23:12", "desc": "Bromelias de tanque – Familia Bromeliaceae", "img_url": "https://upload.wikimedia.org/wikipedia/commons/6/6b/Bromelias_de_tanque_%E2%80%93_Familia_Bromeliaceae.jpg", "thumb_url": "https://commons.wikimedia.org/wiki/Special:FilePath/Bromelias%20de%20tanque%20%E2%80%93%20Familia%20Bromeliaceae.jpg?width=640", "commons_url": "https://commons.wikimedia.org/wiki/File:Bromelias_de_tanque_%E2%80%93_Familia_Bromeliaceae.jpg", "map_url": "https://maps.google.com/?q=4.669437,-74.097702", "departamento": "Bogotá D.C.", "departamento_raw": "SANTAFE DE BOGOTA D.C", "region": "Andina", "region_color": "#2563eb"}}, {"type": "Feature", "geometry": {"type": "Point", "coordinates": [-72.53127, 7.883198]}, "properties": {"id": 319, "autor": "Leo123qwerty", "nombre": "Brote de planta con clorosis o variegación.jpg", "fecha": "2026-06-28 18:38:11", "desc": "Vista en plano medio de un brote vegetal creciendo en un terreno abierto. Las hojas basales muestran una coloración verde sólida, mientras que las hojas superiores presentan un patrón moteado amarillento,", "img_url": "https://upload.wikimedia.org/wikipedia/commons/c/ce/Brote_de_planta_con_clorosis_o_variegaci%C3%B3n.jpg", "thumb_url": "https://commons.wikimedia.org/wiki/Special:FilePath/Brote%20de%20planta%20con%20clorosis%20o%20variegaci%C3%B3n.jpg?width=640", "commons_url": "https://commons.wikimedia.org/wiki/File:Brote_de_planta_con_clorosis_o_variegaci%C3%B3n.jpg", "map_url": "https://maps.google.com/?q=7.883198,-72.531270", "departamento": "Norte de Santander", "departamento_raw": "NORTE DE SANTANDER", "region": "Andina", "region_color": "#2563eb"}}, {"type": "Feature", "geometry": {"type": "Point", "coordinates": [-74.099944, 4.66775]}, "properties": {"id": 320, "autor": "NMontoya (WMCO)", "nombre": "Brote en hoja simple - Genero Triplaris.jpg", "fecha": "2026-06-04 19:21:32", "desc": "Triplaris", "img_url": "https://upload.wikimedia.org/wikipedia/commons/2/25/Brote_en_hoja_simple_-_Genero_Triplaris.jpg", "thumb_url": "https://commons.wikimedia.org/wiki/Special:FilePath/Brote%20en%20hoja%20simple%20-%20Genero%20Triplaris.jpg?width=640", "commons_url": "https://commons.wikimedia.org/wiki/File:Brote_en_hoja_simple_-_Genero_Triplaris.jpg", "map_url": "https://maps.google.com/?q=4.667750,-74.099944", "departamento": "Bogotá D.C.", "departamento_raw": "SANTAFE DE BOGOTA D.C", "region": "Andina", "region_color": "#2563eb"}}, {"type": "Feature", "geometry": {"type": "Point", "coordinates": [-75.44, 5.07]}, "properties": {"id": 322, "autor": "Charlesjsharp", "nombre": "Brown-banded antpitta (Grallaria milleri) Caldas 2.jpg", "fecha": "2026-05-29 14:48:19", "desc": "Brown-banded antpitta ( Grallaria milleri ), Reserva Ecologica Rio Blanco, Manizales, Caldas, Colombia", "img_url": "https://upload.wikimedia.org/wikipedia/commons/4/44/Brown-banded_antpitta_%28Grallaria_milleri%29_Caldas_2.jpg", "thumb_url": "https://commons.wikimedia.org/wiki/Special:FilePath/Brown-banded%20antpitta%20%28Grallaria%20milleri%29%20Caldas%202.jpg?width=640", "commons_url": "https://commons.wikimedia.org/wiki/File:Brown-banded_antpitta_(Grallaria_milleri)_Caldas_2.jpg", "map_url": "https://maps.google.com/?q=5.070000,-75.440000", "departamento": "Caldas", "departamento_raw": "CALDAS", "region": "Andina", "region_color": "#2563eb"}}, {"type": "Feature", "geometry": {"type": "Point", "coordinates": [-76.102569, 1.615202]}, "properties": {"id": 327, "autor": "CHAVESJUAN19", "nombre": "Buscando amor - PNN Cueva de los Guacharos (PRIMER PLANO).jpg", "fecha": "2026-06-30 23:05:29", "desc": "Gallito de roca / Ave nativa de la region Andino-Amazonica.", "img_url": "https://upload.wikimedia.org/wikipedia/commons/9/96/Buscando_amor_-_PNN_Cueva_de_los_Guacharos_%28PRIMER_PLANO%29.jpg", "thumb_url": "https://commons.wikimedia.org/wiki/Special:FilePath/Buscando%20amor%20-%20PNN%20Cueva%20de%20los%20Guacharos%20%28PRIMER%20PLANO%29.jpg?width=640", "commons_url": "https://commons.wikimedia.org/wiki/File:Buscando_amor_-_PNN_Cueva_de_los_Guacharos_(PRIMER_PLANO).jpg", "map_url": "https://maps.google.com/?q=1.615202,-76.102569", "departamento": "Huila", "departamento_raw": "HUILA", "region": "Andina", "region_color": "#2563eb"}}, {"type": "Feature", "geometry": {"type": "Point", "coordinates": [-74.061, 4.69]}, "properties": {"id": 344, "autor": "Romauribe", "nombre": "Cactus blanco, Colombia.jpg", "fecha": "2026-06-07 09:54:31", "desc": "White cactus, commonly called Nopalillo. Bogotá, Colombia", "img_url": "https://upload.wikimedia.org/wikipedia/commons/5/50/Cactus_blanco%2C_Colombia.jpg", "thumb_url": "https://commons.wikimedia.org/wiki/Special:FilePath/Cactus%20blanco%2C%20Colombia.jpg?width=640", "commons_url": "https://commons.wikimedia.org/wiki/File:Cactus_blanco,_Colombia.jpg", "map_url": "https://maps.google.com/?q=4.690000,-74.061000", "departamento": "Bogotá D.C.", "departamento_raw": "SANTAFE DE BOGOTA D.C", "region": "Andina", "region_color": "#2563eb"}}, {"type": "Feature", "geometry": {"type": "Point", "coordinates": [-75.118296, 3.237648]}, "properties": {"id": 345, "autor": "Cathetovar", "nombre": "Cactus cabecinegro en Los Hoyos.jpg", "fecha": "2026-06-22 18:44:09", "desc": "Los Hoyos sector, Tatacoa Desert (Huila, Colombia). A specimen of *Melocactus curvispinus* (black-headed cactus) with its reddish cephalium, growing in front of the imposing dry-mud canyons that define this section of tropical dry forest.", "img_url": "https://upload.wikimedia.org/wikipedia/commons/e/e8/Cactus_cabecinegro_en_Los_Hoyos.jpg", "thumb_url": "https://commons.wikimedia.org/wiki/Special:FilePath/Cactus%20cabecinegro%20en%20Los%20Hoyos.jpg?width=640", "commons_url": "https://commons.wikimedia.org/wiki/File:Cactus_cabecinegro_en_Los_Hoyos.jpg", "map_url": "https://maps.google.com/?q=3.237648,-75.118296", "departamento": "Huila", "departamento_raw": "HUILA", "region": "Andina", "region_color": "#2563eb"}}, {"type": "Feature", "geometry": {"type": "Point", "coordinates": [-73.88, 4.84]}, "properties": {"id": 347, "autor": "Romauribe", "nombre": "Cactus orquidea, Colombia.jpg", "fecha": "2026-06-07 10:02:14", "desc": "Royal orchid prickly pear cactus or Disocactus ackermannii, Cundinamarca, Colombia", "img_url": "https://upload.wikimedia.org/wikipedia/commons/d/d4/Cactus_orquidea%2C_Colombia.jpg", "thumb_url": "https://commons.wikimedia.org/wiki/Special:FilePath/Cactus%20orquidea%2C%20Colombia.jpg?width=640", "commons_url": "https://commons.wikimedia.org/wiki/File:Cactus_orquidea,_Colombia.jpg", "map_url": "https://maps.google.com/?q=4.840000,-73.880000", "departamento": "Cundinamarca", "departamento_raw": "CUNDINAMARCA", "region": "Andina", "region_color": "#2563eb"}}, {"type": "Feature", "geometry": {"type": "Point", "coordinates": [-76.179847, 9.134017]}, "properties": {"id": 351, "autor": "Nbareschu", "nombre": "Caimán en el lago de las garzas.jpg", "fecha": "2026-05-07 10:06:31", "desc": "Caiman pequeño en el lago de las garzas , reserva viento solar.", "img_url": "https://upload.wikimedia.org/wikipedia/commons/9/96/Caim%C3%A1n_en_el_lago_de_las_garzas.jpg", "thumb_url": "https://commons.wikimedia.org/wiki/Special:FilePath/Caim%C3%A1n%20en%20el%20lago%20de%20las%20garzas.jpg?width=640", "commons_url": "https://commons.wikimedia.org/wiki/File:Caim%C3%A1n_en_el_lago_de_las_garzas.jpg", "map_url": "https://maps.google.com/?q=9.134017,-76.179847", "departamento": "Cordoba", "departamento_raw": "CORDOBA", "region": "Caribe", "region_color": "#0891b2"}}, {"type": "Feature", "geometry": {"type": "Point", "coordinates": [-74.904481, 5.572411]}, "properties": {"id": 355, "autor": "JJCL09", "nombre": "Caldas.jpg", "fecha": "2026-05-05 21:09:16", "desc": "Land of the richness", "img_url": "https://upload.wikimedia.org/wikipedia/commons/5/57/Caldas.jpg", "thumb_url": "https://commons.wikimedia.org/wiki/Special:FilePath/Caldas.jpg?width=640", "commons_url": "https://commons.wikimedia.org/wiki/File:Caldas.jpg", "map_url": "https://maps.google.com/?q=5.572411,-74.904481", "departamento": "Caldas", "departamento_raw": "CALDAS", "region": "Andina", "region_color": "#2563eb"}}, {"type": "Feature", "geometry": {"type": "Point", "coordinates": [-75.02709, 4.960986]}, "properties": {"id": 358, "autor": "AmiGueko", "nombre": "Callystemon.jpg", "fecha": "2026-05-24 13:11:49", "desc": "Callystemon", "img_url": "https://upload.wikimedia.org/wikipedia/commons/f/f2/Callystemon.jpg", "thumb_url": "https://commons.wikimedia.org/wiki/Special:FilePath/Callystemon.jpg?width=640", "commons_url": "https://commons.wikimedia.org/wiki/File:Callystemon.jpg", "map_url": "https://maps.google.com/?q=4.960986,-75.027090", "departamento": "Tolima", "departamento_raw": "TOLIMA", "region": "Andina", "region_color": "#2563eb"}}, {"type": "Feature", "geometry": {"type": "Point", "coordinates": [-74.401208, 4.820536]}, "properties": {"id": 359, "autor": "Nbareschu", "nombre": "Calzón de búho.jpg", "fecha": "2026-05-07 10:06:34", "desc": "Calzón de búho nombre común de una kholeria que aman los murciélagos", "img_url": "https://upload.wikimedia.org/wikipedia/commons/0/0a/Calz%C3%B3n_de_b%C3%BAho.jpg", "thumb_url": "https://commons.wikimedia.org/wiki/Special:FilePath/Calz%C3%B3n%20de%20b%C3%BAho.jpg?width=640", "commons_url": "https://commons.wikimedia.org/wiki/File:Calz%C3%B3n_de_b%C3%BAho.jpg", "map_url": "https://maps.google.com/?q=4.820536,-74.401208", "departamento": "Cundinamarca", "departamento_raw": "CUNDINAMARCA", "region": "Andina", "region_color": "#2563eb"}}, {"type": "Feature", "geometry": {"type": "Point", "coordinates": [-73.756218, 7.096003]}, "properties": {"id": 368, "autor": "Diferoch", "nombre": "Campylorhynchus griseus bicolor - Barrancabermeja, Santander, Colombia - 14 Jun 2026 - Diferoch.jpg", "fecha": "2026-05-31 18:17:44", "desc": "Individual of Campylorhynchus griseus bicolor observed in Barrancabermeja, Santander, Colombia.", "img_url": "https://upload.wikimedia.org/wikipedia/commons/f/f9/Campylorhynchus_griseus_bicolor_-_Barrancabermeja%2C_Santander%2C_Colombia_-_14_Jun_2026_-_Diferoch.jpg", "thumb_url": "https://commons.wikimedia.org/wiki/Special:FilePath/Campylorhynchus%20griseus%20bicolor%20-%20Barrancabermeja%2C%20Santander%2C%20Colombia%20-%2014%20Jun%202026%20-%20Diferoch.jpg?width=640", "commons_url": "https://commons.wikimedia.org/wiki/File:Campylorhynchus_griseus_bicolor_-_Barrancabermeja,_Santander,_Colombia_-_14_Jun_2026_-_Diferoch.jpg", "map_url": "https://maps.google.com/?q=7.096003,-73.756218", "departamento": "Santander", "departamento_raw": "SANTANDER", "region": "Andina", "region_color": "#2563eb"}}, {"type": "Feature", "geometry": {"type": "Point", "coordinates": [-73.936915, 11.308901]}, "properties": {"id": 373, "autor": "Overlabor5010", "nombre": "Capuchin Monkey in Tayrona National Park.jpg", "fecha": "2026-05-19 21:46:37", "desc": "Small monkey lying on its belly on a tree branch.", "img_url": "https://upload.wikimedia.org/wikipedia/commons/2/2c/Capuchin_Monkey_in_Tayrona_National_Park.jpg", "thumb_url": "https://commons.wikimedia.org/wiki/Special:FilePath/Capuchin%20Monkey%20in%20Tayrona%20National%20Park.jpg?width=640", "commons_url": "https://commons.wikimedia.org/wiki/File:Capuchin_Monkey_in_Tayrona_National_Park.jpg", "map_url": "https://maps.google.com/?q=11.308901,-73.936915", "departamento": "Magdalena", "departamento_raw": "MAGDALENA", "region": "Caribe", "region_color": "#0891b2"}}, {"type": "Feature", "geometry": {"type": "Point", "coordinates": [-74.53792, 4.51316]}, "properties": {"id": 375, "autor": "Supertita", "nombre": "Caracara chimachima (Daptrius chimachima).jpg", "fecha": "2026-06-18 21:43:41", "desc": "Daptrius chimachima - Caracara chimachima - caricare sabanero, pigua - halcón rapaz", "img_url": "https://upload.wikimedia.org/wikipedia/commons/3/34/Caracara_chimachima_%28Daptrius_chimachima%29.jpg", "thumb_url": "https://commons.wikimedia.org/wiki/Special:FilePath/Caracara%20chimachima%20%28Daptrius%20chimachima%29.jpg?width=640", "commons_url": "https://commons.wikimedia.org/wiki/File:Caracara_chimachima_(Daptrius_chimachima).jpg", "map_url": "https://maps.google.com/?q=4.513160,-74.537920", "departamento": "Cundinamarca", "departamento_raw": "CUNDINAMARCA", "region": "Andina", "region_color": "#2563eb"}}, {"type": "Feature", "geometry": {"type": "Point", "coordinates": [-74.376092, 4.867486]}, "properties": {"id": 380, "autor": "Nbareschu", "nombre": "Caracol diminuto.jpg", "fecha": "2026-05-07 10:06:52", "desc": "Caracol diminuto", "img_url": "https://upload.wikimedia.org/wikipedia/commons/8/83/Caracol_diminuto.jpg", "thumb_url": "https://commons.wikimedia.org/wiki/Special:FilePath/Caracol%20diminuto.jpg?width=640", "commons_url": "https://commons.wikimedia.org/wiki/File:Caracol_diminuto.jpg", "map_url": "https://maps.google.com/?q=4.867486,-74.376092", "departamento": "Cundinamarca", "departamento_raw": "CUNDINAMARCA", "region": "Andina", "region_color": "#2563eb"}}, {"type": "Feature", "geometry": {"type": "Point", "coordinates": [-75.5, 4.6667]}, "properties": {"id": 381, "autor": "AmiGueko", "nombre": "Caracol junio 2025 1.jpg", "fecha": "2026-06-30 19:35:16", "desc": "caracol", "img_url": "https://upload.wikimedia.org/wikipedia/commons/f/f8/Caracol_junio_2025_1.jpg", "thumb_url": "https://commons.wikimedia.org/wiki/Special:FilePath/Caracol%20junio%202025%201.jpg?width=640", "commons_url": "https://commons.wikimedia.org/wiki/File:Caracol_junio_2025_1.jpg", "map_url": "https://maps.google.com/?q=4.666700,-75.500000", "departamento": "Quindio", "departamento_raw": "QUINDIO", "region": "Andina", "region_color": "#2563eb"}}, {"type": "Feature", "geometry": {"type": "Point", "coordinates": [-73.965653, 4.54601]}, "properties": {"id": 383, "autor": "Sophy Martinez", "nombre": "Cardón de páramo (Puya sp.).jpg", "fecha": "2026-06-29 01:40:02", "desc": "Cardón (Puya sp.), un guardián de hojas espinosas observado en el Páramo de Cruz Verde, al suroriente de Bogotá.", "img_url": "https://upload.wikimedia.org/wikipedia/commons/d/d6/Card%C3%B3n_de_p%C3%A1ramo_%28Puya_sp.%29.jpg", "thumb_url": "https://commons.wikimedia.org/wiki/Special:FilePath/Card%C3%B3n%20de%20p%C3%A1ramo%20%28Puya%20sp.%29.jpg?width=640", "commons_url": "https://commons.wikimedia.org/wiki/File:Card%C3%B3n_de_p%C3%A1ramo_(Puya_sp.).jpg", "map_url": "https://maps.google.com/?q=4.546010,-73.965653", "departamento": "Cundinamarca", "departamento_raw": "CUNDINAMARCA", "region": "Andina", "region_color": "#2563eb"}}, {"type": "Feature", "geometry": {"type": "Point", "coordinates": [-76.5569, 3.5611]}, "properties": {"id": 385, "autor": "NicolleTorresG", "nombre": "Carpintero Bellotero - Melanerpes formicivorus.jpg", "fecha": "2026-06-26 22:31:57", "desc": "Esta especie es conocida por ser sociable, por anidar en árboles o ramas secas y almacenar cientos de bellotas en árboles que utiliza como graneros naturales, desempeñando un importante papel en la dinámica del bosque.", "img_url": "https://upload.wikimedia.org/wikipedia/commons/7/7c/Carpintero_Bellotero_-_Melanerpes_formicivorus.jpg", "thumb_url": "https://commons.wikimedia.org/wiki/Special:FilePath/Carpintero%20Bellotero%20-%20Melanerpes%20formicivorus.jpg?width=640", "commons_url": "https://commons.wikimedia.org/wiki/File:Carpintero_Bellotero_-_Melanerpes_formicivorus.jpg", "map_url": "https://maps.google.com/?q=3.561100,-76.556900", "departamento": "Valle del Cauca", "departamento_raw": "VALLE DEL CAUCA", "region": "Pacífica", "region_color": "#059669"}}, {"type": "Feature", "geometry": {"type": "Point", "coordinates": [-74.065745, 11.306367]}, "properties": {"id": 386, "autor": "ZulayMR", "nombre": "Carpintero en casa.jpg", "fecha": "2026-06-28 16:53:25", "desc": "Pájaro carpintero llevando alimento a su casa en una palma.", "img_url": "https://upload.wikimedia.org/wikipedia/commons/0/0b/Carpintero_en_casa.jpg", "thumb_url": "https://commons.wikimedia.org/wiki/Special:FilePath/Carpintero%20en%20casa.jpg?width=640", "commons_url": "https://commons.wikimedia.org/wiki/File:Carpintero_en_casa.jpg", "map_url": "https://maps.google.com/?q=11.306367,-74.065745", "departamento": "Magdalena", "departamento_raw": "MAGDALENA", "region": "Caribe", "region_color": "#0891b2"}}, {"type": "Feature", "geometry": {"type": "Point", "coordinates": [-75.5, 4.6667]}, "properties": {"id": 388, "autor": "AmiGueko", "nombre": "Carriquí verdeamarillo junio 2025.jpg", "fecha": "2026-06-30 19:35:32", "desc": "Observé un comportamiento muy interesante y es que cuando se reflejaba en un vidrio reflectante, parecía que identificara a un compañero o compañera y trataba de \"seducirlo\", con un canto y baile particular.", "img_url": "https://upload.wikimedia.org/wikipedia/commons/e/e3/Carriqu%C3%AD_verdeamarillo_junio_2025.jpg", "thumb_url": "https://commons.wikimedia.org/wiki/Special:FilePath/Carriqu%C3%AD%20verdeamarillo%20junio%202025.jpg?width=640", "commons_url": "https://commons.wikimedia.org/wiki/File:Carriqu%C3%AD_verdeamarillo_junio_2025.jpg", "map_url": "https://maps.google.com/?q=4.666700,-75.500000", "departamento": "Quindio", "departamento_raw": "QUINDIO", "region": "Andina", "region_color": "#2563eb"}}, {"type": "Feature", "geometry": {"type": "Point", "coordinates": [-75.5, 4.6667]}, "properties": {"id": 389, "autor": "AmiGueko", "nombre": "Carriquí verdeamarillo junio 2025 1.jpg", "fecha": "2026-06-30 19:35:32", "desc": "Observé un comportamiento muy interesante y es que cuando se reflejaba en un vidrio reflectante, parecía que identificara a un compañero o compañera y trataba de \"seducirlo\", con un canto y baile particular.", "img_url": "https://upload.wikimedia.org/wikipedia/commons/1/16/Carriqu%C3%AD_verdeamarillo_junio_2025_1.jpg", "thumb_url": "https://commons.wikimedia.org/wiki/Special:FilePath/Carriqu%C3%AD%20verdeamarillo%20junio%202025%201.jpg?width=640", "commons_url": "https://commons.wikimedia.org/wiki/File:Carriqu%C3%AD_verdeamarillo_junio_2025_1.jpg", "map_url": "https://maps.google.com/?q=4.666700,-75.500000", "departamento": "Quindio", "departamento_raw": "QUINDIO", "region": "Andina", "region_color": "#2563eb"}}, {"type": "Feature", "geometry": {"type": "Point", "coordinates": [-75.542599, 4.625208]}, "properties": {"id": 390, "autor": "AmiGueko", "nombre": "Carriquí verdiamarillo.jpg", "fecha": "2026-06-30 19:47:53", "desc": "(cyanocorax yncas) es una especie de ave de la familia Corvidae. La observación de ese día mostró que al reflejarse en un vidrio reflectante, este pájaro se \"confundía\" con otro compañero o compañera y trataba de seducirle, cantando y bailando de manera particular", "img_url": "https://upload.wikimedia.org/wikipedia/commons/5/53/Carriqu%C3%AD_verdiamarillo.jpg", "thumb_url": "https://commons.wikimedia.org/wiki/Special:FilePath/Carriqu%C3%AD%20verdiamarillo.jpg?width=640", "commons_url": "https://commons.wikimedia.org/wiki/File:Carriqu%C3%AD_verdiamarillo.jpg", "map_url": "https://maps.google.com/?q=4.625208,-75.542599", "departamento": "Quindio", "departamento_raw": "QUINDIO", "region": "Andina", "region_color": "#2563eb"}}, {"type": "Feature", "geometry": {"type": "Point", "coordinates": [-75.562209, 4.639299]}, "properties": {"id": 391, "autor": "AmiGueko", "nombre": "Carriquí verdiamarillo (30052).jpg", "fecha": "2026-06-30 19:48:09", "desc": "(cyanocorax yncas) es una especie de ave de la familia Corvidae. La observación de ese día mostró que al reflejarse en un vidrio reflectante, este pájaro se \"confundía\" con otro compañero o compañera y trataba de seducirle, cantando y bailando de manera particular", "img_url": "https://upload.wikimedia.org/wikipedia/commons/e/e2/Carriqu%C3%AD_verdiamarillo_%2830052%29.jpg", "thumb_url": "https://commons.wikimedia.org/wiki/Special:FilePath/Carriqu%C3%AD%20verdiamarillo%20%2830052%29.jpg?width=640", "commons_url": "https://commons.wikimedia.org/wiki/File:Carriqu%C3%AD_verdiamarillo_(30052).jpg", "map_url": "https://maps.google.com/?q=4.639299,-75.562209", "departamento": "Quindio", "departamento_raw": "QUINDIO", "region": "Andina", "region_color": "#2563eb"}}, {"type": "Feature", "geometry": {"type": "Point", "coordinates": [-75.564658, 4.634831]}, "properties": {"id": 392, "autor": "AmiGueko", "nombre": "Carriquí verdiamarillo (64601).jpg", "fecha": "2026-06-30 19:48:19", "desc": "(cyanocorax yncas) es una especie de ave de la familia Corvidae. La observación de ese día mostró que al reflejarse en un vidrio reflectante, este pájaro se \"confundía\" con otro compañero o compañera y trataba de seducirle, cantando y bailando de manera particular", "img_url": "https://upload.wikimedia.org/wikipedia/commons/d/d1/Carriqu%C3%AD_verdiamarillo_%2864601%29.jpg", "thumb_url": "https://commons.wikimedia.org/wiki/Special:FilePath/Carriqu%C3%AD%20verdiamarillo%20%2864601%29.jpg?width=640", "commons_url": "https://commons.wikimedia.org/wiki/File:Carriqu%C3%AD_verdiamarillo_(64601).jpg", "map_url": "https://maps.google.com/?q=4.634831,-75.564658", "departamento": "Quindio", "departamento_raw": "QUINDIO", "region": "Andina", "region_color": "#2563eb"}}, {"type": "Feature", "geometry": {"type": "Point", "coordinates": [-74.992323, 4.987514]}, "properties": {"id": 395, "autor": "AmiGueko", "nombre": "Cartuchos (23466).jpg", "fecha": "2026-05-24 13:37:36", "desc": "Cartuchos", "img_url": "https://upload.wikimedia.org/wikipedia/commons/a/a4/Cartuchos_%2823466%29.jpg", "thumb_url": "https://commons.wikimedia.org/wiki/Special:FilePath/Cartuchos%20%2823466%29.jpg?width=640", "commons_url": "https://commons.wikimedia.org/wiki/File:Cartuchos_(23466).jpg", "map_url": "https://maps.google.com/?q=4.987514,-74.992323", "departamento": "Tolima", "departamento_raw": "TOLIMA", "region": "Andina", "region_color": "#2563eb"}}, {"type": "Feature", "geometry": {"type": "Point", "coordinates": [-75.447503, 5.038751]}, "properties": {"id": 396, "autor": "AmiGueko", "nombre": "Cartuchos (25984).jpg", "fecha": "2026-05-24 13:37:45", "desc": "Cartuchos", "img_url": "https://upload.wikimedia.org/wikipedia/commons/c/c5/Cartuchos_%2825984%29.jpg", "thumb_url": "https://commons.wikimedia.org/wiki/Special:FilePath/Cartuchos%20%2825984%29.jpg?width=640", "commons_url": "https://commons.wikimedia.org/wiki/File:Cartuchos_(25984).jpg", "map_url": "https://maps.google.com/?q=5.038751,-75.447503", "departamento": "Caldas", "departamento_raw": "CALDAS", "region": "Andina", "region_color": "#2563eb"}}, {"type": "Feature", "geometry": {"type": "Point", "coordinates": [-75.223621, 4.906215]}, "properties": {"id": 397, "autor": "AmiGueko", "nombre": "Cartuchos (38939).jpg", "fecha": "2026-05-24 13:36:37", "desc": "Cartuchos", "img_url": "https://upload.wikimedia.org/wikipedia/commons/d/d3/Cartuchos_%2838939%29.jpg", "thumb_url": "https://commons.wikimedia.org/wiki/Special:FilePath/Cartuchos%20%2838939%29.jpg?width=640", "commons_url": "https://commons.wikimedia.org/wiki/File:Cartuchos_(38939).jpg", "map_url": "https://maps.google.com/?q=4.906215,-75.223621", "departamento": "Tolima", "departamento_raw": "TOLIMA", "region": "Andina", "region_color": "#2563eb"}}, {"type": "Feature", "geometry": {"type": "Point", "coordinates": [-75.077572, 4.932381]}, "properties": {"id": 398, "autor": "AmiGueko", "nombre": "Cartuchos (51416).jpg", "fecha": "2026-05-24 13:37:27", "desc": "Cartuchos", "img_url": "https://upload.wikimedia.org/wikipedia/commons/f/f1/Cartuchos_%2851416%29.jpg", "thumb_url": "https://commons.wikimedia.org/wiki/Special:FilePath/Cartuchos%20%2851416%29.jpg?width=640", "commons_url": "https://commons.wikimedia.org/wiki/File:Cartuchos_(51416).jpg", "map_url": "https://maps.google.com/?q=4.932381,-75.077572", "departamento": "Tolima", "departamento_raw": "TOLIMA", "region": "Andina", "region_color": "#2563eb"}}, {"type": "Feature", "geometry": {"type": "Point", "coordinates": [-75.296447, 4.934326]}, "properties": {"id": 399, "autor": "AmiGueko", "nombre": "Cartuchos (67545).jpg", "fecha": "2026-05-24 13:37:04", "desc": "Cartuchos", "img_url": "https://upload.wikimedia.org/wikipedia/commons/8/86/Cartuchos_%2867545%29.jpg", "thumb_url": "https://commons.wikimedia.org/wiki/Special:FilePath/Cartuchos%20%2867545%29.jpg?width=640", "commons_url": "https://commons.wikimedia.org/wiki/File:Cartuchos_(67545).jpg", "map_url": "https://maps.google.com/?q=4.934326,-75.296447", "departamento": "Tolima", "departamento_raw": "TOLIMA", "region": "Andina", "region_color": "#2563eb"}}, {"type": "Feature", "geometry": {"type": "Point", "coordinates": [-75.348129, 4.978368]}, "properties": {"id": 400, "autor": "AmiGueko", "nombre": "Cartuchos (71991).jpg", "fecha": "2026-05-24 13:36:55", "desc": "Cartuchos", "img_url": "https://upload.wikimedia.org/wikipedia/commons/a/a0/Cartuchos_%2871991%29.jpg", "thumb_url": "https://commons.wikimedia.org/wiki/Special:FilePath/Cartuchos%20%2871991%29.jpg?width=640", "commons_url": "https://commons.wikimedia.org/wiki/File:Cartuchos_(71991).jpg", "map_url": "https://maps.google.com/?q=4.978368,-75.348129", "departamento": "Tolima", "departamento_raw": "TOLIMA", "region": "Andina", "region_color": "#2563eb"}}, {"type": "Feature", "geometry": {"type": "Point", "coordinates": [-74.913422, 4.920387]}, "properties": {"id": 401, "autor": "AmiGueko", "nombre": "Cartuchos cola de marrano.jpg", "fecha": "2026-05-24 13:36:45", "desc": "Cartuchos cola de marrano", "img_url": "https://upload.wikimedia.org/wikipedia/commons/e/e9/Cartuchos_cola_de_marrano.jpg", "thumb_url": "https://commons.wikimedia.org/wiki/Special:FilePath/Cartuchos%20cola%20de%20marrano.jpg?width=640", "commons_url": "https://commons.wikimedia.org/wiki/File:Cartuchos_cola_de_marrano.jpg", "map_url": "https://maps.google.com/?q=4.920387,-74.913422", "departamento": "Tolima", "departamento_raw": "TOLIMA", "region": "Andina", "region_color": "#2563eb"}}, {"type": "Feature", "geometry": {"type": "Point", "coordinates": [-73.75284, 4.52799]}, "properties": {"id": 402, "autor": "Supertita", "nombre": "Cascada-PARQUE NACIONAL NATURAL CHINGAZA.jpg", "fecha": "2026-06-19 16:58:36", "desc": "Cascada-PARQUE NACIONAL NATURAL CHINGAZA", "img_url": "https://upload.wikimedia.org/wikipedia/commons/9/99/Cascada-PARQUE_NACIONAL_NATURAL_CHINGAZA.jpg", "thumb_url": "https://commons.wikimedia.org/wiki/Special:FilePath/Cascada-PARQUE%20NACIONAL%20NATURAL%20CHINGAZA.jpg?width=640", "commons_url": "https://commons.wikimedia.org/wiki/File:Cascada-PARQUE_NACIONAL_NATURAL_CHINGAZA.jpg", "map_url": "https://maps.google.com/?q=4.527990,-73.752840", "departamento": "Cundinamarca", "departamento_raw": "CUNDINAMARCA", "region": "Andina", "region_color": "#2563eb"}}, {"type": "Feature", "geometry": {"type": "Point", "coordinates": [-73.957806, 4.59567]}, "properties": {"id": 404, "autor": "Seacowatee", "nombre": "Cascada La Chorrera in the distance.jpg", "fecha": "2026-06-24 10:21:54", "desc": "The waterfall Cascada La Chorrera (the tallest in Colombia) through the leaves, in Parque La Chorrera", "img_url": "https://upload.wikimedia.org/wikipedia/commons/a/af/Cascada_La_Chorrera_in_the_distance.jpg", "thumb_url": "https://commons.wikimedia.org/wiki/Special:FilePath/Cascada%20La%20Chorrera%20in%20the%20distance.jpg?width=640", "commons_url": "https://commons.wikimedia.org/wiki/File:Cascada_La_Chorrera_in_the_distance.jpg", "map_url": "https://maps.google.com/?q=4.595670,-73.957806", "departamento": "Cundinamarca", "departamento_raw": "CUNDINAMARCA", "region": "Andina", "region_color": "#2563eb"}}, {"type": "Feature", "geometry": {"type": "Point", "coordinates": [-73.832821, 4.840625]}, "properties": {"id": 407, "autor": "Estudiante0001", "nombre": "Cascada en Guasca.jpg", "fecha": "2026-05-21 13:20:10", "desc": "Paisaje de un rio en Guasca - La Reserva El Zoque", "img_url": "https://upload.wikimedia.org/wikipedia/commons/2/26/Cascada_en_Guasca.jpg", "thumb_url": "https://commons.wikimedia.org/wiki/Special:FilePath/Cascada%20en%20Guasca.jpg?width=640", "commons_url": "https://commons.wikimedia.org/wiki/File:Cascada_en_Guasca.jpg", "map_url": "https://maps.google.com/?q=4.840625,-73.832821", "departamento": "Cundinamarca", "departamento_raw": "CUNDINAMARCA", "region": "Andina", "region_color": "#2563eb"}}, {"type": "Feature", "geometry": {"type": "Point", "coordinates": [-73.832826, 4.840558]}, "properties": {"id": 408, "autor": "Estudiante0001", "nombre": "Cascada en Guasca - La Reserva El Zoque.jpg", "fecha": "2026-05-21 13:20:12", "desc": "Paisaje de un rio en Guasca - La Reserva El Zoque", "img_url": "https://upload.wikimedia.org/wikipedia/commons/9/96/Cascada_en_Guasca_-_La_Reserva_El_Zoque.jpg", "thumb_url": "https://commons.wikimedia.org/wiki/Special:FilePath/Cascada%20en%20Guasca%20-%20La%20Reserva%20El%20Zoque.jpg?width=640", "commons_url": "https://commons.wikimedia.org/wiki/File:Cascada_en_Guasca_-_La_Reserva_El_Zoque.jpg", "map_url": "https://maps.google.com/?q=4.840558,-73.832826", "departamento": "Cundinamarca", "departamento_raw": "CUNDINAMARCA", "region": "Andina", "region_color": "#2563eb"}}, {"type": "Feature", "geometry": {"type": "Point", "coordinates": [-74.294875, 4.575476]}, "properties": {"id": 413, "autor": "Johan Andrés Toro", "nombre": "Cascadas estacionales en las paredes del cañón del Tequendama.jpg", "fecha": "2026-05-29 15:02:56", "desc": "Vista frontal de un acantilado rocoso que muestra múltiples caídas de agua finas y paralelas. La pared de piedra arenisca está densamente poblada por plantas rupícolas, musgos y helechos, evidenciando la alta humedad y los nacimientos de agua característicos del ecosistema de bosque de niebla andino.", "img_url": "https://upload.wikimedia.org/wikipedia/commons/c/c6/Cascadas_estacionales_en_las_paredes_del_ca%C3%B1%C3%B3n_del_Tequendama.jpg", "thumb_url": "https://commons.wikimedia.org/wiki/Special:FilePath/Cascadas%20estacionales%20en%20las%20paredes%20del%20ca%C3%B1%C3%B3n%20del%20Tequendama.jpg?width=640", "commons_url": "https://commons.wikimedia.org/wiki/File:Cascadas_estacionales_en_las_paredes_del_ca%C3%B1%C3%B3n_del_Tequendama.jpg", "map_url": "https://maps.google.com/?q=4.575476,-74.294875", "departamento": "Cundinamarca", "departamento_raw": "CUNDINAMARCA", "region": "Andina", "region_color": "#2563eb"}}, {"type": "Feature", "geometry": {"type": "Point", "coordinates": [-72.318169, 6.369703]}, "properties": {"id": 414, "autor": "Nbareschu", "nombre": "Castilleja güican.jpg", "fecha": "2026-05-07 10:06:57", "desc": "Castilleja güican", "img_url": "https://upload.wikimedia.org/wikipedia/commons/0/0c/Castilleja_g%C3%BCican.jpg", "thumb_url": "https://commons.wikimedia.org/wiki/Special:FilePath/Castilleja%20g%C3%BCican.jpg?width=640", "commons_url": "https://commons.wikimedia.org/wiki/File:Castilleja_g%C3%BCican.jpg", "map_url": "https://maps.google.com/?q=6.369703,-72.318169", "departamento": "Boyaca", "departamento_raw": "BOYACA", "region": "Andina", "region_color": "#2563eb"}}, {"type": "Feature", "geometry": {"type": "Point", "coordinates": [-74.097702, 4.669437]}, "properties": {"id": 418, "autor": "NMontoya (WMCO)", "nombre": "Cañagria – Género Costus – Familia Costaceae.png", "fecha": "2026-06-18 19:23:12", "desc": "Nombre común Cañagria – Género Costus – Familia Costaceae", "img_url": "https://upload.wikimedia.org/wikipedia/commons/6/6b/Ca%C3%B1agria_%E2%80%93_G%C3%A9nero_Costus_%E2%80%93_Familia_Costaceae.png", "thumb_url": "https://commons.wikimedia.org/wiki/Special:FilePath/Ca%C3%B1agria%20%E2%80%93%20G%C3%A9nero%20Costus%20%E2%80%93%20Familia%20Costaceae.png?width=640", "commons_url": "https://commons.wikimedia.org/wiki/File:Ca%C3%B1agria_%E2%80%93_G%C3%A9nero_Costus_%E2%80%93_Familia_Costaceae.png", "map_url": "https://maps.google.com/?q=4.669437,-74.097702", "departamento": "Bogotá D.C.", "departamento_raw": "SANTAFE DE BOGOTA D.C", "region": "Andina", "region_color": "#2563eb"}}, {"type": "Feature", "geometry": {"type": "Point", "coordinates": [-73.794565, 2.264106]}, "properties": {"id": 420, "autor": "Noeliachalfoun", "nombre": "Caño Cristales-Parque Nacional Natural Sierra de la Macarena-Colombia-2.jpg", "fecha": "2026-06-09 17:00:05", "desc": "Vista aérea de las pozas naturales y formaciones rocosas de Caño Cristales en el Parque Nacional Natural Sierra de La Macarena, departamento del Meta, Colombia", "img_url": "https://upload.wikimedia.org/wikipedia/commons/b/bc/Ca%C3%B1o_Cristales-Parque_Nacional_Natural_Sierra_de_la_Macarena-Colombia-2.jpg", "thumb_url": "https://commons.wikimedia.org/wiki/Special:FilePath/Ca%C3%B1o%20Cristales-Parque%20Nacional%20Natural%20Sierra%20de%20la%20Macarena-Colombia-2.jpg?width=640", "commons_url": "https://commons.wikimedia.org/wiki/File:Ca%C3%B1o_Cristales-Parque_Nacional_Natural_Sierra_de_la_Macarena-Colombia-2.jpg", "map_url": "https://maps.google.com/?q=2.264106,-73.794565", "departamento": "Meta", "departamento_raw": "META", "region": "Orinoquía", "region_color": "#d97706"}}, {"type": "Feature", "geometry": {"type": "Point", "coordinates": [-73.794565, 2.264107]}, "properties": {"id": 421, "autor": "Noeliachalfoun", "nombre": "Caño Cristales-Parque Nacional Natural Sierra de la Macarena-Colombia-3.jpg", "fecha": "2026-06-09 17:00:05", "desc": "DCIM\\PANORAMA\\100_0776\\DJI", "img_url": "https://upload.wikimedia.org/wikipedia/commons/f/f2/Ca%C3%B1o_Cristales-Parque_Nacional_Natural_Sierra_de_la_Macarena-Colombia-3.jpg", "thumb_url": "https://commons.wikimedia.org/wiki/Special:FilePath/Ca%C3%B1o%20Cristales-Parque%20Nacional%20Natural%20Sierra%20de%20la%20Macarena-Colombia-3.jpg?width=640", "commons_url": "https://commons.wikimedia.org/wiki/File:Ca%C3%B1o_Cristales-Parque_Nacional_Natural_Sierra_de_la_Macarena-Colombia-3.jpg", "map_url": "https://maps.google.com/?q=2.264107,-73.794565", "departamento": "Meta", "departamento_raw": "META", "region": "Orinoquía", "region_color": "#d97706"}}, {"type": "Feature", "geometry": {"type": "Point", "coordinates": [-73.794565, 2.264107]}, "properties": {"id": 422, "autor": "Noeliachalfoun", "nombre": "Caño Cristales-Parque Nacional Natural Sierra de la Macarena-Colombia-4.jpg", "fecha": "2026-06-09 17:00:05", "desc": "DCIM\\PANORAMA\\100_0776\\DJI", "img_url": "https://upload.wikimedia.org/wikipedia/commons/d/d9/Ca%C3%B1o_Cristales-Parque_Nacional_Natural_Sierra_de_la_Macarena-Colombia-4.jpg", "thumb_url": "https://commons.wikimedia.org/wiki/Special:FilePath/Ca%C3%B1o%20Cristales-Parque%20Nacional%20Natural%20Sierra%20de%20la%20Macarena-Colombia-4.jpg?width=640", "commons_url": "https://commons.wikimedia.org/wiki/File:Ca%C3%B1o_Cristales-Parque_Nacional_Natural_Sierra_de_la_Macarena-Colombia-4.jpg", "map_url": "https://maps.google.com/?q=2.264107,-73.794565", "departamento": "Meta", "departamento_raw": "META", "region": "Orinoquía", "region_color": "#d97706"}}, {"type": "Feature", "geometry": {"type": "Point", "coordinates": [-73.794565, 2.264106]}, "properties": {"id": 423, "autor": "Noeliachalfoun", "nombre": "Caño Cristales-Parque Nacional Natural Sierra de la Macarena-Colombia-5.jpg", "fecha": "2026-06-09 17:00:08", "desc": "DCIM\\PANORAMA\\100_0776\\DJI", "img_url": "https://upload.wikimedia.org/wikipedia/commons/e/ee/Ca%C3%B1o_Cristales-Parque_Nacional_Natural_Sierra_de_la_Macarena-Colombia-5.jpg", "thumb_url": "https://commons.wikimedia.org/wiki/Special:FilePath/Ca%C3%B1o%20Cristales-Parque%20Nacional%20Natural%20Sierra%20de%20la%20Macarena-Colombia-5.jpg?width=640", "commons_url": "https://commons.wikimedia.org/wiki/File:Ca%C3%B1o_Cristales-Parque_Nacional_Natural_Sierra_de_la_Macarena-Colombia-5.jpg", "map_url": "https://maps.google.com/?q=2.264106,-73.794565", "departamento": "Meta", "departamento_raw": "META", "region": "Orinoquía", "region_color": "#d97706"}}, {"type": "Feature", "geometry": {"type": "Point", "coordinates": [-75.523611, 10.441944]}, "properties": {"id": 425, "autor": "Juanrapave", "nombre": "Caño Juan Angola.jpg", "fecha": "2026-05-24 07:30:53", "desc": "Caño Juan Angola", "img_url": "https://upload.wikimedia.org/wikipedia/commons/f/fa/Ca%C3%B1o_Juan_Angola.jpg", "thumb_url": "https://commons.wikimedia.org/wiki/Special:FilePath/Ca%C3%B1o%20Juan%20Angola.jpg?width=640", "commons_url": "https://commons.wikimedia.org/wiki/File:Ca%C3%B1o_Juan_Angola.jpg", "map_url": "https://maps.google.com/?q=10.441944,-75.523611", "departamento": "Bolivar", "departamento_raw": "BOLIVAR", "region": "Caribe", "region_color": "#0891b2"}}, {"type": "Feature", "geometry": {"type": "Point", "coordinates": [-75.118115, 3.237393]}, "properties": {"id": 427, "autor": "Cathetovar", "nombre": "Cañones erosionados del desierto gris.jpg", "fecha": "2026-06-22 18:44:09", "desc": "Nature trails in the \"Gray Zone\" of the Tatacoa Desert (Huila, Colombia), June 7, 2026. A panoramic view of an old runoff channel surrounded by formations carved by rainfall erosion, set against a cloudy sky.", "img_url": "https://upload.wikimedia.org/wikipedia/commons/1/1f/Ca%C3%B1ones_erosionados_del_desierto_gris.jpg", "thumb_url": "https://commons.wikimedia.org/wiki/Special:FilePath/Ca%C3%B1ones%20erosionados%20del%20desierto%20gris.jpg?width=640", "commons_url": "https://commons.wikimedia.org/wiki/File:Ca%C3%B1ones_erosionados_del_desierto_gris.jpg", "map_url": "https://maps.google.com/?q=3.237393,-75.118115", "departamento": "Huila", "departamento_raw": "HUILA", "region": "Andina", "region_color": "#2563eb"}}, {"type": "Feature", "geometry": {"type": "Point", "coordinates": [-78.183017, 2.96846]}, "properties": {"id": 428, "autor": "Sebasgr05", "nombre": "Cebus capucinus curtus, Gorgona Island.jpg", "fecha": "2026-06-05 09:16:59", "desc": "Cebus capucinus curtus, PNN Isla Gorgona", "img_url": "https://upload.wikimedia.org/wikipedia/commons/a/a9/Cebus_capucinus_curtus%2C_Gorgona_Island.jpg", "thumb_url": "https://commons.wikimedia.org/wiki/Special:FilePath/Cebus%20capucinus%20curtus%2C%20Gorgona%20Island.jpg?width=640", "commons_url": "https://commons.wikimedia.org/wiki/File:Cebus_capucinus_curtus,_Gorgona_Island.jpg", "map_url": "https://maps.google.com/?q=2.968460,-78.183017", "departamento": "Cauca", "departamento_raw": "CAUCA", "region": "Pacífica", "region_color": "#059669"}}, {"type": "Feature", "geometry": {"type": "Point", "coordinates": [-73.863883, 7.084857]}, "properties": {"id": 430, "autor": "Diferoch", "nombre": "Cebus versicolor - Barrancabermeja, Santander, Colombia - 13 Jun 2026 - Diferoch - 1.jpg", "fecha": "2026-05-29 22:51:05", "desc": "Individual of Cebus versicolor observed in Barrancabermeja, Santander, Colombia.", "img_url": "https://upload.wikimedia.org/wikipedia/commons/6/6c/Cebus_versicolor_-_Barrancabermeja%2C_Santander%2C_Colombia_-_13_Jun_2026_-_Diferoch_-_1.jpg", "thumb_url": "https://commons.wikimedia.org/wiki/Special:FilePath/Cebus%20versicolor%20-%20Barrancabermeja%2C%20Santander%2C%20Colombia%20-%2013%20Jun%202026%20-%20Diferoch%20-%201.jpg?width=640", "commons_url": "https://commons.wikimedia.org/wiki/File:Cebus_versicolor_-_Barrancabermeja,_Santander,_Colombia_-_13_Jun_2026_-_Diferoch_-_1.jpg", "map_url": "https://maps.google.com/?q=7.084857,-73.863883", "departamento": "Santander", "departamento_raw": "SANTANDER", "region": "Andina", "region_color": "#2563eb"}}, {"type": "Feature", "geometry": {"type": "Point", "coordinates": [-73.863868, 7.084838]}, "properties": {"id": 431, "autor": "Diferoch", "nombre": "Cebus versicolor - Barrancabermeja, Santander, Colombia - 13 Jun 2026 - Diferoch - 2.jpg", "fecha": "2026-05-29 22:51:06", "desc": "Mother and offspring of Cebus versicolor observed in Barrancabermeja, Santander, Colombia.", "img_url": "https://upload.wikimedia.org/wikipedia/commons/f/f0/Cebus_versicolor_-_Barrancabermeja%2C_Santander%2C_Colombia_-_13_Jun_2026_-_Diferoch_-_2.jpg", "thumb_url": "https://commons.wikimedia.org/wiki/Special:FilePath/Cebus%20versicolor%20-%20Barrancabermeja%2C%20Santander%2C%20Colombia%20-%2013%20Jun%202026%20-%20Diferoch%20-%202.jpg?width=640", "commons_url": "https://commons.wikimedia.org/wiki/File:Cebus_versicolor_-_Barrancabermeja,_Santander,_Colombia_-_13_Jun_2026_-_Diferoch_-_2.jpg", "map_url": "https://maps.google.com/?q=7.084838,-73.863868", "departamento": "Santander", "departamento_raw": "SANTANDER", "region": "Andina", "region_color": "#2563eb"}}, {"type": "Feature", "geometry": {"type": "Point", "coordinates": [-73.863777, 7.08491]}, "properties": {"id": 432, "autor": "Diferoch", "nombre": "Cebus versicolor - Barrancabermeja, Santander, Colombia - 17 Jun 2026 - Diferoch - 1.jpg", "fecha": "2026-06-04 23:05:39", "desc": "Individual of Cebus versicolor observed carrying food in Barrancabermeja, Santander, Colombia.", "img_url": "https://upload.wikimedia.org/wikipedia/commons/4/4e/Cebus_versicolor_-_Barrancabermeja%2C_Santander%2C_Colombia_-_17_Jun_2026_-_Diferoch_-_1.jpg", "thumb_url": "https://commons.wikimedia.org/wiki/Special:FilePath/Cebus%20versicolor%20-%20Barrancabermeja%2C%20Santander%2C%20Colombia%20-%2017%20Jun%202026%20-%20Diferoch%20-%201.jpg?width=640", "commons_url": "https://commons.wikimedia.org/wiki/File:Cebus_versicolor_-_Barrancabermeja,_Santander,_Colombia_-_17_Jun_2026_-_Diferoch_-_1.jpg", "map_url": "https://maps.google.com/?q=7.084910,-73.863777", "departamento": "Santander", "departamento_raw": "SANTANDER", "region": "Andina", "region_color": "#2563eb"}}, {"type": "Feature", "geometry": {"type": "Point", "coordinates": [-73.863762, 7.084917]}, "properties": {"id": 433, "autor": "Diferoch", "nombre": "Cebus versicolor - Barrancabermeja, Santander, Colombia - 17 Jun 2026 - Diferoch - 2.jpg", "fecha": "2026-06-04 23:05:39", "desc": "Male of Cebus versicolor observed in Barrancabermeja, Santander, Colombia.", "img_url": "https://upload.wikimedia.org/wikipedia/commons/c/c5/Cebus_versicolor_-_Barrancabermeja%2C_Santander%2C_Colombia_-_17_Jun_2026_-_Diferoch_-_2.jpg", "thumb_url": "https://commons.wikimedia.org/wiki/Special:FilePath/Cebus%20versicolor%20-%20Barrancabermeja%2C%20Santander%2C%20Colombia%20-%2017%20Jun%202026%20-%20Diferoch%20-%202.jpg?width=640", "commons_url": "https://commons.wikimedia.org/wiki/File:Cebus_versicolor_-_Barrancabermeja,_Santander,_Colombia_-_17_Jun_2026_-_Diferoch_-_2.jpg", "map_url": "https://maps.google.com/?q=7.084917,-73.863762", "departamento": "Santander", "departamento_raw": "SANTANDER", "region": "Andina", "region_color": "#2563eb"}}, {"type": "Feature", "geometry": {"type": "Point", "coordinates": [-73.863762, 7.084917]}, "properties": {"id": 434, "autor": "Diferoch", "nombre": "Cebus versicolor - Barrancabermeja, Santander, Colombia - 17 Jun 2026 - Diferoch - 3.jpg", "fecha": "2026-06-04 23:05:39", "desc": "Male of Cebus versicolor observed in Barrancabermeja, Santander, Colombia.", "img_url": "https://upload.wikimedia.org/wikipedia/commons/b/bf/Cebus_versicolor_-_Barrancabermeja%2C_Santander%2C_Colombia_-_17_Jun_2026_-_Diferoch_-_3.jpg", "thumb_url": "https://commons.wikimedia.org/wiki/Special:FilePath/Cebus%20versicolor%20-%20Barrancabermeja%2C%20Santander%2C%20Colombia%20-%2017%20Jun%202026%20-%20Diferoch%20-%203.jpg?width=640", "commons_url": "https://commons.wikimedia.org/wiki/File:Cebus_versicolor_-_Barrancabermeja,_Santander,_Colombia_-_17_Jun_2026_-_Diferoch_-_3.jpg", "map_url": "https://maps.google.com/?q=7.084917,-73.863762", "departamento": "Santander", "departamento_raw": "SANTANDER", "region": "Andina", "region_color": "#2563eb"}}, {"type": "Feature", "geometry": {"type": "Point", "coordinates": [-74.144913, 6.711225]}, "properties": {"id": 435, "autor": "Diferoch", "nombre": "Cebus versicolor - Cimitarra, Santander, Colombia - 30 Sep 2025 - Diferoch.jpg", "fecha": "2026-06-17 20:16:26", "desc": "Adult female of Cebus versicolor observed in Cimitarra, Santander, Colombia.", "img_url": "https://upload.wikimedia.org/wikipedia/commons/d/d8/Cebus_versicolor_-_Cimitarra%2C_Santander%2C_Colombia_-_30_Sep_2025_-_Diferoch.jpg", "thumb_url": "https://commons.wikimedia.org/wiki/Special:FilePath/Cebus%20versicolor%20-%20Cimitarra%2C%20Santander%2C%20Colombia%20-%2030%20Sep%202025%20-%20Diferoch.jpg?width=640", "commons_url": "https://commons.wikimedia.org/wiki/File:Cebus_versicolor_-_Cimitarra,_Santander,_Colombia_-_30_Sep_2025_-_Diferoch.jpg", "map_url": "https://maps.google.com/?q=6.711225,-74.144913", "departamento": "Santander", "departamento_raw": "SANTANDER", "region": "Andina", "region_color": "#2563eb"}}, {"type": "Feature", "geometry": {"type": "Point", "coordinates": [-75.240538, 4.964957]}, "properties": {"id": 438, "autor": "AmiGueko", "nombre": "Cedro americano.jpg", "fecha": "2026-05-09 07:10:44", "desc": "Cedrela Adorata", "img_url": "https://upload.wikimedia.org/wikipedia/commons/5/5b/Cedro_americano.jpg", "thumb_url": "https://commons.wikimedia.org/wiki/Special:FilePath/Cedro%20americano.jpg?width=640", "commons_url": "https://commons.wikimedia.org/wiki/File:Cedro_americano.jpg", "map_url": "https://maps.google.com/?q=4.964957,-75.240538", "departamento": "Tolima", "departamento_raw": "TOLIMA", "region": "Andina", "region_color": "#2563eb"}}, {"type": "Feature", "geometry": {"type": "Point", "coordinates": [-74.099944, 4.66775]}, "properties": {"id": 443, "autor": "AmiGueko", "nombre": "Ceiba 2.jpg", "fecha": "2026-06-04 21:01:23", "desc": "Ceiba bruja, Ceiba Bonga - Ceiba Pentandra - Familia Malvaceae - Centroamérica, Suramérica y África", "img_url": "https://upload.wikimedia.org/wikipedia/commons/e/e6/Ceiba_2.jpg", "thumb_url": "https://commons.wikimedia.org/wiki/Special:FilePath/Ceiba%202.jpg?width=640", "commons_url": "https://commons.wikimedia.org/wiki/File:Ceiba_2.jpg", "map_url": "https://maps.google.com/?q=4.667750,-74.099944", "departamento": "Bogotá D.C.", "departamento_raw": "SANTAFE DE BOGOTA D.C", "region": "Andina", "region_color": "#2563eb"}}, {"type": "Feature", "geometry": {"type": "Point", "coordinates": [-74.099944, 4.66775]}, "properties": {"id": 445, "autor": "AmiGueko", "nombre": "Ceiba 3.jpg", "fecha": "2026-06-04 21:01:24", "desc": "Ceiba bruja, Ceiba Bonga - Ceiba Pentandra - Familia Malvaceae - Centroamérica, Suramérica y África", "img_url": "https://upload.wikimedia.org/wikipedia/commons/8/8b/Ceiba_3.jpg", "thumb_url": "https://commons.wikimedia.org/wiki/Special:FilePath/Ceiba%203.jpg?width=640", "commons_url": "https://commons.wikimedia.org/wiki/File:Ceiba_3.jpg", "map_url": "https://maps.google.com/?q=4.667750,-74.099944", "departamento": "Bogotá D.C.", "departamento_raw": "SANTAFE DE BOGOTA D.C", "region": "Andina", "region_color": "#2563eb"}}, {"type": "Feature", "geometry": {"type": "Point", "coordinates": [-74.099944, 4.66775]}, "properties": {"id": 447, "autor": "AmiGueko", "nombre": "Ceiba amarilla.jpg", "fecha": "2026-06-04 21:01:27", "desc": "Tronador - Hura crepitans - Familia Euphorbiaceae - Neotrópico", "img_url": "https://upload.wikimedia.org/wikipedia/commons/3/3e/Ceiba_amarilla.jpg", "thumb_url": "https://commons.wikimedia.org/wiki/Special:FilePath/Ceiba%20amarilla.jpg?width=640", "commons_url": "https://commons.wikimedia.org/wiki/File:Ceiba_amarilla.jpg", "map_url": "https://maps.google.com/?q=4.667750,-74.099944", "departamento": "Bogotá D.C.", "departamento_raw": "SANTAFE DE BOGOTA D.C", "region": "Andina", "region_color": "#2563eb"}}, {"type": "Feature", "geometry": {"type": "Point", "coordinates": [-74.099944, 4.66775]}, "properties": {"id": 448, "autor": "AmiGueko", "nombre": "Ceiba amarilla2.jpg", "fecha": "2026-06-04 21:01:27", "desc": "Tronador - Hura crepitans - Familia Euphorbiaceae - Neotrópico. Se le llama tronador porque al crecer el fruto que es como una mandarina de madera, truena.", "img_url": "https://upload.wikimedia.org/wikipedia/commons/7/79/Ceiba_amarilla2.jpg", "thumb_url": "https://commons.wikimedia.org/wiki/Special:FilePath/Ceiba%20amarilla2.jpg?width=640", "commons_url": "https://commons.wikimedia.org/wiki/File:Ceiba_amarilla2.jpg", "map_url": "https://maps.google.com/?q=4.667750,-74.099944", "departamento": "Bogotá D.C.", "departamento_raw": "SANTAFE DE BOGOTA D.C", "region": "Andina", "region_color": "#2563eb"}}, {"type": "Feature", "geometry": {"type": "Point", "coordinates": [-74.099944, 4.66775]}, "properties": {"id": 453, "autor": "AmiGueko", "nombre": "Cereus Hilmannianus.jpg", "fecha": "2026-06-04 21:01:29", "desc": "cacturs en Jardín Botánico de Bogotá", "img_url": "https://upload.wikimedia.org/wikipedia/commons/0/01/Cereus_Hilmannianus.jpg", "thumb_url": "https://commons.wikimedia.org/wiki/Special:FilePath/Cereus%20Hilmannianus.jpg?width=640", "commons_url": "https://commons.wikimedia.org/wiki/File:Cereus_Hilmannianus.jpg", "map_url": "https://maps.google.com/?q=4.667750,-74.099944", "departamento": "Bogotá D.C.", "departamento_raw": "SANTAFE DE BOGOTA D.C", "region": "Andina", "region_color": "#2563eb"}}, {"type": "Feature", "geometry": {"type": "Point", "coordinates": [-74.099944, 4.66775]}, "properties": {"id": 454, "autor": "AmiGueko", "nombre": "Cereus Hilmanniaunus2.jpg", "fecha": "2026-06-04 21:01:29", "desc": "Cactus en Jardín Botnánico de Bogotá", "img_url": "https://upload.wikimedia.org/wikipedia/commons/8/8f/Cereus_Hilmanniaunus2.jpg", "thumb_url": "https://commons.wikimedia.org/wiki/Special:FilePath/Cereus%20Hilmanniaunus2.jpg?width=640", "commons_url": "https://commons.wikimedia.org/wiki/File:Cereus_Hilmanniaunus2.jpg", "map_url": "https://maps.google.com/?q=4.667750,-74.099944", "departamento": "Bogotá D.C.", "departamento_raw": "SANTAFE DE BOGOTA D.C", "region": "Andina", "region_color": "#2563eb"}}, {"type": "Feature", "geometry": {"type": "Point", "coordinates": [-74.066319, 4.614518]}, "properties": {"id": 457, "autor": "AmiGueko", "nombre": "Cerro de Monserrate (56500).jpg", "fecha": "2026-05-24 14:12:56", "desc": "Cerro de Monserrate", "img_url": "https://upload.wikimedia.org/wikipedia/commons/b/bd/Cerro_de_Monserrate_%2856500%29.jpg", "thumb_url": "https://commons.wikimedia.org/wiki/Special:FilePath/Cerro%20de%20Monserrate%20%2856500%29.jpg?width=640", "commons_url": "https://commons.wikimedia.org/wiki/File:Cerro_de_Monserrate_(56500).jpg", "map_url": "https://maps.google.com/?q=4.614518,-74.066319", "departamento": "Bogotá D.C.", "departamento_raw": "SANTAFE DE BOGOTA D.C", "region": "Andina", "region_color": "#2563eb"}}, {"type": "Feature", "geometry": {"type": "Point", "coordinates": [-74.05639, 4.60583]}, "properties": {"id": 460, "autor": "Project5443", "nombre": "Cerros de Monserrate.jpg", "fecha": "2026-05-21 13:34:50", "desc": "Photo taken on Monserrate hill with a view of the eastern hills", "img_url": "https://upload.wikimedia.org/wikipedia/commons/1/1e/Cerros_de_Monserrate.jpg", "thumb_url": "https://commons.wikimedia.org/wiki/Special:FilePath/Cerros%20de%20Monserrate.jpg?width=640", "commons_url": "https://commons.wikimedia.org/wiki/File:Cerros_de_Monserrate.jpg", "map_url": "https://maps.google.com/?q=4.605830,-74.056390", "departamento": "Bogotá D.C.", "departamento_raw": "SANTAFE DE BOGOTA D.C", "region": "Andina", "region_color": "#2563eb"}}, {"type": "Feature", "geometry": {"type": "Point", "coordinates": [-74.099944, 4.66775]}, "properties": {"id": 465, "autor": "AmiGueko", "nombre": "Chaquiro dulce.jpg", "fecha": "2026-06-04 21:01:30", "desc": "Podocarpus Guatemalensis - Familia Podocarpaceae - originaria de México a Ecuador y hasta Venezuela", "img_url": "https://upload.wikimedia.org/wikipedia/commons/5/57/Chaquiro_dulce.jpg", "thumb_url": "https://commons.wikimedia.org/wiki/Special:FilePath/Chaquiro%20dulce.jpg?width=640", "commons_url": "https://commons.wikimedia.org/wiki/File:Chaquiro_dulce.jpg", "map_url": "https://maps.google.com/?q=4.667750,-74.099944", "departamento": "Bogotá D.C.", "departamento_raw": "SANTAFE DE BOGOTA D.C", "region": "Andina", "region_color": "#2563eb"}}, {"type": "Feature", "geometry": {"type": "Point", "coordinates": [-77.438163, 5.60968]}, "properties": {"id": 466, "autor": "Diferoch", "nombre": "Charadrius semipalmatus - Nuquí, Chocó, Colombia - 23 Oct 2025 - Diferoch.jpg", "fecha": "2026-06-25 17:48:59", "desc": "Individual of Charadrius semipalmatus observed in the coastal zone (Pacific Ocean) of Nuquí, Chocó, Colombia.", "img_url": "https://upload.wikimedia.org/wikipedia/commons/2/22/Charadrius_semipalmatus_-_Nuqu%C3%AD%2C_Choc%C3%B3%2C_Colombia_-_23_Oct_2025_-_Diferoch.jpg", "thumb_url": "https://commons.wikimedia.org/wiki/Special:FilePath/Charadrius%20semipalmatus%20-%20Nuqu%C3%AD%2C%20Choc%C3%B3%2C%20Colombia%20-%2023%20Oct%202025%20-%20Diferoch.jpg?width=640", "commons_url": "https://commons.wikimedia.org/wiki/File:Charadrius_semipalmatus_-_Nuqu%C3%AD,_Choc%C3%B3,_Colombia_-_23_Oct_2025_-_Diferoch.jpg", "map_url": "https://maps.google.com/?q=5.609680,-77.438163", "departamento": "Choco", "departamento_raw": "CHOCO", "region": "Pacífica", "region_color": "#059669"}}, {"type": "Feature", "geometry": {"type": "Point", "coordinates": [-74.134933, 6.717308]}, "properties": {"id": 470, "autor": "Diferoch", "nombre": "Chauna chavaria - Cimitarra, Santander, Colombia - 01 Oct 2025 - Diferoch.jpg", "fecha": "2026-06-17 22:34:49", "desc": "Individual of Chauna chavaria sleeping in Cimitarra, Santander, Colombia.", "img_url": "https://upload.wikimedia.org/wikipedia/commons/2/23/Chauna_chavaria_-_Cimitarra%2C_Santander%2C_Colombia_-_01_Oct_2025_-_Diferoch.jpg", "thumb_url": "https://commons.wikimedia.org/wiki/Special:FilePath/Chauna%20chavaria%20-%20Cimitarra%2C%20Santander%2C%20Colombia%20-%2001%20Oct%202025%20-%20Diferoch.jpg?width=640", "commons_url": "https://commons.wikimedia.org/wiki/File:Chauna_chavaria_-_Cimitarra,_Santander,_Colombia_-_01_Oct_2025_-_Diferoch.jpg", "map_url": "https://maps.google.com/?q=6.717308,-74.134933", "departamento": "Santander", "departamento_raw": "SANTANDER", "region": "Andina", "region_color": "#2563eb"}}, {"type": "Feature", "geometry": {"type": "Point", "coordinates": [-72.327617, 4.358534]}, "properties": {"id": 471, "autor": "Maicol andres sanabria leon", "nombre": "Chaviva es un pueblo en el municipio de puerto lopez, departamento del meta.jpg", "fecha": "2026-05-19 13:02:36", "desc": "integración", "img_url": "https://upload.wikimedia.org/wikipedia/commons/d/dc/Chaviva_es_un_pueblo_en_el_municipio_de_puerto_lopez%2C_departamento_del_meta.jpg", "thumb_url": "https://commons.wikimedia.org/wiki/Special:FilePath/Chaviva%20es%20un%20pueblo%20en%20el%20municipio%20de%20puerto%20lopez%2C%20departamento%20del%20meta.jpg?width=640", "commons_url": "https://commons.wikimedia.org/wiki/File:Chaviva_es_un_pueblo_en_el_municipio_de_puerto_lopez,_departamento_del_meta.jpg", "map_url": "https://maps.google.com/?q=4.358534,-72.327617", "departamento": "Meta", "departamento_raw": "META", "region": "Orinoquía", "region_color": "#d97706"}}, {"type": "Feature", "geometry": {"type": "Point", "coordinates": [-76.660463, 1.005889]}, "properties": {"id": 472, "autor": "Sebasgr05", "nombre": "Cheracebus medemi.jpg", "fecha": "2026-06-05 09:26:33", "desc": "Colombian Black-handed Titi", "img_url": "https://upload.wikimedia.org/wikipedia/commons/7/77/Cheracebus_medemi.jpg", "thumb_url": "https://commons.wikimedia.org/wiki/Special:FilePath/Cheracebus%20medemi.jpg?width=640", "commons_url": "https://commons.wikimedia.org/wiki/File:Cheracebus_medemi.jpg", "map_url": "https://maps.google.com/?q=1.005889,-76.660463", "departamento": "Putumayo", "departamento_raw": "PUTUMAYO", "region": "Amazonía", "region_color": "#15803d"}}, {"type": "Feature", "geometry": {"type": "Point", "coordinates": [-75.44, 5.07]}, "properties": {"id": 473, "autor": "Charlesjsharp", "nombre": "Chestnut-crowned antpitta (Grallaria ruficapilla) Caldas 2.jpg", "fecha": "2026-05-29 14:48:19", "desc": "Chestnut-crowned antpitta ( Grallaria ruficapilla ), Reserva Ecologica Rio Blanco, Manizales, Caldas, Colombia", "img_url": "https://upload.wikimedia.org/wikipedia/commons/4/43/Chestnut-crowned_antpitta_%28Grallaria_ruficapilla%29_Caldas_2.jpg", "thumb_url": "https://commons.wikimedia.org/wiki/Special:FilePath/Chestnut-crowned%20antpitta%20%28Grallaria%20ruficapilla%29%20Caldas%202.jpg?width=640", "commons_url": "https://commons.wikimedia.org/wiki/File:Chestnut-crowned_antpitta_(Grallaria_ruficapilla)_Caldas_2.jpg", "map_url": "https://maps.google.com/?q=5.070000,-75.440000", "departamento": "Caldas", "departamento_raw": "CALDAS", "region": "Andina", "region_color": "#2563eb"}}, {"type": "Feature", "geometry": {"type": "Point", "coordinates": [-74.1721, 4.5816]}, "properties": {"id": 474, "autor": "Supertita", "nombre": "Chicharra-Tettigades chilensis.jpg", "fecha": "2026-06-19 18:06:58", "desc": "Los cicádidos (Cicadidae), conocidos comúnmente como cigarras, chicharras, chiquilichis, cocoras", "img_url": "https://upload.wikimedia.org/wikipedia/commons/e/ef/Chicharra-Tettigades_chilensis.jpg", "thumb_url": "https://commons.wikimedia.org/wiki/Special:FilePath/Chicharra-Tettigades%20chilensis.jpg?width=640", "commons_url": "https://commons.wikimedia.org/wiki/File:Chicharra-Tettigades_chilensis.jpg", "map_url": "https://maps.google.com/?q=4.581600,-7.417210", "departamento": "Bogotá D.C.", "departamento_raw": "SANTAFE DE BOGOTA D.C", "region": "Andina", "region_color": "#2563eb"}}, {"type": "Feature", "geometry": {"type": "Point", "coordinates": [-74.292184, 4.970307]}, "properties": {"id": 477, "autor": "AmiGueko", "nombre": "Chiraco o Pedro Hernández.jpg", "fecha": "2026-05-08 22:40:15", "desc": "Toxicodendrum striatum. Árbol nativo de Colombia y Sudamérica, se caracteriza por su alta toxicidad causando urticaria, especialmente durante la floración", "img_url": "https://upload.wikimedia.org/wikipedia/commons/6/63/Chiraco_o_Pedro_Hern%C3%A1ndez.jpg", "thumb_url": "https://commons.wikimedia.org/wiki/Special:FilePath/Chiraco%20o%20Pedro%20Hern%C3%A1ndez.jpg?width=640", "commons_url": "https://commons.wikimedia.org/wiki/File:Chiraco_o_Pedro_Hern%C3%A1ndez.jpg", "map_url": "https://maps.google.com/?q=4.970307,-74.292184", "departamento": "Cundinamarca", "departamento_raw": "CUNDINAMARCA", "region": "Andina", "region_color": "#2563eb"}}, {"type": "Feature", "geometry": {"type": "Point", "coordinates": [-73.75605, 7.094522]}, "properties": {"id": 478, "autor": "Diferoch", "nombre": "Chironius spixii - Barrancabermeja, Santander, Colombia - 14 Jun 2026 - Diferoch - 1.jpg", "fecha": "2026-05-31 18:17:37", "desc": "Individual of Chironius spixii observed in Barrancabermeja, Santander, Colombia.", "img_url": "https://upload.wikimedia.org/wikipedia/commons/c/c3/Chironius_spixii_-_Barrancabermeja%2C_Santander%2C_Colombia_-_14_Jun_2026_-_Diferoch_-_1.jpg", "thumb_url": "https://commons.wikimedia.org/wiki/Special:FilePath/Chironius%20spixii%20-%20Barrancabermeja%2C%20Santander%2C%20Colombia%20-%2014%20Jun%202026%20-%20Diferoch%20-%201.jpg?width=640", "commons_url": "https://commons.wikimedia.org/wiki/File:Chironius_spixii_-_Barrancabermeja,_Santander,_Colombia_-_14_Jun_2026_-_Diferoch_-_1.jpg", "map_url": "https://maps.google.com/?q=7.094522,-73.756050", "departamento": "Santander", "departamento_raw": "SANTANDER", "region": "Andina", "region_color": "#2563eb"}}, {"type": "Feature", "geometry": {"type": "Point", "coordinates": [-73.75605, 7.094518]}, "properties": {"id": 479, "autor": "Diferoch", "nombre": "Chironius spixii - Barrancabermeja, Santander, Colombia - 14 Jun 2026 - Diferoch - 2.jpg", "fecha": "2026-05-31 18:17:37", "desc": "Individual of Chironius spixii observed in Barrancabermeja, Santander, Colombia.", "img_url": "https://upload.wikimedia.org/wikipedia/commons/f/f5/Chironius_spixii_-_Barrancabermeja%2C_Santander%2C_Colombia_-_14_Jun_2026_-_Diferoch_-_2.jpg", "thumb_url": "https://commons.wikimedia.org/wiki/Special:FilePath/Chironius%20spixii%20-%20Barrancabermeja%2C%20Santander%2C%20Colombia%20-%2014%20Jun%202026%20-%20Diferoch%20-%202.jpg?width=640", "commons_url": "https://commons.wikimedia.org/wiki/File:Chironius_spixii_-_Barrancabermeja,_Santander,_Colombia_-_14_Jun_2026_-_Diferoch_-_2.jpg", "map_url": "https://maps.google.com/?q=7.094518,-73.756050", "departamento": "Santander", "departamento_raw": "SANTANDER", "region": "Andina", "region_color": "#2563eb"}}, {"type": "Feature", "geometry": {"type": "Point", "coordinates": [-74.152512, 6.700988]}, "properties": {"id": 482, "autor": "Diferoch", "nombre": "Cicadidae - Cimitarra, Santander, Colombia - 03 Oct 2025 - Diferoch.jpg", "fecha": "2026-06-22 22:46:18", "desc": "Adult individual of unidentified Cicadidae observed in Cimitarra, Santander, Colombia.", "img_url": "https://upload.wikimedia.org/wikipedia/commons/1/17/Cicadidae_-_Cimitarra%2C_Santander%2C_Colombia_-_03_Oct_2025_-_Diferoch.jpg", "thumb_url": "https://commons.wikimedia.org/wiki/Special:FilePath/Cicadidae%20-%20Cimitarra%2C%20Santander%2C%20Colombia%20-%2003%20Oct%202025%20-%20Diferoch.jpg?width=640", "commons_url": "https://commons.wikimedia.org/wiki/File:Cicadidae_-_Cimitarra,_Santander,_Colombia_-_03_Oct_2025_-_Diferoch.jpg", "map_url": "https://maps.google.com/?q=6.700988,-74.152512", "departamento": "Santander", "departamento_raw": "SANTANDER", "region": "Andina", "region_color": "#2563eb"}}, {"type": "Feature", "geometry": {"type": "Point", "coordinates": [-75.550833, 10.426667]}, "properties": {"id": 483, "autor": "Juanrapave", "nombre": "Cielo Cartagenero.jpg", "fecha": "2026-05-24 07:30:53", "desc": "Cielo Cartagenero", "img_url": "https://upload.wikimedia.org/wikipedia/commons/d/de/Cielo_Cartagenero.jpg", "thumb_url": "https://commons.wikimedia.org/wiki/Special:FilePath/Cielo%20Cartagenero.jpg?width=640", "commons_url": "https://commons.wikimedia.org/wiki/File:Cielo_Cartagenero.jpg", "map_url": "https://maps.google.com/?q=10.426667,-75.550833", "departamento": "Bolivar", "departamento_raw": "BOLIVAR", "region": "Caribe", "region_color": "#0891b2"}}, {"type": "Feature", "geometry": {"type": "Point", "coordinates": [-74.780725, 8.079061]}, "properties": {"id": 485, "autor": "Elprofeta91", "nombre": "Cielo parcialmente despejado.jpg", "fecha": "2026-05-05 18:59:11", "desc": "Una finca en Nechí", "img_url": "https://upload.wikimedia.org/wikipedia/commons/7/7c/Cielo_parcialmente_despejado.jpg", "thumb_url": "https://commons.wikimedia.org/wiki/Special:FilePath/Cielo%20parcialmente%20despejado.jpg?width=640", "commons_url": "https://commons.wikimedia.org/wiki/File:Cielo_parcialmente_despejado.jpg", "map_url": "https://maps.google.com/?q=8.079061,-74.780725", "departamento": "Antioquia", "departamento_raw": "ANTIOQUIA", "region": "Andina", "region_color": "#2563eb"}}, {"type": "Feature", "geometry": {"type": "Point", "coordinates": [-74.778411, 8.081753]}, "properties": {"id": 486, "autor": "Elprofeta91", "nombre": "Cielo parcialmente nublado en Nechí.jpg", "fecha": "2026-05-05 19:04:46", "desc": "Una finca en Nechí", "img_url": "https://upload.wikimedia.org/wikipedia/commons/b/be/Cielo_parcialmente_nublado_en_Nech%C3%AD.jpg", "thumb_url": "https://commons.wikimedia.org/wiki/Special:FilePath/Cielo%20parcialmente%20nublado%20en%20Nech%C3%AD.jpg?width=640", "commons_url": "https://commons.wikimedia.org/wiki/File:Cielo_parcialmente_nublado_en_Nech%C3%AD.jpg", "map_url": "https://maps.google.com/?q=8.081753,-74.778411", "departamento": "Antioquia", "departamento_raw": "ANTIOQUIA", "region": "Andina", "region_color": "#2563eb"}}, {"type": "Feature", "geometry": {"type": "Point", "coordinates": [-74.290768, 4.972988]}, "properties": {"id": 487, "autor": "AmiGueko", "nombre": "Ciempiés de patas de fuego.jpg", "fecha": "2026-05-08 22:55:49", "desc": "Son una clase de artrópodos caracterizados por sus cuerpos alargados.", "img_url": "https://upload.wikimedia.org/wikipedia/commons/a/ad/Ciempi%C3%A9s_de_patas_de_fuego.jpg", "thumb_url": "https://commons.wikimedia.org/wiki/Special:FilePath/Ciempi%C3%A9s%20de%20patas%20de%20fuego.jpg?width=640", "commons_url": "https://commons.wikimedia.org/wiki/File:Ciempi%C3%A9s_de_patas_de_fuego.jpg", "map_url": "https://maps.google.com/?q=4.972988,-74.290768", "departamento": "Cundinamarca", "departamento_raw": "CUNDINAMARCA", "region": "Andina", "region_color": "#2563eb"}}, {"type": "Feature", "geometry": {"type": "Point", "coordinates": [-74.287111, 10.990622]}, "properties": {"id": 488, "autor": "Juanrapave", "nombre": "Cienaga, Magdalena.jpg", "fecha": "2026-05-24 07:31:06", "desc": "Cienaga, Magdalena", "img_url": "https://upload.wikimedia.org/wikipedia/commons/0/00/Cienaga%2C_Magdalena.jpg", "thumb_url": "https://commons.wikimedia.org/wiki/Special:FilePath/Cienaga%2C%20Magdalena.jpg?width=640", "commons_url": "https://commons.wikimedia.org/wiki/File:Cienaga,_Magdalena.jpg", "map_url": "https://maps.google.com/?q=10.990622,-74.287111", "departamento": "Magdalena", "departamento_raw": "MAGDALENA", "region": "Caribe", "region_color": "#0891b2"}}, {"type": "Feature", "geometry": {"type": "Point", "coordinates": [-74.846667, 11.046389]}, "properties": {"id": 491, "autor": "Project5443", "nombre": "Cigüeñuela Cuellinegra.jpg", "fecha": "2026-05-21 13:34:55", "desc": "Foto tomada en el Ecoparque Ciénaga de Mallorquín de Barranquilla de una Cigüeñuela Cuellinegra en su hábitat natural", "img_url": "https://upload.wikimedia.org/wikipedia/commons/8/8d/Cig%C3%BCe%C3%B1uela_Cuellinegra.jpg", "thumb_url": "https://commons.wikimedia.org/wiki/Special:FilePath/Cig%C3%BCe%C3%B1uela%20Cuellinegra.jpg?width=640", "commons_url": "https://commons.wikimedia.org/wiki/File:Cig%C3%BCe%C3%B1uela_Cuellinegra.jpg", "map_url": "https://maps.google.com/?q=11.046389,-74.846667", "departamento": "Atlantico", "departamento_raw": "ATLANTICO", "region": "Caribe", "region_color": "#0891b2"}}, {"type": "Feature", "geometry": {"type": "Point", "coordinates": [-78.202501, 2.938807]}, "properties": {"id": 505, "autor": "LentedeBerilo", "nombre": "Close up de epipedobates currulao en gorgona.jpg", "fecha": "2026-06-17 17:48:20", "desc": "Close-up of an individual of Epipedobates currulao perched on the wet forest substrate on Gorgona Island.", "img_url": "https://upload.wikimedia.org/wikipedia/commons/c/c9/Close_up_de_epipedobates_currulao_en_gorgona.jpg", "thumb_url": "https://commons.wikimedia.org/wiki/Special:FilePath/Close%20up%20de%20epipedobates%20currulao%20en%20gorgona.jpg?width=640", "commons_url": "https://commons.wikimedia.org/wiki/File:Close_up_de_epipedobates_currulao_en_gorgona.jpg", "map_url": "https://maps.google.com/?q=2.938807,-78.202501", "departamento": "Cauca", "departamento_raw": "CAUCA", "region": "Pacífica", "region_color": "#059669"}}, {"type": "Feature", "geometry": {"type": "Point", "coordinates": [-74.099944, 4.66775]}, "properties": {"id": 511, "autor": "AmiGueko", "nombre": "Coca1.jpg", "fecha": "2026-06-04 21:01:32", "desc": "Erythroxylum", "img_url": "https://upload.wikimedia.org/wikipedia/commons/9/9c/Coca1.jpg", "thumb_url": "https://commons.wikimedia.org/wiki/Special:FilePath/Coca1.jpg?width=640", "commons_url": "https://commons.wikimedia.org/wiki/File:Coca1.jpg", "map_url": "https://maps.google.com/?q=4.667750,-74.099944", "departamento": "Bogotá D.C.", "departamento_raw": "SANTAFE DE BOGOTA D.C", "region": "Andina", "region_color": "#2563eb"}}, {"type": "Feature", "geometry": {"type": "Point", "coordinates": [-74.099944, 4.66775]}, "properties": {"id": 512, "autor": "AmiGueko", "nombre": "Coca2.jpg", "fecha": "2026-06-04 21:01:33", "desc": "Erythroxylum", "img_url": "https://upload.wikimedia.org/wikipedia/commons/d/d4/Coca2.jpg", "thumb_url": "https://commons.wikimedia.org/wiki/Special:FilePath/Coca2.jpg?width=640", "commons_url": "https://commons.wikimedia.org/wiki/File:Coca2.jpg", "map_url": "https://maps.google.com/?q=4.667750,-74.099944", "departamento": "Bogotá D.C.", "departamento_raw": "SANTAFE DE BOGOTA D.C", "region": "Andina", "region_color": "#2563eb"}}, {"type": "Feature", "geometry": {"type": "Point", "coordinates": [-74.099944, 4.66775]}, "properties": {"id": 513, "autor": "AmiGueko", "nombre": "Coca3.jpg", "fecha": "2026-06-04 21:01:36", "desc": "Erythroxylum", "img_url": "https://upload.wikimedia.org/wikipedia/commons/c/ce/Coca3.jpg", "thumb_url": "https://commons.wikimedia.org/wiki/Special:FilePath/Coca3.jpg?width=640", "commons_url": "https://commons.wikimedia.org/wiki/File:Coca3.jpg", "map_url": "https://maps.google.com/?q=4.667750,-74.099944", "departamento": "Bogotá D.C.", "departamento_raw": "SANTAFE DE BOGOTA D.C", "region": "Andina", "region_color": "#2563eb"}}, {"type": "Feature", "geometry": {"type": "Point", "coordinates": [-74.099944, 4.66775]}, "properties": {"id": 514, "autor": "AmiGueko", "nombre": "Coca de monte.jpg", "fecha": "2026-06-04 21:01:35", "desc": "Coca de Danta - Erithroxilum gracilipes - Familia Erithroxilaceae", "img_url": "https://upload.wikimedia.org/wikipedia/commons/8/8c/Coca_de_monte.jpg", "thumb_url": "https://commons.wikimedia.org/wiki/Special:FilePath/Coca%20de%20monte.jpg?width=640", "commons_url": "https://commons.wikimedia.org/wiki/File:Coca_de_monte.jpg", "map_url": "https://maps.google.com/?q=4.667750,-74.099944", "departamento": "Bogotá D.C.", "departamento_raw": "SANTAFE DE BOGOTA D.C", "region": "Andina", "region_color": "#2563eb"}}, {"type": "Feature", "geometry": {"type": "Point", "coordinates": [-74.099944, 4.66775]}, "properties": {"id": 515, "autor": "AmiGueko", "nombre": "Coca planta de Colombia.jpg", "fecha": "2026-06-04 21:01:32", "desc": "Erythroxylum", "img_url": "https://upload.wikimedia.org/wikipedia/commons/a/aa/Coca_planta_de_Colombia.jpg", "thumb_url": "https://commons.wikimedia.org/wiki/Special:FilePath/Coca%20planta%20de%20Colombia.jpg?width=640", "commons_url": "https://commons.wikimedia.org/wiki/File:Coca_planta_de_Colombia.jpg", "map_url": "https://maps.google.com/?q=4.667750,-74.099944", "departamento": "Bogotá D.C.", "departamento_raw": "SANTAFE DE BOGOTA D.C", "region": "Andina", "region_color": "#2563eb"}}, {"type": "Feature", "geometry": {"type": "Point", "coordinates": [-77.421272, 5.62481]}, "properties": {"id": 518, "autor": "Diferoch", "nombre": "Coenobita compressus - Nuquí, Chocó, Colombia - 23 Oct 2025 - Diferoch.jpg", "fecha": "2026-06-25 17:48:51", "desc": "Group of Coenobita compressus in an open coconut.", "img_url": "https://upload.wikimedia.org/wikipedia/commons/6/64/Coenobita_compressus_-_Nuqu%C3%AD%2C_Choc%C3%B3%2C_Colombia_-_23_Oct_2025_-_Diferoch.jpg", "thumb_url": "https://commons.wikimedia.org/wiki/Special:FilePath/Coenobita%20compressus%20-%20Nuqu%C3%AD%2C%20Choc%C3%B3%2C%20Colombia%20-%2023%20Oct%202025%20-%20Diferoch.jpg?width=640", "commons_url": "https://commons.wikimedia.org/wiki/File:Coenobita_compressus_-_Nuqu%C3%AD,_Choc%C3%B3,_Colombia_-_23_Oct_2025_-_Diferoch.jpg", "map_url": "https://maps.google.com/?q=5.624810,-77.421272", "departamento": "Choco", "departamento_raw": "CHOCO", "region": "Pacífica", "region_color": "#059669"}}, {"type": "Feature", "geometry": {"type": "Point", "coordinates": [-75.540278, 10.425]}, "properties": {"id": 519, "autor": "Johannelob", "nombre": "Coexistencia de Entornos.jpg", "fecha": "2026-06-27 16:20:17", "desc": "Una Ceiba ancestral portadora de vida, y el edificio institucional donde se ejecutan las atenciones medicas", "img_url": "https://upload.wikimedia.org/wikipedia/commons/a/ab/Coexistencia_de_Entornos.jpg", "thumb_url": "https://commons.wikimedia.org/wiki/Special:FilePath/Coexistencia%20de%20Entornos.jpg?width=640", "commons_url": "https://commons.wikimedia.org/wiki/File:Coexistencia_de_Entornos.jpg", "map_url": "https://maps.google.com/?q=10.425000,-75.540278", "departamento": "Bolivar", "departamento_raw": "BOLIVAR", "region": "Caribe", "region_color": "#0891b2"}}, {"type": "Feature", "geometry": {"type": "Point", "coordinates": [-73.834023, 4.842038]}, "properties": {"id": 520, "autor": "Estudiante0001", "nombre": "Cojín de Liquen de Guasca.jpg", "fecha": "2026-05-21 13:20:07", "desc": "Fotografía de un conjunto de Liquen dispuesto en forma de cojín - La Reserva El Zoque", "img_url": "https://upload.wikimedia.org/wikipedia/commons/e/ed/Coj%C3%ADn_de_Liquen_de_Guasca.jpg", "thumb_url": "https://commons.wikimedia.org/wiki/Special:FilePath/Coj%C3%ADn%20de%20Liquen%20de%20Guasca.jpg?width=640", "commons_url": "https://commons.wikimedia.org/wiki/File:Coj%C3%ADn_de_Liquen_de_Guasca.jpg", "map_url": "https://maps.google.com/?q=4.842038,-73.834023", "departamento": "Cundinamarca", "departamento_raw": "CUNDINAMARCA", "region": "Andina", "region_color": "#2563eb"}}, {"type": "Feature", "geometry": {"type": "Point", "coordinates": [-74.099944, 4.66775]}, "properties": {"id": 521, "autor": "NMontoya (WMCO)", "nombre": "Col de monte - Anthurium fendleri - Araceae.jpg", "fecha": "2026-06-04 19:21:32", "desc": "Anthurium fendleri - Araceae", "img_url": "https://upload.wikimedia.org/wikipedia/commons/2/27/Col_de_monte_-_Anthurium_fendleri_-_Araceae.jpg", "thumb_url": "https://commons.wikimedia.org/wiki/Special:FilePath/Col%20de%20monte%20-%20Anthurium%20fendleri%20-%20Araceae.jpg?width=640", "commons_url": "https://commons.wikimedia.org/wiki/File:Col_de_monte_-_Anthurium_fendleri_-_Araceae.jpg", "map_url": "https://maps.google.com/?q=4.667750,-74.099944", "departamento": "Bogotá D.C.", "departamento_raw": "SANTAFE DE BOGOTA D.C", "region": "Andina", "region_color": "#2563eb"}}, {"type": "Feature", "geometry": {"type": "Point", "coordinates": [-73.1175, 5.78]}, "properties": {"id": 523, "autor": "Pilarrb9286", "nombre": "Coleoptero Paipa.jpg", "fecha": "2026-05-08 20:28:49", "desc": "Beetle_Paipa", "img_url": "https://upload.wikimedia.org/wikipedia/commons/5/5d/Coleoptero_Paipa.jpg", "thumb_url": "https://commons.wikimedia.org/wiki/Special:FilePath/Coleoptero%20Paipa.jpg?width=640", "commons_url": "https://commons.wikimedia.org/wiki/File:Coleoptero_Paipa.jpg", "map_url": "https://maps.google.com/?q=5.780000,-73.117500", "departamento": "Boyaca", "departamento_raw": "BOYACA", "region": "Andina", "region_color": "#2563eb"}}, {"type": "Feature", "geometry": {"type": "Point", "coordinates": [-73.830812, 4.843104]}, "properties": {"id": 526, "autor": "Estudiante0001", "nombre": "Colibrí - Eriocnemis vestita de La Reserva El Zoque.jpg", "fecha": "2026-05-21 12:24:33", "desc": "Colibrí fotografiado en La Reserva El Zoque", "img_url": "https://upload.wikimedia.org/wikipedia/commons/e/e6/Colibr%C3%AD_-_Eriocnemis_vestita_de_La_Reserva_El_Zoque.jpg", "thumb_url": "https://commons.wikimedia.org/wiki/Special:FilePath/Colibr%C3%AD%20-%20Eriocnemis%20vestita%20de%20La%20Reserva%20El%20Zoque.jpg?width=640", "commons_url": "https://commons.wikimedia.org/wiki/File:Colibr%C3%AD_-_Eriocnemis_vestita_de_La_Reserva_El_Zoque.jpg", "map_url": "https://maps.google.com/?q=4.843104,-73.830812", "departamento": "Cundinamarca", "departamento_raw": "CUNDINAMARCA", "region": "Andina", "region_color": "#2563eb"}}, {"type": "Feature", "geometry": {"type": "Point", "coordinates": [-74.335404, 4.360644]}, "properties": {"id": 528, "autor": "Natlycu", "nombre": "Colibrí Amazilia capiazul (Saucerottia cyanifrons) en Paque Verde Y Agua, Fusagasugá, (Cundinamarca).jpg", "fecha": "2026-06-30 00:51:56", "desc": "Indigo-capped hummingbird (Saucerottia cyanifrons) in Fusagasugá, (Cundinamarca)", "img_url": "https://upload.wikimedia.org/wikipedia/commons/6/6f/Colibr%C3%AD_Amazilia_capiazul_%28Saucerottia_cyanifrons%29_en_Paque_Verde_Y_Agua%2C_Fusagasug%C3%A1%2C_%28Cundinamarca%29.jpg", "thumb_url": "https://commons.wikimedia.org/wiki/Special:FilePath/Colibr%C3%AD%20Amazilia%20capiazul%20%28Saucerottia%20cyanifrons%29%20en%20Paque%20Verde%20Y%20Agua%2C%20Fusagasug%C3%A1%2C%20%28Cundinamarca%29.jpg?width=640", "commons_url": "https://commons.wikimedia.org/wiki/File:Colibr%C3%AD_Amazilia_capiazul_(Saucerottia_cyanifrons)_en_Paque_Verde_Y_Agua,_Fusagasug%C3%A1,_(Cundinamarca).jpg", "map_url": "https://maps.google.com/?q=4.360644,-74.335404", "departamento": "Cundinamarca", "departamento_raw": "CUNDINAMARCA", "region": "Andina", "region_color": "#2563eb"}}, {"type": "Feature", "geometry": {"type": "Point", "coordinates": [-76.5569, 3.5611]}, "properties": {"id": 529, "autor": "NicolleTorresG", "nombre": "Colibrí Colirrufo - Amazilia tzacatl.jpg", "fecha": "2026-06-26 22:32:01", "desc": "Nativo de México, América Central y noroeste de América del Sur. El colibrí colirrufo se alimenta del néctar de las flores del bosque montano, mostrando la agilidad y precisión que caracteriza a los colibríes neotropicales.", "img_url": "https://upload.wikimedia.org/wikipedia/commons/a/ab/Colibr%C3%AD_Colirrufo_-_Amazilia_tzacatl.jpg", "thumb_url": "https://commons.wikimedia.org/wiki/Special:FilePath/Colibr%C3%AD%20Colirrufo%20-%20Amazilia%20tzacatl.jpg?width=640", "commons_url": "https://commons.wikimedia.org/wiki/File:Colibr%C3%AD_Colirrufo_-_Amazilia_tzacatl.jpg", "map_url": "https://maps.google.com/?q=3.561100,-76.556900", "departamento": "Valle del Cauca", "departamento_raw": "VALLE DEL CAUCA", "region": "Pacífica", "region_color": "#059669"}}, {"type": "Feature", "geometry": {"type": "Point", "coordinates": [-76.5569, 3.5611]}, "properties": {"id": 530, "autor": "NicolleTorresG", "nombre": "Colibrí Nuquiblanco - Florisuga mellivora.jpg", "fecha": "2026-06-26 22:32:01", "desc": "Nativo de la América tropical (Neotrópico). El colibrí nuquiblanco descansa brevemente entre la vegetación del bosque nublado, donde encuentra abundantes flores para alimentarse.", "img_url": "https://upload.wikimedia.org/wikipedia/commons/2/2b/Colibr%C3%AD_Nuquiblanco_-_Florisuga_mellivora.jpg", "thumb_url": "https://commons.wikimedia.org/wiki/Special:FilePath/Colibr%C3%AD%20Nuquiblanco%20-%20Florisuga%20mellivora.jpg?width=640", "commons_url": "https://commons.wikimedia.org/wiki/File:Colibr%C3%AD_Nuquiblanco_-_Florisuga_mellivora.jpg", "map_url": "https://maps.google.com/?q=3.561100,-76.556900", "departamento": "Valle del Cauca", "departamento_raw": "VALLE DEL CAUCA", "region": "Pacífica", "region_color": "#059669"}}, {"type": "Feature", "geometry": {"type": "Point", "coordinates": [-76.5569, 3.5611]}, "properties": {"id": 532, "autor": "NicolleTorresG", "nombre": "Colibrí Pardo - Colibri delphinae.jpg", "fecha": "2026-06-26 22:32:01", "desc": "Nativo de América Central y del Sur. El colibrí pardo exhibe su plumaje de tonos suaves mientras explora el sotobosque en busca de néctar.", "img_url": "https://upload.wikimedia.org/wikipedia/commons/6/64/Colibr%C3%AD_Pardo_-_Colibri_delphinae.jpg", "thumb_url": "https://commons.wikimedia.org/wiki/Special:FilePath/Colibr%C3%AD%20Pardo%20-%20Colibri%20delphinae.jpg?width=640", "commons_url": "https://commons.wikimedia.org/wiki/File:Colibr%C3%AD_Pardo_-_Colibri_delphinae.jpg", "map_url": "https://maps.google.com/?q=3.561100,-76.556900", "departamento": "Valle del Cauca", "departamento_raw": "VALLE DEL CAUCA", "region": "Pacífica", "region_color": "#059669"}}, {"type": "Feature", "geometry": {"type": "Point", "coordinates": [-74.1721, 4.5816]}, "properties": {"id": 533, "autor": "Supertita", "nombre": "Colibrí nuquiblanco-Florisuga mellivora.jpg", "fecha": "2026-06-19 18:07:03", "desc": "hummingbird", "img_url": "https://upload.wikimedia.org/wikipedia/commons/9/95/Colibr%C3%AD_nuquiblanco-Florisuga_mellivora.jpg", "thumb_url": "https://commons.wikimedia.org/wiki/Special:FilePath/Colibr%C3%AD%20nuquiblanco-Florisuga%20mellivora.jpg?width=640", "commons_url": "https://commons.wikimedia.org/wiki/File:Colibr%C3%AD_nuquiblanco-Florisuga_mellivora.jpg", "map_url": "https://maps.google.com/?q=4.581600,-7.417210", "departamento": "Bogotá D.C.", "departamento_raw": "SANTAFE DE BOGOTA D.C", "region": "Andina", "region_color": "#2563eb"}}, {"type": "Feature", "geometry": {"type": "Point", "coordinates": [-74.1721, 4.5816]}, "properties": {"id": 534, "autor": "Supertita", "nombre": "Colibrí pardo.jpg", "fecha": "2026-06-19 18:07:03", "desc": "hummingbird", "img_url": "https://upload.wikimedia.org/wikipedia/commons/9/9d/Colibr%C3%AD_pardo.jpg", "thumb_url": "https://commons.wikimedia.org/wiki/Special:FilePath/Colibr%C3%AD%20pardo.jpg?width=640", "commons_url": "https://commons.wikimedia.org/wiki/File:Colibr%C3%AD_pardo.jpg", "map_url": "https://maps.google.com/?q=4.581600,-7.417210", "departamento": "Bogotá D.C.", "departamento_raw": "SANTAFE DE BOGOTA D.C", "region": "Andina", "region_color": "#2563eb"}}, {"type": "Feature", "geometry": {"type": "Point", "coordinates": [-75.090288, 4.893333]}, "properties": {"id": 535, "autor": "AmiGueko", "nombre": "Colibrí rutilante (45487).jpg", "fecha": "2026-05-24 13:09:40", "desc": "Colibrí rutilante", "img_url": "https://upload.wikimedia.org/wikipedia/commons/7/71/Colibr%C3%AD_rutilante_%2845487%29.jpg", "thumb_url": "https://commons.wikimedia.org/wiki/Special:FilePath/Colibr%C3%AD%20rutilante%20%2845487%29.jpg?width=640", "commons_url": "https://commons.wikimedia.org/wiki/File:Colibr%C3%AD_rutilante_(45487).jpg", "map_url": "https://maps.google.com/?q=4.893333,-75.090288", "departamento": "Tolima", "departamento_raw": "TOLIMA", "region": "Andina", "region_color": "#2563eb"}}, {"type": "Feature", "geometry": {"type": "Point", "coordinates": [-74.89493, 4.953006]}, "properties": {"id": 536, "autor": "AmiGueko", "nombre": "Colibrí rutilante (92699).jpg", "fecha": "2026-05-24 13:09:33", "desc": "Colibrí rutilante", "img_url": "https://upload.wikimedia.org/wikipedia/commons/0/0a/Colibr%C3%AD_rutilante_%2892699%29.jpg", "thumb_url": "https://commons.wikimedia.org/wiki/Special:FilePath/Colibr%C3%AD%20rutilante%20%2892699%29.jpg?width=640", "commons_url": "https://commons.wikimedia.org/wiki/File:Colibr%C3%AD_rutilante_(92699).jpg", "map_url": "https://maps.google.com/?q=4.953006,-74.894930", "departamento": "Tolima", "departamento_raw": "TOLIMA", "region": "Andina", "region_color": "#2563eb"}}, {"type": "Feature", "geometry": {"type": "Point", "coordinates": [-75.44, 5.07]}, "properties": {"id": 538, "autor": "Charlesjsharp", "nombre": "Collared inca (Coeligena torquata) male in flight Caldas 2.jpg", "fecha": "2026-05-29 15:24:36", "desc": "Collared inca ( Coeligena torquata ) male, Reserva Ecologica Rio Blanco, Manizales, Caldas, Colombia", "img_url": "https://upload.wikimedia.org/wikipedia/commons/9/9c/Collared_inca_%28Coeligena_torquata%29_male_in_flight_Caldas_2.jpg", "thumb_url": "https://commons.wikimedia.org/wiki/Special:FilePath/Collared%20inca%20%28Coeligena%20torquata%29%20male%20in%20flight%20Caldas%202.jpg?width=640", "commons_url": "https://commons.wikimedia.org/wiki/File:Collared_inca_(Coeligena_torquata)_male_in_flight_Caldas_2.jpg", "map_url": "https://maps.google.com/?q=5.070000,-75.440000", "departamento": "Caldas", "departamento_raw": "CALDAS", "region": "Andina", "region_color": "#2563eb"}}, {"type": "Feature", "geometry": {"type": "Point", "coordinates": [-74.100198, 4.668211]}, "properties": {"id": 539, "autor": "Supertita", "nombre": "Colocasia or Alocasia planta.jpg", "fecha": "2026-06-19 15:42:34", "desc": "Colocasia or Alocasia planta", "img_url": "https://upload.wikimedia.org/wikipedia/commons/4/49/Colocasia_or_Alocasia_planta.jpg", "thumb_url": "https://commons.wikimedia.org/wiki/Special:FilePath/Colocasia%20or%20Alocasia%20planta.jpg?width=640", "commons_url": "https://commons.wikimedia.org/wiki/File:Colocasia_or_Alocasia_planta.jpg", "map_url": "https://maps.google.com/?q=4.668211,-74.100198", "departamento": "Bogotá D.C.", "departamento_raw": "SANTAFE DE BOGOTA D.C", "region": "Andina", "region_color": "#2563eb"}}, {"type": "Feature", "geometry": {"type": "Point", "coordinates": [-75.287675, 5.071261]}, "properties": {"id": 541, "autor": "JJCL09", "nombre": "Colombian fog.jpg", "fecha": "2026-05-05 21:09:12", "desc": "Yellow dots of the soul", "img_url": "https://upload.wikimedia.org/wikipedia/commons/7/73/Colombian_fog.jpg", "thumb_url": "https://commons.wikimedia.org/wiki/Special:FilePath/Colombian%20fog.jpg?width=640", "commons_url": "https://commons.wikimedia.org/wiki/File:Colombian_fog.jpg", "map_url": "https://maps.google.com/?q=5.071261,-75.287675", "departamento": "Tolima", "departamento_raw": "TOLIMA", "region": "Andina", "region_color": "#2563eb"}}, {"type": "Feature", "geometry": {"type": "Point", "coordinates": [-74.7733, 10.929443]}, "properties": {"id": 542, "autor": "Dewinjj", "nombre": "Color balling.jpg", "fecha": "2026-05-16 15:12:10", "desc": "Colombia, land of eternal spring and eternal summers", "img_url": "https://upload.wikimedia.org/wikipedia/commons/1/14/Color_balling.jpg", "thumb_url": "https://commons.wikimedia.org/wiki/Special:FilePath/Color%20balling.jpg?width=640", "commons_url": "https://commons.wikimedia.org/wiki/File:Color_balling.jpg", "map_url": "https://maps.google.com/?q=10.929443,-74.773300", "departamento": "Magdalena", "departamento_raw": "MAGDALENA", "region": "Caribe", "region_color": "#0891b2"}}, {"type": "Feature", "geometry": {"type": "Point", "coordinates": [-73.864067, 7.085015]}, "properties": {"id": 543, "autor": "Diferoch", "nombre": "Columbina talpacoti rufipennis - Barrancabermeja, Santander, Colombia - 31 Dec 2025 - Diferoch - 1.jpg", "fecha": "2026-06-29 22:26:24", "desc": "Individual of Columbina talpacoti rufipennis observed in Barrancabermeja, Santander, Colombia.", "img_url": "https://upload.wikimedia.org/wikipedia/commons/d/d2/Columbina_talpacoti_rufipennis_-_Barrancabermeja%2C_Santander%2C_Colombia_-_31_Dec_2025_-_Diferoch_-_1.jpg", "thumb_url": "https://commons.wikimedia.org/wiki/Special:FilePath/Columbina%20talpacoti%20rufipennis%20-%20Barrancabermeja%2C%20Santander%2C%20Colombia%20-%2031%20Dec%202025%20-%20Diferoch%20-%201.jpg?width=640", "commons_url": "https://commons.wikimedia.org/wiki/File:Columbina_talpacoti_rufipennis_-_Barrancabermeja,_Santander,_Colombia_-_31_Dec_2025_-_Diferoch_-_1.jpg", "map_url": "https://maps.google.com/?q=7.085015,-73.864067", "departamento": "Santander", "departamento_raw": "SANTANDER", "region": "Andina", "region_color": "#2563eb"}}, {"type": "Feature", "geometry": {"type": "Point", "coordinates": [-73.86409, 7.085015]}, "properties": {"id": 544, "autor": "Diferoch", "nombre": "Columbina talpacoti rufipennis - Barrancabermeja, Santander, Colombia - 31 Dec 2025 - Diferoch - 2.jpg", "fecha": "2026-06-29 22:26:25", "desc": "Individual of Columbina talpacoti rufipennis observed in Barrancabermeja, Santander, Colombia.", "img_url": "https://upload.wikimedia.org/wikipedia/commons/a/aa/Columbina_talpacoti_rufipennis_-_Barrancabermeja%2C_Santander%2C_Colombia_-_31_Dec_2025_-_Diferoch_-_2.jpg", "thumb_url": "https://commons.wikimedia.org/wiki/Special:FilePath/Columbina%20talpacoti%20rufipennis%20-%20Barrancabermeja%2C%20Santander%2C%20Colombia%20-%2031%20Dec%202025%20-%20Diferoch%20-%202.jpg?width=640", "commons_url": "https://commons.wikimedia.org/wiki/File:Columbina_talpacoti_rufipennis_-_Barrancabermeja,_Santander,_Colombia_-_31_Dec_2025_-_Diferoch_-_2.jpg", "map_url": "https://maps.google.com/?q=7.085015,-73.864090", "departamento": "Santander", "departamento_raw": "SANTANDER", "region": "Andina", "region_color": "#2563eb"}}, {"type": "Feature", "geometry": {"type": "Point", "coordinates": [-74.53792, 4.51316]}, "properties": {"id": 545, "autor": "Supertita", "nombre": "Colín Crestudo (Colinus cristatus).jpg", "fecha": "2026-06-18 21:43:45", "desc": "(Colinus cristatus) colín crestudo o codorniz crestada-perdiz familia Odontophoridae-ave galliforme", "img_url": "https://upload.wikimedia.org/wikipedia/commons/5/5d/Col%C3%ADn_Crestudo_%28Colinus_cristatus%29.jpg", "thumb_url": "https://commons.wikimedia.org/wiki/Special:FilePath/Col%C3%ADn%20Crestudo%20%28Colinus%20cristatus%29.jpg?width=640", "commons_url": "https://commons.wikimedia.org/wiki/File:Col%C3%ADn_Crestudo_(Colinus_cristatus).jpg", "map_url": "https://maps.google.com/?q=4.513160,-74.537920", "departamento": "Cundinamarca", "departamento_raw": "CUNDINAMARCA", "region": "Andina", "region_color": "#2563eb"}}, {"type": "Feature", "geometry": {"type": "Point", "coordinates": [-75.263344, 4.876822]}, "properties": {"id": 547, "autor": "Lamoraleja", "nombre": "Como es arriba es abajo.jpg", "fecha": "2026-05-07 14:00:27", "desc": "Este lugar se llama Termales La Cabaña en Murillo Tolima, ubicado a 4.200msnm, un lugar precioso, de aguas azufradas.", "img_url": "https://upload.wikimedia.org/wikipedia/commons/3/3b/Como_es_arriba_es_abajo.jpg", "thumb_url": "https://commons.wikimedia.org/wiki/Special:FilePath/Como%20es%20arriba%20es%20abajo.jpg?width=640", "commons_url": "https://commons.wikimedia.org/wiki/File:Como_es_arriba_es_abajo.jpg", "map_url": "https://maps.google.com/?q=4.876822,-75.263344", "departamento": "Tolima", "departamento_raw": "TOLIMA", "region": "Andina", "region_color": "#2563eb"}}, {"type": "Feature", "geometry": {"type": "Point", "coordinates": [-74.063584, 4.599895]}, "properties": {"id": 552, "autor": "Diferoch", "nombre": "Compsus - Bogotá D. C., Colombia - 23 Aug 2025 - Diferoch - 1.jpg", "fecha": "2026-06-16 19:34:21", "desc": "Adult of unidentified Compsus observed in the campus of Universidad de los Andes in Bogotá, D. C., Colombia.", "img_url": "https://upload.wikimedia.org/wikipedia/commons/b/bf/Compsus_-_Bogot%C3%A1_D._C.%2C_Colombia_-_23_Aug_2025_-_Diferoch_-_1.jpg", "thumb_url": "https://commons.wikimedia.org/wiki/Special:FilePath/Compsus%20-%20Bogot%C3%A1%20D.%20C.%2C%20Colombia%20-%2023%20Aug%202025%20-%20Diferoch%20-%201.jpg?width=640", "commons_url": "https://commons.wikimedia.org/wiki/File:Compsus_-_Bogot%C3%A1_D._C.,_Colombia_-_23_Aug_2025_-_Diferoch_-_1.jpg", "map_url": "https://maps.google.com/?q=4.599895,-74.063584", "departamento": "Bogotá D.C.", "departamento_raw": "SANTAFE DE BOGOTA D.C", "region": "Andina", "region_color": "#2563eb"}}, {"type": "Feature", "geometry": {"type": "Point", "coordinates": [-74.063438, 4.600495]}, "properties": {"id": 553, "autor": "Diferoch", "nombre": "Compsus - Bogotá D. C., Colombia - 23 Aug 2025 - Diferoch - 2.jpg", "fecha": "2026-06-16 19:34:28", "desc": "Adult of unidentified Compsus observed in the campus of Universidad de los Andes in Bogotá, D. C., Colombia.", "img_url": "https://upload.wikimedia.org/wikipedia/commons/d/d8/Compsus_-_Bogot%C3%A1_D._C.%2C_Colombia_-_23_Aug_2025_-_Diferoch_-_2.jpg", "thumb_url": "https://commons.wikimedia.org/wiki/Special:FilePath/Compsus%20-%20Bogot%C3%A1%20D.%20C.%2C%20Colombia%20-%2023%20Aug%202025%20-%20Diferoch%20-%202.jpg?width=640", "commons_url": "https://commons.wikimedia.org/wiki/File:Compsus_-_Bogot%C3%A1_D._C.,_Colombia_-_23_Aug_2025_-_Diferoch_-_2.jpg", "map_url": "https://maps.google.com/?q=4.600495,-74.063438", "departamento": "Bogotá D.C.", "departamento_raw": "SANTAFE DE BOGOTA D.C", "region": "Andina", "region_color": "#2563eb"}}, {"type": "Feature", "geometry": {"type": "Point", "coordinates": [-74.066667, 4.703611]}, "properties": {"id": 554, "autor": "JulianaaValenFrog28", "nombre": "Conexión bajo un mismo horizonte.jpg", "fecha": "2026-06-30 22:25:52", "desc": "El encuentro inesperado de dos escarabajos en copula de la familia Curculionidae, conocidos como gorgojos de nariz ancha (Compsus canescens), avistados en un sendero del Humedal Córdoba en Bogotá, Colombia. Esta pareja de Compsus se encuentran en perfecta sincronía, donde se puede observar en la parte superior el macho, el cual se encuentra montando a la hembra, ubicada en la parte inferior, resaltando por su gran tamaño a diferencia de su pretendiente, la conexión entre ambos es casi invisible entre los senderos bogotanos.", "img_url": "https://upload.wikimedia.org/wikipedia/commons/6/65/Conexi%C3%B3n_bajo_un_mismo_horizonte.jpg", "thumb_url": "https://commons.wikimedia.org/wiki/Special:FilePath/Conexi%C3%B3n%20bajo%20un%20mismo%20horizonte.jpg?width=640", "commons_url": "https://commons.wikimedia.org/wiki/File:Conexi%C3%B3n_bajo_un_mismo_horizonte.jpg", "map_url": "https://maps.google.com/?q=4.703611,-74.066667", "departamento": "Bogotá D.C.", "departamento_raw": "SANTAFE DE BOGOTA D.C", "region": "Andina", "region_color": "#2563eb"}}, {"type": "Feature", "geometry": {"type": "Point", "coordinates": [-75.559639, 10.396081]}, "properties": {"id": 555, "autor": "Antoniacorralosorio", "nombre": "Confusión.jpg", "fecha": "2026-05-25 11:02:02", "desc": "Foto tomada en el sector el laguito, en Cartagena de Indias, en un recorrido de consistencia por la contaminación ambiental", "img_url": "https://upload.wikimedia.org/wikipedia/commons/2/2b/Confusi%C3%B3n.jpg", "thumb_url": "https://commons.wikimedia.org/wiki/Special:FilePath/Confusi%C3%B3n.jpg?width=640", "commons_url": "https://commons.wikimedia.org/wiki/File:Confusi%C3%B3n.jpg", "map_url": "https://maps.google.com/?q=10.396081,-75.559639", "departamento": "Bolivar", "departamento_raw": "BOLIVAR", "region": "Caribe", "region_color": "#0891b2"}}, {"type": "Feature", "geometry": {"type": "Point", "coordinates": [-74.07034, 4.59449]}, "properties": {"id": 556, "autor": "KingJo09", "nombre": "Constelación Púrpura.jpg", "fecha": "2026-05-23 21:22:42", "desc": "Una mirada cercana a un denso racimo silvestre lleno de pequeños botones florales de color magenta. La imagen captura la belleza del detalle colectivo, donde decenas de pequeñas estructuras se preparan para abrirse al mismo tiempo en un estallido de color.", "img_url": "https://upload.wikimedia.org/wikipedia/commons/5/5f/Constelaci%C3%B3n_P%C3%BArpura.jpg", "thumb_url": "https://commons.wikimedia.org/wiki/Special:FilePath/Constelaci%C3%B3n%20P%C3%BArpura.jpg?width=640", "commons_url": "https://commons.wikimedia.org/wiki/File:Constelaci%C3%B3n_P%C3%BArpura.jpg", "map_url": "https://maps.google.com/?q=4.594490,-74.070340", "departamento": "Bogotá D.C.", "departamento_raw": "SANTAFE DE BOGOTA D.C", "region": "Andina", "region_color": "#2563eb"}}, {"type": "Feature", "geometry": {"type": "Point", "coordinates": [-75.553864, 6.243749]}, "properties": {"id": 558, "autor": "Guiverfer", "nombre": "Contaminación acuática.jpg", "fecha": "2026-06-26 20:06:34", "desc": "Cuerpo de agua, quebrada el Carmen, Medellín, Colombia.", "img_url": "https://upload.wikimedia.org/wikipedia/commons/0/04/Contaminaci%C3%B3n_acu%C3%A1tica.jpg", "thumb_url": "https://commons.wikimedia.org/wiki/Special:FilePath/Contaminaci%C3%B3n%20acu%C3%A1tica.jpg?width=640", "commons_url": "https://commons.wikimedia.org/wiki/File:Contaminaci%C3%B3n_acu%C3%A1tica.jpg", "map_url": "https://maps.google.com/?q=6.243749,-75.553864", "departamento": "Antioquia", "departamento_raw": "ANTIOQUIA", "region": "Andina", "region_color": "#2563eb"}}, {"type": "Feature", "geometry": {"type": "Point", "coordinates": [-74.575762, 4.85442]}, "properties": {"id": 560, "autor": "Sophy Martinez", "nombre": "Copa verde-azulada (Chlorociboria aeruginascens).png", "fecha": "2026-06-29 01:40:05", "desc": "Una esmeralda del bosque sobre la madera: copa verde-azulada ubicada en un bosque bajo montano de Vianí, Cundinamarca.", "img_url": "https://upload.wikimedia.org/wikipedia/commons/1/13/Copa_verde-azulada_%28Chlorociboria_aeruginascens%29.png", "thumb_url": "https://commons.wikimedia.org/wiki/Special:FilePath/Copa%20verde-azulada%20%28Chlorociboria%20aeruginascens%29.png?width=640", "commons_url": "https://commons.wikimedia.org/wiki/File:Copa_verde-azulada_(Chlorociboria_aeruginascens).png", "map_url": "https://maps.google.com/?q=4.854420,-74.575762", "departamento": "Cundinamarca", "departamento_raw": "CUNDINAMARCA", "region": "Andina", "region_color": "#2563eb"}}, {"type": "Feature", "geometry": {"type": "Point", "coordinates": [-73.75284, 4.52799]}, "properties": {"id": 562, "autor": "Supertita", "nombre": "Cora Pavonia-Hygrophoraceae.jpg", "fecha": "2026-06-19 16:58:38", "desc": "Cora Pavonia-Hygrophoraceae-basidioliquén cianobacterial de la familia Hygrophoraceae-En el Parque Nacional Natural Chingaza, este hongo en simbiosis con algas es una pieza clave en los ecosistemas de páramo", "img_url": "https://upload.wikimedia.org/wikipedia/commons/6/69/Cora_Pavonia-Hygrophoraceae.jpg", "thumb_url": "https://commons.wikimedia.org/wiki/Special:FilePath/Cora%20Pavonia-Hygrophoraceae.jpg?width=640", "commons_url": "https://commons.wikimedia.org/wiki/File:Cora_Pavonia-Hygrophoraceae.jpg", "map_url": "https://maps.google.com/?q=4.527990,-73.752840", "departamento": "Cundinamarca", "departamento_raw": "CUNDINAMARCA", "region": "Andina", "region_color": "#2563eb"}}, {"type": "Feature", "geometry": {"type": "Point", "coordinates": [-77.272468, 5.704153]}, "properties": {"id": 563, "autor": "Diferoch", "nombre": "Coragyps atratus brasiliensis - Nuquí, Chocó, Colombia - 21 Oct 2025 - Diferoch - 1.jpg", "fecha": "2026-06-24 13:54:01", "desc": "Individual of Coragyps atratus brasiliensis observed in the coastal zone of Nuquí, Chocó, Colombia.", "img_url": "https://upload.wikimedia.org/wikipedia/commons/9/92/Coragyps_atratus_brasiliensis_-_Nuqu%C3%AD%2C_Choc%C3%B3%2C_Colombia_-_21_Oct_2025_-_Diferoch_-_1.jpg", "thumb_url": "https://commons.wikimedia.org/wiki/Special:FilePath/Coragyps%20atratus%20brasiliensis%20-%20Nuqu%C3%AD%2C%20Choc%C3%B3%2C%20Colombia%20-%2021%20Oct%202025%20-%20Diferoch%20-%201.jpg?width=640", "commons_url": "https://commons.wikimedia.org/wiki/File:Coragyps_atratus_brasiliensis_-_Nuqu%C3%AD,_Choc%C3%B3,_Colombia_-_21_Oct_2025_-_Diferoch_-_1.jpg", "map_url": "https://maps.google.com/?q=5.704153,-77.272468", "departamento": "Choco", "departamento_raw": "CHOCO", "region": "Pacífica", "region_color": "#059669"}}, {"type": "Feature", "geometry": {"type": "Point", "coordinates": [-77.42084, 5.624992]}, "properties": {"id": 564, "autor": "Diferoch", "nombre": "Coragyps atratus brasiliensis - Nuquí, Chocó, Colombia - 21 Oct 2025 - Diferoch - 2.jpg", "fecha": "2026-06-24 13:54:07", "desc": "Individual of Coragyps atratus brasiliensis observed in the coastal zone of Nuquí, Chocó, Colombia.", "img_url": "https://upload.wikimedia.org/wikipedia/commons/f/f3/Coragyps_atratus_brasiliensis_-_Nuqu%C3%AD%2C_Choc%C3%B3%2C_Colombia_-_21_Oct_2025_-_Diferoch_-_2.jpg", "thumb_url": "https://commons.wikimedia.org/wiki/Special:FilePath/Coragyps%20atratus%20brasiliensis%20-%20Nuqu%C3%AD%2C%20Choc%C3%B3%2C%20Colombia%20-%2021%20Oct%202025%20-%20Diferoch%20-%202.jpg?width=640", "commons_url": "https://commons.wikimedia.org/wiki/File:Coragyps_atratus_brasiliensis_-_Nuqu%C3%AD,_Choc%C3%B3,_Colombia_-_21_Oct_2025_-_Diferoch_-_2.jpg", "map_url": "https://maps.google.com/?q=5.624992,-77.420840", "departamento": "Choco", "departamento_raw": "CHOCO", "region": "Pacífica", "region_color": "#059669"}}, {"type": "Feature", "geometry": {"type": "Point", "coordinates": [-77.42125, 5.624478]}, "properties": {"id": 565, "autor": "Diferoch", "nombre": "Coragyps atratus brasiliensis - Nuquí, Chocó, Colombia - 23 Oct 2025 - Diferoch - 1.jpg", "fecha": "2026-06-25 17:48:51", "desc": "Individual of Coragyps atratus brasiliensis observed in Nuquí, Chocó, Colombia.", "img_url": "https://upload.wikimedia.org/wikipedia/commons/9/9f/Coragyps_atratus_brasiliensis_-_Nuqu%C3%AD%2C_Choc%C3%B3%2C_Colombia_-_23_Oct_2025_-_Diferoch_-_1.jpg", "thumb_url": "https://commons.wikimedia.org/wiki/Special:FilePath/Coragyps%20atratus%20brasiliensis%20-%20Nuqu%C3%AD%2C%20Choc%C3%B3%2C%20Colombia%20-%2023%20Oct%202025%20-%20Diferoch%20-%201.jpg?width=640", "commons_url": "https://commons.wikimedia.org/wiki/File:Coragyps_atratus_brasiliensis_-_Nuqu%C3%AD,_Choc%C3%B3,_Colombia_-_23_Oct_2025_-_Diferoch_-_1.jpg", "map_url": "https://maps.google.com/?q=5.624478,-77.421250", "departamento": "Choco", "departamento_raw": "CHOCO", "region": "Pacífica", "region_color": "#059669"}}, {"type": "Feature", "geometry": {"type": "Point", "coordinates": [-77.42084, 5.624992]}, "properties": {"id": 566, "autor": "Diferoch", "nombre": "Coragyps atratus brasiliensis - Nuquí, Chocó, Colombia - 23 Oct 2025 - Diferoch - 2.jpg", "fecha": "2026-06-25 17:49:02", "desc": "Individual of Coragyps atratus brasiliensis observed in Nuquí, Chocó, Colombia.", "img_url": "https://upload.wikimedia.org/wikipedia/commons/c/cb/Coragyps_atratus_brasiliensis_-_Nuqu%C3%AD%2C_Choc%C3%B3%2C_Colombia_-_23_Oct_2025_-_Diferoch_-_2.jpg", "thumb_url": "https://commons.wikimedia.org/wiki/Special:FilePath/Coragyps%20atratus%20brasiliensis%20-%20Nuqu%C3%AD%2C%20Choc%C3%B3%2C%20Colombia%20-%2023%20Oct%202025%20-%20Diferoch%20-%202.jpg?width=640", "commons_url": "https://commons.wikimedia.org/wiki/File:Coragyps_atratus_brasiliensis_-_Nuqu%C3%AD,_Choc%C3%B3,_Colombia_-_23_Oct_2025_-_Diferoch_-_2.jpg", "map_url": "https://maps.google.com/?q=5.624992,-77.420840", "departamento": "Choco", "departamento_raw": "CHOCO", "region": "Pacífica", "region_color": "#059669"}}, {"type": "Feature", "geometry": {"type": "Point", "coordinates": [-77.42084, 5.624992]}, "properties": {"id": 567, "autor": "Diferoch", "nombre": "Coragyps atratus brasiliensis - Nuquí, Chocó, Colombia - 23 Oct 2025 - Diferoch - 3.jpg", "fecha": "2026-06-25 17:49:02", "desc": "Individual of Coragyps atratus brasiliensis observed in Nuquí, Chocó, Colombia.", "img_url": "https://upload.wikimedia.org/wikipedia/commons/8/83/Coragyps_atratus_brasiliensis_-_Nuqu%C3%AD%2C_Choc%C3%B3%2C_Colombia_-_23_Oct_2025_-_Diferoch_-_3.jpg", "thumb_url": "https://commons.wikimedia.org/wiki/Special:FilePath/Coragyps%20atratus%20brasiliensis%20-%20Nuqu%C3%AD%2C%20Choc%C3%B3%2C%20Colombia%20-%2023%20Oct%202025%20-%20Diferoch%20-%203.jpg?width=640", "commons_url": "https://commons.wikimedia.org/wiki/File:Coragyps_atratus_brasiliensis_-_Nuqu%C3%AD,_Choc%C3%B3,_Colombia_-_23_Oct_2025_-_Diferoch_-_3.jpg", "map_url": "https://maps.google.com/?q=5.624992,-77.420840", "departamento": "Choco", "departamento_raw": "CHOCO", "region": "Pacífica", "region_color": "#059669"}}, {"type": "Feature", "geometry": {"type": "Point", "coordinates": [-74.3276, 5.0294]}, "properties": {"id": 572, "autor": "Supertita", "nombre": "Cormorán Neotropical- Nannopterum brasilianum-Laguna El Tabacal La Vega.jpg", "fecha": "2026-06-19 18:19:26", "desc": "Cormorán Neotropical-Nannopterum brasilianum-ave suliforme de la familia Phalacrocoracidae-Laguna El Tabacal La Vega", "img_url": "https://upload.wikimedia.org/wikipedia/commons/f/f3/Cormor%C3%A1n_Neotropical-_Nannopterum_brasilianum-Laguna_El_Tabacal_La_Vega.jpg", "thumb_url": "https://commons.wikimedia.org/wiki/Special:FilePath/Cormor%C3%A1n%20Neotropical-%20Nannopterum%20brasilianum-Laguna%20El%20Tabacal%20La%20Vega.jpg?width=640", "commons_url": "https://commons.wikimedia.org/wiki/File:Cormor%C3%A1n_Neotropical-_Nannopterum_brasilianum-Laguna_El_Tabacal_La_Vega.jpg", "map_url": "https://maps.google.com/?q=5.029400,-74.327600", "departamento": "Cundinamarca", "departamento_raw": "CUNDINAMARCA", "region": "Andina", "region_color": "#2563eb"}}, {"type": "Feature", "geometry": {"type": "Point", "coordinates": [-74.07034, 4.59449]}, "properties": {"id": 574, "autor": "KingJo09", "nombre": "Corona de Fuegos Artificiales.jpg", "fecha": "2026-05-23 21:22:50", "desc": "Un majestuoso plano cerrado que revela la compleja estructura de un Agapanto. Sus pétalos alternan matices azules y violáceos que brillan con luz propia, destacando sobre un fondo de hojas alargadas y oscuras que aportan una gran profundidad a la imagen.", "img_url": "https://upload.wikimedia.org/wikipedia/commons/f/f4/Corona_de_Fuegos_Artificiales.jpg", "thumb_url": "https://commons.wikimedia.org/wiki/Special:FilePath/Corona%20de%20Fuegos%20Artificiales.jpg?width=640", "commons_url": "https://commons.wikimedia.org/wiki/File:Corona_de_Fuegos_Artificiales.jpg", "map_url": "https://maps.google.com/?q=4.594490,-74.070340", "departamento": "Bogotá D.C.", "departamento_raw": "SANTAFE DE BOGOTA D.C", "region": "Andina", "region_color": "#2563eb"}}, {"type": "Feature", "geometry": {"type": "Point", "coordinates": [-75.335031, 4.980914]}, "properties": {"id": 575, "autor": "Adrianvargasag", "nombre": "Corona de flores.jpg", "fecha": "2026-05-02 03:03:05", "desc": "Los frailejones que nos acompañan en el camino de páramos nos hacen recordar lo bello y único que es nuestro planeta, el como nos provee de riqueza natural y vida", "img_url": "https://upload.wikimedia.org/wikipedia/commons/5/5e/Corona_de_flores.jpg", "thumb_url": "https://commons.wikimedia.org/wiki/Special:FilePath/Corona%20de%20flores.jpg?width=640", "commons_url": "https://commons.wikimedia.org/wiki/File:Corona_de_flores.jpg", "map_url": "https://maps.google.com/?q=4.980914,-75.335031", "departamento": "Tolima", "departamento_raw": "TOLIMA", "region": "Andina", "region_color": "#2563eb"}}, {"type": "Feature", "geometry": {"type": "Point", "coordinates": [-75.335258, 4.980656]}, "properties": {"id": 576, "autor": "Adrianvargasag", "nombre": "Corona de nieblas.jpg", "fecha": "2026-05-02 03:03:06", "desc": "La laguna negra es un punto de entrada al parque natural nacional Los Nevados, una masa de agua glacial que inspira admiración", "img_url": "https://upload.wikimedia.org/wikipedia/commons/2/25/Corona_de_nieblas.jpg", "thumb_url": "https://commons.wikimedia.org/wiki/Special:FilePath/Corona%20de%20nieblas.jpg?width=640", "commons_url": "https://commons.wikimedia.org/wiki/File:Corona_de_nieblas.jpg", "map_url": "https://maps.google.com/?q=4.980656,-75.335258", "departamento": "Tolima", "departamento_raw": "TOLIMA", "region": "Andina", "region_color": "#2563eb"}}, {"type": "Feature", "geometry": {"type": "Point", "coordinates": [-74.100198, 4.668211]}, "properties": {"id": 583, "autor": "Supertita", "nombre": "Crab claw, hanging lobster-claws, hanging parrot’s beak, lobster claw, parrot’s beak heliconia.jpg", "fecha": "2026-06-19 15:42:44", "desc": "Heliconia rostrata-Platanillo colgante-specie", "img_url": "https://upload.wikimedia.org/wikipedia/commons/9/9f/Crab_claw%2C_hanging_lobster-claws%2C_hanging_parrot%E2%80%99s_beak%2C_lobster_claw%2C_parrot%E2%80%99s_beak_heliconia.jpg", "thumb_url": "https://commons.wikimedia.org/wiki/Special:FilePath/Crab%20claw%2C%20hanging%20lobster-claws%2C%20hanging%20parrot%E2%80%99s%20beak%2C%20lobster%20claw%2C%20parrot%E2%80%99s%20beak%20heliconia.jpg?width=640", "commons_url": "https://commons.wikimedia.org/wiki/File:Crab_claw,_hanging_lobster-claws,_hanging_parrot%E2%80%99s_beak,_lobster_claw,_parrot%E2%80%99s_beak_heliconia.jpg", "map_url": "https://maps.google.com/?q=4.668211,-74.100198", "departamento": "Bogotá D.C.", "departamento_raw": "SANTAFE DE BOGOTA D.C", "region": "Andina", "region_color": "#2563eb"}}, {"type": "Feature", "geometry": {"type": "Point", "coordinates": [-75.44, 5.07]}, "properties": {"id": 587, "autor": "Charlesjsharp", "nombre": "Crescent-faced antpitta (Grallaricula lineifrons) Caldas 2.jpg", "fecha": "2026-05-29 14:48:22", "desc": "Crescent-faced antpitta ( Grallaricula lineifrons ), Reserva Ecologica Rio Blanco, Manizales, Caldas, Colombia", "img_url": "https://upload.wikimedia.org/wikipedia/commons/9/9a/Crescent-faced_antpitta_%28Grallaricula_lineifrons%29_Caldas_2.jpg", "thumb_url": "https://commons.wikimedia.org/wiki/Special:FilePath/Crescent-faced%20antpitta%20%28Grallaricula%20lineifrons%29%20Caldas%202.jpg?width=640", "commons_url": "https://commons.wikimedia.org/wiki/File:Crescent-faced_antpitta_(Grallaricula_lineifrons)_Caldas_2.jpg", "map_url": "https://maps.google.com/?q=5.070000,-75.440000", "departamento": "Caldas", "departamento_raw": "CALDAS", "region": "Andina", "region_color": "#2563eb"}}, {"type": "Feature", "geometry": {"type": "Point", "coordinates": [-74.1721, 4.5816]}, "properties": {"id": 588, "autor": "Supertita", "nombre": "Crimson-backed Tanager.jpg", "fecha": "2026-06-19 18:07:06", "desc": "hummingbird", "img_url": "https://upload.wikimedia.org/wikipedia/commons/6/61/Crimson-backed_Tanager.jpg", "thumb_url": "https://commons.wikimedia.org/wiki/Special:FilePath/Crimson-backed%20Tanager.jpg?width=640", "commons_url": "https://commons.wikimedia.org/wiki/File:Crimson-backed_Tanager.jpg", "map_url": "https://maps.google.com/?q=4.581600,-7.417210", "departamento": "Bogotá D.C.", "departamento_raw": "SANTAFE DE BOGOTA D.C", "region": "Andina", "region_color": "#2563eb"}}, {"type": "Feature", "geometry": {"type": "Point", "coordinates": [-74.08291, 4.87337]}, "properties": {"id": 589, "autor": "Rodrigomacrophoto", "nombre": "Crisopa verde reposando en una rama.jpg", "fecha": "2026-06-23 14:41:05", "desc": "Adulto de Crisopidae, individuo reposando debajo de una rama después de aterrizar con su característico vuelo agitado pero lento.", "img_url": "https://upload.wikimedia.org/wikipedia/commons/2/23/Crisopa_verde_reposando_en_una_rama.jpg", "thumb_url": "https://commons.wikimedia.org/wiki/Special:FilePath/Crisopa%20verde%20reposando%20en%20una%20rama.jpg?width=640", "commons_url": "https://commons.wikimedia.org/wiki/File:Crisopa_verde_reposando_en_una_rama.jpg", "map_url": "https://maps.google.com/?q=4.873370,-74.082910", "departamento": "Cundinamarca", "departamento_raw": "CUNDINAMARCA", "region": "Andina", "region_color": "#2563eb"}}, {"type": "Feature", "geometry": {"type": "Point", "coordinates": [-74.06, 4.69]}, "properties": {"id": 594, "autor": "Romauribe", "nombre": "Crías de Colibrí coruscans - Colibrí chillón, Bogotá, Colombia.jpg", "fecha": "2026-06-08 11:32:01", "desc": "These are the baby birds of a Rufous-collared Sparrow or Coruscans, a species native to Bogotá, Colombia", "img_url": "https://upload.wikimedia.org/wikipedia/commons/8/80/Cr%C3%ADas_de_Colibr%C3%AD_coruscans_-_Colibr%C3%AD_chill%C3%B3n%2C_Bogot%C3%A1%2C_Colombia.jpg", "thumb_url": "https://commons.wikimedia.org/wiki/Special:FilePath/Cr%C3%ADas%20de%20Colibr%C3%AD%20coruscans%20-%20Colibr%C3%AD%20chill%C3%B3n%2C%20Bogot%C3%A1%2C%20Colombia.jpg?width=640", "commons_url": "https://commons.wikimedia.org/wiki/File:Cr%C3%ADas_de_Colibr%C3%AD_coruscans_-_Colibr%C3%AD_chill%C3%B3n,_Bogot%C3%A1,_Colombia.jpg", "map_url": "https://maps.google.com/?q=4.690000,-74.060000", "departamento": "Bogotá D.C.", "departamento_raw": "SANTAFE DE BOGOTA D.C", "region": "Andina", "region_color": "#2563eb"}}, {"type": "Feature", "geometry": {"type": "Point", "coordinates": [-78.205967, 2.936613]}, "properties": {"id": 595, "autor": "LentedeBerilo", "nombre": "Cuando la cordillera se une con el azul de la bandera.jpg", "fecha": "2026-06-17 17:48:17", "desc": "Cordillera of the Colombian Andes observed on the horizon from the rocky coast \"La Ventana\" on Gorgona Island, approximately 30 km from the continental coast.", "img_url": "https://upload.wikimedia.org/wikipedia/commons/9/97/Cuando_la_cordillera_se_une_con_el_azul_de_la_bandera.jpg", "thumb_url": "https://commons.wikimedia.org/wiki/Special:FilePath/Cuando%20la%20cordillera%20se%20une%20con%20el%20azul%20de%20la%20bandera.jpg?width=640", "commons_url": "https://commons.wikimedia.org/wiki/File:Cuando_la_cordillera_se_une_con_el_azul_de_la_bandera.jpg", "map_url": "https://maps.google.com/?q=2.936613,-78.205967", "departamento": "Cauca", "departamento_raw": "CAUCA", "region": "Pacífica", "region_color": "#059669"}}, {"type": "Feature", "geometry": {"type": "Point", "coordinates": [-74.264242, 4.984594]}, "properties": {"id": 599, "autor": "AmiGueko", "nombre": "Cucú ardilla.jpg", "fecha": "2026-06-28 16:54:49", "desc": "Cuco ardilla común (Piaya cayana), una especie de ave cuculiforme del Neotrópico.", "img_url": "https://upload.wikimedia.org/wikipedia/commons/5/53/Cuc%C3%BA_ardilla.jpg", "thumb_url": "https://commons.wikimedia.org/wiki/Special:FilePath/Cuc%C3%BA%20ardilla.jpg?width=640", "commons_url": "https://commons.wikimedia.org/wiki/File:Cuc%C3%BA_ardilla.jpg", "map_url": "https://maps.google.com/?q=4.984594,-74.264242", "departamento": "Cundinamarca", "departamento_raw": "CUNDINAMARCA", "region": "Andina", "region_color": "#2563eb"}}, {"type": "Feature", "geometry": {"type": "Point", "coordinates": [-74.26404, 4.984627]}, "properties": {"id": 600, "autor": "AmiGueko", "nombre": "Cucú ardilla se posa en un árbol.jpg", "fecha": "2026-06-28 16:57:52", "desc": "Cuco ardilla común (Piaya cayana), una especie de ave cuculiforme del Neotrópico.", "img_url": "https://upload.wikimedia.org/wikipedia/commons/7/77/Cuc%C3%BA_ardilla_se_posa_en_un_%C3%A1rbol.jpg", "thumb_url": "https://commons.wikimedia.org/wiki/Special:FilePath/Cuc%C3%BA%20ardilla%20se%20posa%20en%20un%20%C3%A1rbol.jpg?width=640", "commons_url": "https://commons.wikimedia.org/wiki/File:Cuc%C3%BA_ardilla_se_posa_en_un_%C3%A1rbol.jpg", "map_url": "https://maps.google.com/?q=4.984627,-74.264040", "departamento": "Cundinamarca", "departamento_raw": "CUNDINAMARCA", "region": "Andina", "region_color": "#2563eb"}}, {"type": "Feature", "geometry": {"type": "Point", "coordinates": [-69.918611, 2.263333]}, "properties": {"id": 601, "autor": "Herme Cantero", "nombre": "Cuenca Alta y Media del Río Inírida, Guainía.jpg 01.jpg", "fecha": "2026-05-07 22:55:35", "desc": "La fotos aquí subidas fueron tomadas a lo largo de los últimos tres años. Desde 2023 los paisajes del departamento del Guainía fueron objeto de interés para mí, un lugar maravilloso perteneciente a comunidades indígenas curripacos, puinaves y cubeos.", "img_url": "https://upload.wikimedia.org/wikipedia/commons/7/70/Cuenca_Alta_y_Media_del_R%C3%ADo_In%C3%ADrida%2C_Guain%C3%ADa.jpg_01.jpg", "thumb_url": "https://commons.wikimedia.org/wiki/Special:FilePath/Cuenca%20Alta%20y%20Media%20del%20R%C3%ADo%20In%C3%ADrida%2C%20Guain%C3%ADa.jpg%2001.jpg?width=640", "commons_url": "https://commons.wikimedia.org/wiki/File:Cuenca_Alta_y_Media_del_R%C3%ADo_In%C3%ADrida,_Guain%C3%ADa.jpg_01.jpg", "map_url": "https://maps.google.com/?q=2.263333,-69.918611", "departamento": "Guainia", "departamento_raw": "GUAINIA", "region": "Amazonía", "region_color": "#15803d"}}, {"type": "Feature", "geometry": {"type": "Point", "coordinates": [-67.936312, 3.645495]}, "properties": {"id": 613, "autor": "Herme Cantero", "nombre": "Cuenca Media del Río Inírida, Guainía.jpg 13.jpg", "fecha": "2026-05-07 22:55:49", "desc": "La fotos aquí subidas fueron tomadas a lo largo de los últimos tres años. Desde 2023 los paisajes del departamento del Guainía fueron objeto de interés para mí, un lugar maravilloso perteneciente a comunidades indígenas curripacos, puinaves y cubeos.", "img_url": "https://upload.wikimedia.org/wikipedia/commons/c/ce/Cuenca_Media_del_R%C3%ADo_In%C3%ADrida%2C_Guain%C3%ADa.jpg_13.jpg", "thumb_url": "https://commons.wikimedia.org/wiki/Special:FilePath/Cuenca%20Media%20del%20R%C3%ADo%20In%C3%ADrida%2C%20Guain%C3%ADa.jpg%2013.jpg?width=640", "commons_url": "https://commons.wikimedia.org/wiki/File:Cuenca_Media_del_R%C3%ADo_In%C3%ADrida,_Guain%C3%ADa.jpg_13.jpg", "map_url": "https://maps.google.com/?q=3.645495,-67.936312", "departamento": "Guainia", "departamento_raw": "GUAINIA", "region": "Amazonía", "region_color": "#15803d"}}, {"type": "Feature", "geometry": {"type": "Point", "coordinates": [-67.970807, 3.461922]}, "properties": {"id": 614, "autor": "Herme Cantero", "nombre": "Cuenca Media del Río Inírida, Guainía.jpg 14.jpg", "fecha": "2026-05-07 22:55:50", "desc": "La fotos aquí subidas fueron tomadas a lo largo de los últimos tres años. Desde 2023 los paisajes del departamento del Guainía fueron objeto de interés para mí, un lugar maravilloso perteneciente a comunidades indígenas curripacos, puinaves y cubeos.", "img_url": "https://upload.wikimedia.org/wikipedia/commons/2/28/Cuenca_Media_del_R%C3%ADo_In%C3%ADrida%2C_Guain%C3%ADa.jpg_14.jpg", "thumb_url": "https://commons.wikimedia.org/wiki/Special:FilePath/Cuenca%20Media%20del%20R%C3%ADo%20In%C3%ADrida%2C%20Guain%C3%ADa.jpg%2014.jpg?width=640", "commons_url": "https://commons.wikimedia.org/wiki/File:Cuenca_Media_del_R%C3%ADo_In%C3%ADrida,_Guain%C3%ADa.jpg_14.jpg", "map_url": "https://maps.google.com/?q=3.461922,-67.970807", "departamento": "Guainia", "departamento_raw": "GUAINIA", "region": "Amazonía", "region_color": "#15803d"}}, {"type": "Feature", "geometry": {"type": "Point", "coordinates": [-67.970807, 3.461922]}, "properties": {"id": 615, "autor": "Herme Cantero", "nombre": "Cuenca Media del Río Inírida, Guainía.jpg 15.jpg", "fecha": "2026-05-07 22:55:51", "desc": "La fotos aquí subidas fueron tomadas a lo largo de los últimos tres años. Desde 2023 los paisajes del departamento del Guainía fueron objeto de interés para mí, un lugar maravilloso perteneciente a comunidades indígenas curripacos, puinaves y cubeos.", "img_url": "https://upload.wikimedia.org/wikipedia/commons/e/e0/Cuenca_Media_del_R%C3%ADo_In%C3%ADrida%2C_Guain%C3%ADa.jpg_15.jpg", "thumb_url": "https://commons.wikimedia.org/wiki/Special:FilePath/Cuenca%20Media%20del%20R%C3%ADo%20In%C3%ADrida%2C%20Guain%C3%ADa.jpg%2015.jpg?width=640", "commons_url": "https://commons.wikimedia.org/wiki/File:Cuenca_Media_del_R%C3%ADo_In%C3%ADrida,_Guain%C3%ADa.jpg_15.jpg", "map_url": "https://maps.google.com/?q=3.461922,-67.970807", "departamento": "Guainia", "departamento_raw": "GUAINIA", "region": "Amazonía", "region_color": "#15803d"}}, {"type": "Feature", "geometry": {"type": "Point", "coordinates": [-67.970807, 3.461922]}, "properties": {"id": 616, "autor": "Herme Cantero", "nombre": "Cuenca Media del Río Inírida, Guainía.jpg 16.jpg", "fecha": "2026-05-07 22:55:52", "desc": "La fotos aquí subidas fueron tomadas a lo largo de los últimos tres años. Desde 2023 los paisajes del departamento del Guainía fueron objeto de interés para mí, un lugar maravilloso perteneciente a comunidades indígenas curripacos, puinaves y cubeos.", "img_url": "https://upload.wikimedia.org/wikipedia/commons/1/14/Cuenca_Media_del_R%C3%ADo_In%C3%ADrida%2C_Guain%C3%ADa.jpg_16.jpg", "thumb_url": "https://commons.wikimedia.org/wiki/Special:FilePath/Cuenca%20Media%20del%20R%C3%ADo%20In%C3%ADrida%2C%20Guain%C3%ADa.jpg%2016.jpg?width=640", "commons_url": "https://commons.wikimedia.org/wiki/File:Cuenca_Media_del_R%C3%ADo_In%C3%ADrida,_Guain%C3%ADa.jpg_16.jpg", "map_url": "https://maps.google.com/?q=3.461922,-67.970807", "departamento": "Guainia", "departamento_raw": "GUAINIA", "region": "Amazonía", "region_color": "#15803d"}}, {"type": "Feature", "geometry": {"type": "Point", "coordinates": [-67.970807, 3.461922]}, "properties": {"id": 617, "autor": "Herme Cantero", "nombre": "Cuenca Media del Río Inírida, Guainía.jpg 17.jpg", "fecha": "2026-05-07 22:55:53", "desc": "La fotos aquí subidas fueron tomadas a lo largo de los últimos tres años. Desde 2023 los paisajes del departamento del Guainía fueron objeto de interés para mí, un lugar maravilloso perteneciente a comunidades indígenas curripacos, puinaves y cubeos.", "img_url": "https://upload.wikimedia.org/wikipedia/commons/6/69/Cuenca_Media_del_R%C3%ADo_In%C3%ADrida%2C_Guain%C3%ADa.jpg_17.jpg", "thumb_url": "https://commons.wikimedia.org/wiki/Special:FilePath/Cuenca%20Media%20del%20R%C3%ADo%20In%C3%ADrida%2C%20Guain%C3%ADa.jpg%2017.jpg?width=640", "commons_url": "https://commons.wikimedia.org/wiki/File:Cuenca_Media_del_R%C3%ADo_In%C3%ADrida,_Guain%C3%ADa.jpg_17.jpg", "map_url": "https://maps.google.com/?q=3.461922,-67.970807", "departamento": "Guainia", "departamento_raw": "GUAINIA", "region": "Amazonía", "region_color": "#15803d"}}, {"type": "Feature", "geometry": {"type": "Point", "coordinates": [-67.970807, 3.461922]}, "properties": {"id": 618, "autor": "Herme Cantero", "nombre": "Cuenca Media del Río Inírida, Guainía.jpg 18.jpg", "fecha": "2026-05-07 22:55:56", "desc": "La fotos aquí subidas fueron tomadas a lo largo de los últimos tres años. Desde 2023 los paisajes del departamento del Guainía fueron objeto de interés para mí, un lugar maravilloso perteneciente a comunidades indígenas curripacos, puinaves y cubeos.", "img_url": "https://upload.wikimedia.org/wikipedia/commons/3/3a/Cuenca_Media_del_R%C3%ADo_In%C3%ADrida%2C_Guain%C3%ADa.jpg_18.jpg", "thumb_url": "https://commons.wikimedia.org/wiki/Special:FilePath/Cuenca%20Media%20del%20R%C3%ADo%20In%C3%ADrida%2C%20Guain%C3%ADa.jpg%2018.jpg?width=640", "commons_url": "https://commons.wikimedia.org/wiki/File:Cuenca_Media_del_R%C3%ADo_In%C3%ADrida,_Guain%C3%ADa.jpg_18.jpg", "map_url": "https://maps.google.com/?q=3.461922,-67.970807", "departamento": "Guainia", "departamento_raw": "GUAINIA", "region": "Amazonía", "region_color": "#15803d"}}, {"type": "Feature", "geometry": {"type": "Point", "coordinates": [-67.970807, 3.461922]}, "properties": {"id": 619, "autor": "Herme Cantero", "nombre": "Cuenca Media del Río Inírida, Guainía.jpg 19.jpg", "fecha": "2026-05-07 22:55:56", "desc": "La fotos aquí subidas fueron tomadas a lo largo de los últimos tres años. Desde 2023 los paisajes del departamento del Guainía fueron objeto de interés para mí, un lugar maravilloso perteneciente a comunidades indígenas curripacos, puinaves y cubeos.", "img_url": "https://upload.wikimedia.org/wikipedia/commons/5/57/Cuenca_Media_del_R%C3%ADo_In%C3%ADrida%2C_Guain%C3%ADa.jpg_19.jpg", "thumb_url": "https://commons.wikimedia.org/wiki/Special:FilePath/Cuenca%20Media%20del%20R%C3%ADo%20In%C3%ADrida%2C%20Guain%C3%ADa.jpg%2019.jpg?width=640", "commons_url": "https://commons.wikimedia.org/wiki/File:Cuenca_Media_del_R%C3%ADo_In%C3%ADrida,_Guain%C3%ADa.jpg_19.jpg", "map_url": "https://maps.google.com/?q=3.461922,-67.970807", "departamento": "Guainia", "departamento_raw": "GUAINIA", "region": "Amazonía", "region_color": "#15803d"}}, {"type": "Feature", "geometry": {"type": "Point", "coordinates": [-67.970807, 3.461922]}, "properties": {"id": 620, "autor": "Herme Cantero", "nombre": "Cuenca Media del Río Inírida, Guainía.jpg 20.jpg", "fecha": "2026-05-07 22:55:56", "desc": "La fotos aquí subidas fueron tomadas a lo largo de los últimos tres años. Desde 2023 los paisajes del departamento del Guainía fueron objeto de interés para mí, un lugar maravilloso perteneciente a comunidades indígenas curripacos, puinaves y cubeos.", "img_url": "https://upload.wikimedia.org/wikipedia/commons/8/87/Cuenca_Media_del_R%C3%ADo_In%C3%ADrida%2C_Guain%C3%ADa.jpg_20.jpg", "thumb_url": "https://commons.wikimedia.org/wiki/Special:FilePath/Cuenca%20Media%20del%20R%C3%ADo%20In%C3%ADrida%2C%20Guain%C3%ADa.jpg%2020.jpg?width=640", "commons_url": "https://commons.wikimedia.org/wiki/File:Cuenca_Media_del_R%C3%ADo_In%C3%ADrida,_Guain%C3%ADa.jpg_20.jpg", "map_url": "https://maps.google.com/?q=3.461922,-67.970807", "departamento": "Guainia", "departamento_raw": "GUAINIA", "region": "Amazonía", "region_color": "#15803d"}}, {"type": "Feature", "geometry": {"type": "Point", "coordinates": [-67.970807, 3.461922]}, "properties": {"id": 621, "autor": "Herme Cantero", "nombre": "Cuenca Media del Río Inírida, Guainía.jpg 21.jpg", "fecha": "2026-05-07 22:56:00", "desc": "La fotos aquí subidas fueron tomadas a lo largo de los últimos tres años. Desde 2023 los paisajes del departamento del Guainía fueron objeto de interés para mí, un lugar maravilloso perteneciente a comunidades indígenas curripacos, puinaves y cubeos.", "img_url": "https://upload.wikimedia.org/wikipedia/commons/e/e6/Cuenca_Media_del_R%C3%ADo_In%C3%ADrida%2C_Guain%C3%ADa.jpg_21.jpg", "thumb_url": "https://commons.wikimedia.org/wiki/Special:FilePath/Cuenca%20Media%20del%20R%C3%ADo%20In%C3%ADrida%2C%20Guain%C3%ADa.jpg%2021.jpg?width=640", "commons_url": "https://commons.wikimedia.org/wiki/File:Cuenca_Media_del_R%C3%ADo_In%C3%ADrida,_Guain%C3%ADa.jpg_21.jpg", "map_url": "https://maps.google.com/?q=3.461922,-67.970807", "departamento": "Guainia", "departamento_raw": "GUAINIA", "region": "Amazonía", "region_color": "#15803d"}}, {"type": "Feature", "geometry": {"type": "Point", "coordinates": [-67.970807, 3.461922]}, "properties": {"id": 622, "autor": "Herme Cantero", "nombre": "Cuenca Media del Río Inírida, Guainía.jpg 22.jpg", "fecha": "2026-05-07 22:56:00", "desc": "La fotos aquí subidas fueron tomadas a lo largo de los últimos tres años. Desde 2023 los paisajes del departamento del Guainía fueron objeto de interés para mí, un lugar maravilloso perteneciente a comunidades indígenas curripacos, puinaves y cubeos.", "img_url": "https://upload.wikimedia.org/wikipedia/commons/3/32/Cuenca_Media_del_R%C3%ADo_In%C3%ADrida%2C_Guain%C3%ADa.jpg_22.jpg", "thumb_url": "https://commons.wikimedia.org/wiki/Special:FilePath/Cuenca%20Media%20del%20R%C3%ADo%20In%C3%ADrida%2C%20Guain%C3%ADa.jpg%2022.jpg?width=640", "commons_url": "https://commons.wikimedia.org/wiki/File:Cuenca_Media_del_R%C3%ADo_In%C3%ADrida,_Guain%C3%ADa.jpg_22.jpg", "map_url": "https://maps.google.com/?q=3.461922,-67.970807", "departamento": "Guainia", "departamento_raw": "GUAINIA", "region": "Amazonía", "region_color": "#15803d"}}, {"type": "Feature", "geometry": {"type": "Point", "coordinates": [-67.970807, 3.461922]}, "properties": {"id": 623, "autor": "Herme Cantero", "nombre": "Cuenca Media del Río Inírida, Guainía.jpg 23.jpg", "fecha": "2026-05-07 22:56:00", "desc": "La fotos aquí subidas fueron tomadas a lo largo de los últimos tres años. Desde 2023 los paisajes del departamento del Guainía fueron objeto de interés para mí, un lugar maravilloso perteneciente a comunidades indígenas curripacos, puinaves y cubeos.", "img_url": "https://upload.wikimedia.org/wikipedia/commons/f/fd/Cuenca_Media_del_R%C3%ADo_In%C3%ADrida%2C_Guain%C3%ADa.jpg_23.jpg", "thumb_url": "https://commons.wikimedia.org/wiki/Special:FilePath/Cuenca%20Media%20del%20R%C3%ADo%20In%C3%ADrida%2C%20Guain%C3%ADa.jpg%2023.jpg?width=640", "commons_url": "https://commons.wikimedia.org/wiki/File:Cuenca_Media_del_R%C3%ADo_In%C3%ADrida,_Guain%C3%ADa.jpg_23.jpg", "map_url": "https://maps.google.com/?q=3.461922,-67.970807", "departamento": "Guainia", "departamento_raw": "GUAINIA", "region": "Amazonía", "region_color": "#15803d"}}, {"type": "Feature", "geometry": {"type": "Point", "coordinates": [-67.970807, 3.461922]}, "properties": {"id": 624, "autor": "Herme Cantero", "nombre": "Cuenca Media del Río Inírida, Guainía.jpg 24.jpg", "fecha": "2026-05-07 22:56:03", "desc": "La fotos aquí subidas fueron tomadas a lo largo de los últimos tres años. Desde 2023 los paisajes del departamento del Guainía fueron objeto de interés para mí, un lugar maravilloso perteneciente a comunidades indígenas curripacos, puinaves y cubeos.", "img_url": "https://upload.wikimedia.org/wikipedia/commons/1/15/Cuenca_Media_del_R%C3%ADo_In%C3%ADrida%2C_Guain%C3%ADa.jpg_24.jpg", "thumb_url": "https://commons.wikimedia.org/wiki/Special:FilePath/Cuenca%20Media%20del%20R%C3%ADo%20In%C3%ADrida%2C%20Guain%C3%ADa.jpg%2024.jpg?width=640", "commons_url": "https://commons.wikimedia.org/wiki/File:Cuenca_Media_del_R%C3%ADo_In%C3%ADrida,_Guain%C3%ADa.jpg_24.jpg", "map_url": "https://maps.google.com/?q=3.461922,-67.970807", "departamento": "Guainia", "departamento_raw": "GUAINIA", "region": "Amazonía", "region_color": "#15803d"}}, {"type": "Feature", "geometry": {"type": "Point", "coordinates": [-67.970807, 3.461922]}, "properties": {"id": 625, "autor": "Herme Cantero", "nombre": "Cuenca Media del Río Inírida, Guainía.jpg 25.jpg", "fecha": "2026-05-07 22:56:04", "desc": "La fotos aquí subidas fueron tomadas a lo largo de los últimos tres años. Desde 2023 los paisajes del departamento del Guainía fueron objeto de interés para mí, un lugar maravilloso perteneciente a comunidades indígenas curripacos, puinaves y cubeos.", "img_url": "https://upload.wikimedia.org/wikipedia/commons/b/b1/Cuenca_Media_del_R%C3%ADo_In%C3%ADrida%2C_Guain%C3%ADa.jpg_25.jpg", "thumb_url": "https://commons.wikimedia.org/wiki/Special:FilePath/Cuenca%20Media%20del%20R%C3%ADo%20In%C3%ADrida%2C%20Guain%C3%ADa.jpg%2025.jpg?width=640", "commons_url": "https://commons.wikimedia.org/wiki/File:Cuenca_Media_del_R%C3%ADo_In%C3%ADrida,_Guain%C3%ADa.jpg_25.jpg", "map_url": "https://maps.google.com/?q=3.461922,-67.970807", "departamento": "Guainia", "departamento_raw": "GUAINIA", "region": "Amazonía", "region_color": "#15803d"}}, {"type": "Feature", "geometry": {"type": "Point", "coordinates": [-67.970807, 3.461922]}, "properties": {"id": 626, "autor": "Herme Cantero", "nombre": "Cuenca Media del Río Inírida, Guainía.jpg 26.jpg", "fecha": "2026-05-07 22:56:05", "desc": "La fotos aquí subidas fueron tomadas a lo largo de los últimos tres años. Desde 2023 los paisajes del departamento del Guainía fueron objeto de interés para mí, un lugar maravilloso perteneciente a comunidades indígenas curripacos, puinaves y cubeos.", "img_url": "https://upload.wikimedia.org/wikipedia/commons/3/31/Cuenca_Media_del_R%C3%ADo_In%C3%ADrida%2C_Guain%C3%ADa.jpg_26.jpg", "thumb_url": "https://commons.wikimedia.org/wiki/Special:FilePath/Cuenca%20Media%20del%20R%C3%ADo%20In%C3%ADrida%2C%20Guain%C3%ADa.jpg%2026.jpg?width=640", "commons_url": "https://commons.wikimedia.org/wiki/File:Cuenca_Media_del_R%C3%ADo_In%C3%ADrida,_Guain%C3%ADa.jpg_26.jpg", "map_url": "https://maps.google.com/?q=3.461922,-67.970807", "departamento": "Guainia", "departamento_raw": "GUAINIA", "region": "Amazonía", "region_color": "#15803d"}}, {"type": "Feature", "geometry": {"type": "Point", "coordinates": [-67.970807, 3.461922]}, "properties": {"id": 627, "autor": "Herme Cantero", "nombre": "Cuenca Media del Río Inírida, Guainía.jpg 27.jpg", "fecha": "2026-05-07 22:56:07", "desc": "La fotos aquí subidas fueron tomadas a lo largo de los últimos tres años. Desde 2023 los paisajes del departamento del Guainía fueron objeto de interés para mí, un lugar maravilloso perteneciente a comunidades indígenas curripacos, puinaves y cubeos.", "img_url": "https://upload.wikimedia.org/wikipedia/commons/e/e0/Cuenca_Media_del_R%C3%ADo_In%C3%ADrida%2C_Guain%C3%ADa.jpg_27.jpg", "thumb_url": "https://commons.wikimedia.org/wiki/Special:FilePath/Cuenca%20Media%20del%20R%C3%ADo%20In%C3%ADrida%2C%20Guain%C3%ADa.jpg%2027.jpg?width=640", "commons_url": "https://commons.wikimedia.org/wiki/File:Cuenca_Media_del_R%C3%ADo_In%C3%ADrida,_Guain%C3%ADa.jpg_27.jpg", "map_url": "https://maps.google.com/?q=3.461922,-67.970807", "departamento": "Guainia", "departamento_raw": "GUAINIA", "region": "Amazonía", "region_color": "#15803d"}}, {"type": "Feature", "geometry": {"type": "Point", "coordinates": [-67.970807, 3.461922]}, "properties": {"id": 628, "autor": "Herme Cantero", "nombre": "Cuenca Media del Río Inírida, Guainía.jpg 28.jpg", "fecha": "2026-05-07 22:56:07", "desc": "La fotos aquí subidas fueron tomadas a lo largo de los últimos tres años. Desde 2023 los paisajes del departamento del Guainía fueron objeto de interés para mí, un lugar maravilloso perteneciente a comunidades indígenas curripacos, puinaves y cubeos.", "img_url": "https://upload.wikimedia.org/wikipedia/commons/6/61/Cuenca_Media_del_R%C3%ADo_In%C3%ADrida%2C_Guain%C3%ADa.jpg_28.jpg", "thumb_url": "https://commons.wikimedia.org/wiki/Special:FilePath/Cuenca%20Media%20del%20R%C3%ADo%20In%C3%ADrida%2C%20Guain%C3%ADa.jpg%2028.jpg?width=640", "commons_url": "https://commons.wikimedia.org/wiki/File:Cuenca_Media_del_R%C3%ADo_In%C3%ADrida,_Guain%C3%ADa.jpg_28.jpg", "map_url": "https://maps.google.com/?q=3.461922,-67.970807", "departamento": "Guainia", "departamento_raw": "GUAINIA", "region": "Amazonía", "region_color": "#15803d"}}, {"type": "Feature", "geometry": {"type": "Point", "coordinates": [-67.970807, 3.461922]}, "properties": {"id": 629, "autor": "Herme Cantero", "nombre": "Cuenca Media del Río Inírida, Guainía.jpg 29.jpg", "fecha": "2026-05-07 22:56:08", "desc": "La fotos aquí subidas fueron tomadas a lo largo de los últimos tres años. Desde 2023 los paisajes del departamento del Guainía fueron objeto de interés para mí, un lugar maravilloso perteneciente a comunidades indígenas curripacos, puinaves y cubeos.", "img_url": "https://upload.wikimedia.org/wikipedia/commons/c/ce/Cuenca_Media_del_R%C3%ADo_In%C3%ADrida%2C_Guain%C3%ADa.jpg_29.jpg", "thumb_url": "https://commons.wikimedia.org/wiki/Special:FilePath/Cuenca%20Media%20del%20R%C3%ADo%20In%C3%ADrida%2C%20Guain%C3%ADa.jpg%2029.jpg?width=640", "commons_url": "https://commons.wikimedia.org/wiki/File:Cuenca_Media_del_R%C3%ADo_In%C3%ADrida,_Guain%C3%ADa.jpg_29.jpg", "map_url": "https://maps.google.com/?q=3.461922,-67.970807", "departamento": "Guainia", "departamento_raw": "GUAINIA", "region": "Amazonía", "region_color": "#15803d"}}, {"type": "Feature", "geometry": {"type": "Point", "coordinates": [-67.970807, 3.461922]}, "properties": {"id": 630, "autor": "Herme Cantero", "nombre": "Cuenca Media del Río Inírida, Guainía.jpg 30.jpg", "fecha": "2026-05-07 22:56:10", "desc": "La fotos aquí subidas fueron tomadas a lo largo de los últimos tres años. Desde 2023 los paisajes del departamento del Guainía fueron objeto de interés para mí, un lugar maravilloso perteneciente a comunidades indígenas curripacos, puinaves y cubeos.", "img_url": "https://upload.wikimedia.org/wikipedia/commons/7/75/Cuenca_Media_del_R%C3%ADo_In%C3%ADrida%2C_Guain%C3%ADa.jpg_30.jpg", "thumb_url": "https://commons.wikimedia.org/wiki/Special:FilePath/Cuenca%20Media%20del%20R%C3%ADo%20In%C3%ADrida%2C%20Guain%C3%ADa.jpg%2030.jpg?width=640", "commons_url": "https://commons.wikimedia.org/wiki/File:Cuenca_Media_del_R%C3%ADo_In%C3%ADrida,_Guain%C3%ADa.jpg_30.jpg", "map_url": "https://maps.google.com/?q=3.461922,-67.970807", "departamento": "Guainia", "departamento_raw": "GUAINIA", "region": "Amazonía", "region_color": "#15803d"}}, {"type": "Feature", "geometry": {"type": "Point", "coordinates": [-67.970807, 3.461922]}, "properties": {"id": 631, "autor": "Herme Cantero", "nombre": "Cuenca Media del Río Inírida, Guainía.jpg 31.jpg", "fecha": "2026-05-07 22:56:10", "desc": "La fotos aquí subidas fueron tomadas a lo largo de los últimos tres años. Desde 2023 los paisajes del departamento del Guainía fueron objeto de interés para mí, un lugar maravilloso perteneciente a comunidades indígenas curripacos, puinaves y cubeos.", "img_url": "https://upload.wikimedia.org/wikipedia/commons/7/7b/Cuenca_Media_del_R%C3%ADo_In%C3%ADrida%2C_Guain%C3%ADa.jpg_31.jpg", "thumb_url": "https://commons.wikimedia.org/wiki/Special:FilePath/Cuenca%20Media%20del%20R%C3%ADo%20In%C3%ADrida%2C%20Guain%C3%ADa.jpg%2031.jpg?width=640", "commons_url": "https://commons.wikimedia.org/wiki/File:Cuenca_Media_del_R%C3%ADo_In%C3%ADrida,_Guain%C3%ADa.jpg_31.jpg", "map_url": "https://maps.google.com/?q=3.461922,-67.970807", "departamento": "Guainia", "departamento_raw": "GUAINIA", "region": "Amazonía", "region_color": "#15803d"}}, {"type": "Feature", "geometry": {"type": "Point", "coordinates": [-67.970807, 3.461922]}, "properties": {"id": 633, "autor": "Herme Cantero", "nombre": "Cuenca Media del Río Inírida, Guainía.jpg 33.jpg", "fecha": "2026-05-07 22:56:14", "desc": "La fotos aquí subidas fueron tomadas a lo largo de los últimos tres años. Desde 2023 los paisajes del departamento del Guainía fueron objeto de interés para mí, un lugar maravilloso perteneciente a comunidades indígenas curripacos, puinaves y cubeos.", "img_url": "https://upload.wikimedia.org/wikipedia/commons/f/fa/Cuenca_Media_del_R%C3%ADo_In%C3%ADrida%2C_Guain%C3%ADa.jpg_33.jpg", "thumb_url": "https://commons.wikimedia.org/wiki/Special:FilePath/Cuenca%20Media%20del%20R%C3%ADo%20In%C3%ADrida%2C%20Guain%C3%ADa.jpg%2033.jpg?width=640", "commons_url": "https://commons.wikimedia.org/wiki/File:Cuenca_Media_del_R%C3%ADo_In%C3%ADrida,_Guain%C3%ADa.jpg_33.jpg", "map_url": "https://maps.google.com/?q=3.461922,-67.970807", "departamento": "Guainia", "departamento_raw": "GUAINIA", "region": "Amazonía", "region_color": "#15803d"}}, {"type": "Feature", "geometry": {"type": "Point", "coordinates": [-68.220461, 3.20895]}, "properties": {"id": 634, "autor": "Herme Cantero", "nombre": "Cuenca Media del Río Inírida, Guainía.jpg 34.jpg", "fecha": "2026-05-07 22:56:14", "desc": "La fotos aquí subidas fueron tomadas a lo largo de los últimos tres años. Desde 2023 los paisajes del departamento del Guainía fueron objeto de interés para mí, un lugar maravilloso perteneciente a comunidades indígenas curripacos, puinaves y cubeos.", "img_url": "https://upload.wikimedia.org/wikipedia/commons/a/a7/Cuenca_Media_del_R%C3%ADo_In%C3%ADrida%2C_Guain%C3%ADa.jpg_34.jpg", "thumb_url": "https://commons.wikimedia.org/wiki/Special:FilePath/Cuenca%20Media%20del%20R%C3%ADo%20In%C3%ADrida%2C%20Guain%C3%ADa.jpg%2034.jpg?width=640", "commons_url": "https://commons.wikimedia.org/wiki/File:Cuenca_Media_del_R%C3%ADo_In%C3%ADrida,_Guain%C3%ADa.jpg_34.jpg", "map_url": "https://maps.google.com/?q=3.208950,-68.220461", "departamento": "Guainia", "departamento_raw": "GUAINIA", "region": "Amazonía", "region_color": "#15803d"}}, {"type": "Feature", "geometry": {"type": "Point", "coordinates": [-68.220461, 3.20895]}, "properties": {"id": 635, "autor": "Herme Cantero", "nombre": "Cuenca Media del Río Inírida, Guainía.jpg 35.jpg", "fecha": "2026-05-07 22:56:15", "desc": "La fotos aquí subidas fueron tomadas a lo largo de los últimos tres años. Desde 2023 los paisajes del departamento del Guainía fueron objeto de interés para mí, un lugar maravilloso perteneciente a comunidades indígenas curripacos, puinaves y cubeos.", "img_url": "https://upload.wikimedia.org/wikipedia/commons/1/19/Cuenca_Media_del_R%C3%ADo_In%C3%ADrida%2C_Guain%C3%ADa.jpg_35.jpg", "thumb_url": "https://commons.wikimedia.org/wiki/Special:FilePath/Cuenca%20Media%20del%20R%C3%ADo%20In%C3%ADrida%2C%20Guain%C3%ADa.jpg%2035.jpg?width=640", "commons_url": "https://commons.wikimedia.org/wiki/File:Cuenca_Media_del_R%C3%ADo_In%C3%ADrida,_Guain%C3%ADa.jpg_35.jpg", "map_url": "https://maps.google.com/?q=3.208950,-68.220461", "departamento": "Guainia", "departamento_raw": "GUAINIA", "region": "Amazonía", "region_color": "#15803d"}}, {"type": "Feature", "geometry": {"type": "Point", "coordinates": [-68.220461, 3.20895]}, "properties": {"id": 636, "autor": "Herme Cantero", "nombre": "Cuenca Media del Río Inírida, Guainía.jpg 36.jpg", "fecha": "2026-05-07 22:56:17", "desc": "La fotos aquí subidas fueron tomadas a lo largo de los últimos tres años. Desde 2023 los paisajes del departamento del Guainía fueron objeto de interés para mí, un lugar maravilloso perteneciente a comunidades indígenas curripacos, puinaves y cubeos.", "img_url": "https://upload.wikimedia.org/wikipedia/commons/a/a8/Cuenca_Media_del_R%C3%ADo_In%C3%ADrida%2C_Guain%C3%ADa.jpg_36.jpg", "thumb_url": "https://commons.wikimedia.org/wiki/Special:FilePath/Cuenca%20Media%20del%20R%C3%ADo%20In%C3%ADrida%2C%20Guain%C3%ADa.jpg%2036.jpg?width=640", "commons_url": "https://commons.wikimedia.org/wiki/File:Cuenca_Media_del_R%C3%ADo_In%C3%ADrida,_Guain%C3%ADa.jpg_36.jpg", "map_url": "https://maps.google.com/?q=3.208950,-68.220461", "departamento": "Guainia", "departamento_raw": "GUAINIA", "region": "Amazonía", "region_color": "#15803d"}}, {"type": "Feature", "geometry": {"type": "Point", "coordinates": [-68.220461, 3.20895]}, "properties": {"id": 637, "autor": "Herme Cantero", "nombre": "Cuenca Media del Río Inírida, Guainía.jpg 37.jpg", "fecha": "2026-05-07 22:56:18", "desc": "La fotos aquí subidas fueron tomadas a lo largo de los últimos tres años. Desde 2023 los paisajes del departamento del Guainía fueron objeto de interés para mí, un lugar maravilloso perteneciente a comunidades indígenas curripacos, puinaves y cubeos.", "img_url": "https://upload.wikimedia.org/wikipedia/commons/9/9f/Cuenca_Media_del_R%C3%ADo_In%C3%ADrida%2C_Guain%C3%ADa.jpg_37.jpg", "thumb_url": "https://commons.wikimedia.org/wiki/Special:FilePath/Cuenca%20Media%20del%20R%C3%ADo%20In%C3%ADrida%2C%20Guain%C3%ADa.jpg%2037.jpg?width=640", "commons_url": "https://commons.wikimedia.org/wiki/File:Cuenca_Media_del_R%C3%ADo_In%C3%ADrida,_Guain%C3%ADa.jpg_37.jpg", "map_url": "https://maps.google.com/?q=3.208950,-68.220461", "departamento": "Guainia", "departamento_raw": "GUAINIA", "region": "Amazonía", "region_color": "#15803d"}}, {"type": "Feature", "geometry": {"type": "Point", "coordinates": [-68.220461, 3.20895]}, "properties": {"id": 638, "autor": "Herme Cantero", "nombre": "Cuenca Media del Río Inírida, Guainía.jpg 38.jpg", "fecha": "2026-05-07 22:56:20", "desc": "La fotos aquí subidas fueron tomadas a lo largo de los últimos tres años. Desde 2023 los paisajes del departamento del Guainía fueron objeto de interés para mí, un lugar maravilloso perteneciente a comunidades indígenas curripacos, puinaves y cubeos.", "img_url": "https://upload.wikimedia.org/wikipedia/commons/8/8f/Cuenca_Media_del_R%C3%ADo_In%C3%ADrida%2C_Guain%C3%ADa.jpg_38.jpg", "thumb_url": "https://commons.wikimedia.org/wiki/Special:FilePath/Cuenca%20Media%20del%20R%C3%ADo%20In%C3%ADrida%2C%20Guain%C3%ADa.jpg%2038.jpg?width=640", "commons_url": "https://commons.wikimedia.org/wiki/File:Cuenca_Media_del_R%C3%ADo_In%C3%ADrida,_Guain%C3%ADa.jpg_38.jpg", "map_url": "https://maps.google.com/?q=3.208950,-68.220461", "departamento": "Guainia", "departamento_raw": "GUAINIA", "region": "Amazonía", "region_color": "#15803d"}}, {"type": "Feature", "geometry": {"type": "Point", "coordinates": [-68.759265, 2.972793]}, "properties": {"id": 639, "autor": "Herme Cantero", "nombre": "Cuenca Media del Río Inírida, Guainía.jpg 39.jpg", "fecha": "2026-05-07 22:56:20", "desc": "La fotos aquí subidas fueron tomadas a lo largo de los últimos tres años. Desde 2023 los paisajes del departamento del Guainía fueron objeto de interés para mí, un lugar maravilloso perteneciente a comunidades indígenas curripacos, puinaves y cubeos.", "img_url": "https://upload.wikimedia.org/wikipedia/commons/f/f4/Cuenca_Media_del_R%C3%ADo_In%C3%ADrida%2C_Guain%C3%ADa.jpg_39.jpg", "thumb_url": "https://commons.wikimedia.org/wiki/Special:FilePath/Cuenca%20Media%20del%20R%C3%ADo%20In%C3%ADrida%2C%20Guain%C3%ADa.jpg%2039.jpg?width=640", "commons_url": "https://commons.wikimedia.org/wiki/File:Cuenca_Media_del_R%C3%ADo_In%C3%ADrida,_Guain%C3%ADa.jpg_39.jpg", "map_url": "https://maps.google.com/?q=2.972793,-68.759265", "departamento": "Guainia", "departamento_raw": "GUAINIA", "region": "Amazonía", "region_color": "#15803d"}}, {"type": "Feature", "geometry": {"type": "Point", "coordinates": [-69.411142, 2.723425]}, "properties": {"id": 641, "autor": "Herme Cantero", "nombre": "Cuenca Media del Río Inírida, Guainía.jpg 41.jpg", "fecha": "2026-05-07 22:56:24", "desc": "La fotos aquí subidas fueron tomadas a lo largo de los últimos tres años. Desde 2023 los paisajes del departamento del Guainía fueron objeto de interés para mí, un lugar maravilloso perteneciente a comunidades indígenas curripacos, puinaves y cubeos.", "img_url": "https://upload.wikimedia.org/wikipedia/commons/0/0f/Cuenca_Media_del_R%C3%ADo_In%C3%ADrida%2C_Guain%C3%ADa.jpg_41.jpg", "thumb_url": "https://commons.wikimedia.org/wiki/Special:FilePath/Cuenca%20Media%20del%20R%C3%ADo%20In%C3%ADrida%2C%20Guain%C3%ADa.jpg%2041.jpg?width=640", "commons_url": "https://commons.wikimedia.org/wiki/File:Cuenca_Media_del_R%C3%ADo_In%C3%ADrida,_Guain%C3%ADa.jpg_41.jpg", "map_url": "https://maps.google.com/?q=2.723425,-69.411142", "departamento": "Guainia", "departamento_raw": "GUAINIA", "region": "Amazonía", "region_color": "#15803d"}}, {"type": "Feature", "geometry": {"type": "Point", "coordinates": [-69.411142, 2.723425]}, "properties": {"id": 642, "autor": "Herme Cantero", "nombre": "Cuenca Media del Río Inírida, Guainía.jpg 42.jpg", "fecha": "2026-05-07 22:56:23", "desc": "La fotos aquí subidas fueron tomadas a lo largo de los últimos tres años. Desde 2023 los paisajes del departamento del Guainía fueron objeto de interés para mí, un lugar maravilloso perteneciente a comunidades indígenas curripacos, puinaves y cubeos.", "img_url": "https://upload.wikimedia.org/wikipedia/commons/c/c3/Cuenca_Media_del_R%C3%ADo_In%C3%ADrida%2C_Guain%C3%ADa.jpg_42.jpg", "thumb_url": "https://commons.wikimedia.org/wiki/Special:FilePath/Cuenca%20Media%20del%20R%C3%ADo%20In%C3%ADrida%2C%20Guain%C3%ADa.jpg%2042.jpg?width=640", "commons_url": "https://commons.wikimedia.org/wiki/File:Cuenca_Media_del_R%C3%ADo_In%C3%ADrida,_Guain%C3%ADa.jpg_42.jpg", "map_url": "https://maps.google.com/?q=2.723425,-69.411142", "departamento": "Guainia", "departamento_raw": "GUAINIA", "region": "Amazonía", "region_color": "#15803d"}}, {"type": "Feature", "geometry": {"type": "Point", "coordinates": [-74.097702, 4.669437]}, "properties": {"id": 645, "autor": "NMontoya (WMCO)", "nombre": "Cuerno de venado – Familia Polypodiaceae.jpg", "fecha": "2026-06-18 19:23:14", "desc": "Cuerno de venado – Familia Polypodiaceae", "img_url": "https://upload.wikimedia.org/wikipedia/commons/3/31/Cuerno_de_venado_%E2%80%93_Familia_Polypodiaceae.jpg", "thumb_url": "https://commons.wikimedia.org/wiki/Special:FilePath/Cuerno%20de%20venado%20%E2%80%93%20Familia%20Polypodiaceae.jpg?width=640", "commons_url": "https://commons.wikimedia.org/wiki/File:Cuerno_de_venado_%E2%80%93_Familia_Polypodiaceae.jpg", "map_url": "https://maps.google.com/?q=4.669437,-74.097702", "departamento": "Bogotá D.C.", "departamento_raw": "SANTAFE DE BOGOTA D.C", "region": "Andina", "region_color": "#2563eb"}}, {"type": "Feature", "geometry": {"type": "Point", "coordinates": [-76.133333, 1.55]}, "properties": {"id": 647, "autor": "Y.eduardo", "nombre": "Cueva de los Guacharos.jpg", "fecha": "2026-05-21 20:01:15", "desc": "Cueva de los Guacharos", "img_url": "https://upload.wikimedia.org/wikipedia/commons/9/97/Cueva_de_los_Guacharos.jpg", "thumb_url": "https://commons.wikimedia.org/wiki/Special:FilePath/Cueva%20de%20los%20Guacharos.jpg?width=640", "commons_url": "https://commons.wikimedia.org/wiki/File:Cueva_de_los_Guacharos.jpg", "map_url": "https://maps.google.com/?q=1.550000,-76.133333", "departamento": "Huila", "departamento_raw": "HUILA", "region": "Andina", "region_color": "#2563eb"}}, {"type": "Feature", "geometry": {"type": "Point", "coordinates": [-73.502273, 4.091467]}, "properties": {"id": 651, "autor": "Alexpanther", "nombre": "Curiosidad en el Dosel, Mono Maicero de la Orinoquía.png", "fecha": "2026-06-30 12:01:05", "desc": "Esta imagen es una ventana a la alma curiosa y viva del dosel colombiano. El mono maicero nos ladea la cabeza con un gesto de pura inocencia e inteligencia, como si estuviera a punto de hacernos una pregunta. Su mirada profunda, capturada en el momento justo, nos conecta instantáneamente con el corazón de la vida silvestre. Es un recordatorio conmovedor de que cada ser en estos bosques posee una historia, un propósito y una fragilidad que nos llama a la protección y al respeto.", "img_url": "https://upload.wikimedia.org/wikipedia/commons/0/00/Curiosidad_en_el_Dosel%2C_Mono_Maicero_de_la_Orinoqu%C3%ADa.png", "thumb_url": "https://commons.wikimedia.org/wiki/Special:FilePath/Curiosidad%20en%20el%20Dosel%2C%20Mono%20Maicero%20de%20la%20Orinoqu%C3%ADa.png?width=640", "commons_url": "https://commons.wikimedia.org/wiki/File:Curiosidad_en_el_Dosel,_Mono_Maicero_de_la_Orinoqu%C3%ADa.png", "map_url": "https://maps.google.com/?q=4.091467,-73.502273", "departamento": "Meta", "departamento_raw": "META", "region": "Orinoquía", "region_color": "#d97706"}}, {"type": "Feature", "geometry": {"type": "Point", "coordinates": [-69.918742, 2.266171]}, "properties": {"id": 671, "autor": "Herme Cantero", "nombre": "Curso del Río Inírida en la Reserva Nacional Natural Puinawai, Guainía 20.jpg", "fecha": "2026-05-07 23:17:06", "desc": "Vista del Río Inírida en las cercanías de la comunidad indígena de Garza Morichal. Esta zona hace parte de la Reserva Nacional Natural Puinawai y del Resguardo Cuenca Media y Alta del Río Inírida (CMARI).", "img_url": "https://upload.wikimedia.org/wikipedia/commons/1/1c/Curso_del_R%C3%ADo_In%C3%ADrida_en_la_Reserva_Nacional_Natural_Puinawai%2C_Guain%C3%ADa_20.jpg", "thumb_url": "https://commons.wikimedia.org/wiki/Special:FilePath/Curso%20del%20R%C3%ADo%20In%C3%ADrida%20en%20la%20Reserva%20Nacional%20Natural%20Puinawai%2C%20Guain%C3%ADa%2020.jpg?width=640", "commons_url": "https://commons.wikimedia.org/wiki/File:Curso_del_R%C3%ADo_In%C3%ADrida_en_la_Reserva_Nacional_Natural_Puinawai,_Guain%C3%ADa_20.jpg", "map_url": "https://maps.google.com/?q=2.266171,-69.918742", "departamento": "Guainia", "departamento_raw": "GUAINIA", "region": "Amazonía", "region_color": "#15803d"}}, {"type": "Feature", "geometry": {"type": "Point", "coordinates": [-74.304805, 4.975199]}, "properties": {"id": 681, "autor": "AmiGueko", "nombre": "Dalia silvestre.jpg", "fecha": "2026-05-09 07:58:00", "desc": "(Dahlia imperialis)", "img_url": "https://upload.wikimedia.org/wikipedia/commons/d/d4/Dalia_silvestre.jpg", "thumb_url": "https://commons.wikimedia.org/wiki/Special:FilePath/Dalia%20silvestre.jpg?width=640", "commons_url": "https://commons.wikimedia.org/wiki/File:Dalia_silvestre.jpg", "map_url": "https://maps.google.com/?q=4.975199,-74.304805", "departamento": "Cundinamarca", "departamento_raw": "CUNDINAMARCA", "region": "Andina", "region_color": "#2563eb"}}, {"type": "Feature", "geometry": {"type": "Point", "coordinates": [-74.146794, 4.172187]}, "properties": {"id": 684, "autor": "Zolsemiya", "nombre": "Dalia y abeja 2.jpg", "fecha": "2026-06-30 17:58:51", "desc": "Dalia y abeja", "img_url": "https://upload.wikimedia.org/wikipedia/commons/b/be/Dalia_y_abeja_2.jpg", "thumb_url": "https://commons.wikimedia.org/wiki/Special:FilePath/Dalia%20y%20abeja%202.jpg?width=640", "commons_url": "https://commons.wikimedia.org/wiki/File:Dalia_y_abeja_2.jpg", "map_url": "https://maps.google.com/?q=4.172187,-74.146794", "departamento": "Cundinamarca", "departamento_raw": "CUNDINAMARCA", "region": "Andina", "region_color": "#2563eb"}}, {"type": "Feature", "geometry": {"type": "Point", "coordinates": [-74.07034, 4.59449]}, "properties": {"id": 686, "autor": "KingJo09", "nombre": "Danza Colgante.jpg", "fecha": "2026-05-23 21:22:45", "desc": "Una hermosa captura vertical que muestra un delicado racimo de flores de Fucsia suspendidas en el aire. El intenso color rojo carmín de sus alargados cálices y pétalos genera un contraste espectacular con la suave vegetación que se asoma al fondo.", "img_url": "https://upload.wikimedia.org/wikipedia/commons/8/89/Danza_Colgante.jpg", "thumb_url": "https://commons.wikimedia.org/wiki/Special:FilePath/Danza%20Colgante.jpg?width=640", "commons_url": "https://commons.wikimedia.org/wiki/File:Danza_Colgante.jpg", "map_url": "https://maps.google.com/?q=4.594490,-74.070340", "departamento": "Bogotá D.C.", "departamento_raw": "SANTAFE DE BOGOTA D.C", "region": "Andina", "region_color": "#2563eb"}}, {"type": "Feature", "geometry": {"type": "Point", "coordinates": [-73.863883, 7.085]}, "properties": {"id": 687, "autor": "Diferoch", "nombre": "Daptrius chimachima cordatus - Barrancabermeja, Santander, Colombia - 01 Jul 2026 - Diferoch.jpg", "fecha": "2026-06-09 14:15:24", "desc": "Adult individual of Daptrius chimachima cordatus observed in Barrancabermeja, Santander, Colombia.", "img_url": "https://upload.wikimedia.org/wikipedia/commons/a/a8/Daptrius_chimachima_cordatus_-_Barrancabermeja%2C_Santander%2C_Colombia_-_01_Jul_2026_-_Diferoch.jpg", "thumb_url": "https://commons.wikimedia.org/wiki/Special:FilePath/Daptrius%20chimachima%20cordatus%20-%20Barrancabermeja%2C%20Santander%2C%20Colombia%20-%2001%20Jul%202026%20-%20Diferoch.jpg?width=640", "commons_url": "https://commons.wikimedia.org/wiki/File:Daptrius_chimachima_cordatus_-_Barrancabermeja,_Santander,_Colombia_-_01_Jul_2026_-_Diferoch.jpg", "map_url": "https://maps.google.com/?q=7.085000,-73.863883", "departamento": "Santander", "departamento_raw": "SANTANDER", "region": "Andina", "region_color": "#2563eb"}}, {"type": "Feature", "geometry": {"type": "Point", "coordinates": [-67.969261, 3.457897]}, "properties": {"id": 693, "autor": "Lamoraleja", "nombre": "De la civilización a los cerros.jpg", "fecha": "2026-05-07 14:00:28", "desc": "De la civilización a los cerros, está foto la tome estando en los Cerros de Mavicure, un lugar lejano en nuestro país que ha venido abriendose paulatinamente al turismo nacional e internacional.", "img_url": "https://upload.wikimedia.org/wikipedia/commons/1/1c/De_la_civilizaci%C3%B3n_a_los_cerros.jpg", "thumb_url": "https://commons.wikimedia.org/wiki/Special:FilePath/De%20la%20civilizaci%C3%B3n%20a%20los%20cerros.jpg?width=640", "commons_url": "https://commons.wikimedia.org/wiki/File:De_la_civilizaci%C3%B3n_a_los_cerros.jpg", "map_url": "https://maps.google.com/?q=3.457897,-67.969261", "departamento": "Guainia", "departamento_raw": "GUAINIA", "region": "Amazonía", "region_color": "#15803d"}}, {"type": "Feature", "geometry": {"type": "Point", "coordinates": [-74.183333, 11.283333]}, "properties": {"id": 694, "autor": "Supertita", "nombre": "Dead brain coral colony Leptoria.jpg", "fecha": "2026-06-19 16:25:33", "desc": "Coral tipo cerebro—géneros Leptoria (Pacífico Caribe (Diploria o Colpophyllia) muerto", "img_url": "https://upload.wikimedia.org/wikipedia/commons/3/35/Dead_brain_coral_colony_Leptoria.jpg", "thumb_url": "https://commons.wikimedia.org/wiki/Special:FilePath/Dead%20brain%20coral%20colony%20Leptoria.jpg?width=640", "commons_url": "https://commons.wikimedia.org/wiki/File:Dead_brain_coral_colony_Leptoria.jpg", "map_url": "https://maps.google.com/?q=11.283333,-74.183333", "departamento": "Magdalena", "departamento_raw": "MAGDALENA", "region": "Caribe", "region_color": "#0891b2"}}, {"type": "Feature", "geometry": {"type": "Point", "coordinates": [-74.87047, 5.86224]}, "properties": {"id": 696, "autor": "XimmoY", "nombre": "Dendrobates truncatus 2026-2.jpg", "fecha": "2026-06-30 19:00:12", "desc": "An adult Dendrobates truncatus (yellow-striped poison frog) perched on the surface of a leaf at the Los Monos agroecological reserve, Rio Claro, Antioquia.", "img_url": "https://upload.wikimedia.org/wikipedia/commons/6/6a/Dendrobates_truncatus_2026-2.jpg", "thumb_url": "https://commons.wikimedia.org/wiki/Special:FilePath/Dendrobates%20truncatus%202026-2.jpg?width=640", "commons_url": "https://commons.wikimedia.org/wiki/File:Dendrobates_truncatus_2026-2.jpg", "map_url": "https://maps.google.com/?q=5.862240,-74.870470", "departamento": "Antioquia", "departamento_raw": "ANTIOQUIA", "region": "Andina", "region_color": "#2563eb"}}, {"type": "Feature", "geometry": {"type": "Point", "coordinates": [-74.87047, 5.86224]}, "properties": {"id": 697, "autor": "XimmoY", "nombre": "Dendrobates truncatus 2026.jpg", "fecha": "2026-06-30 19:00:12", "desc": "An adult Dendrobates truncatus (yellow-striped poison frog) perched on the surface of a leaf at the Los Monos agroecological reserve, Rio Claro, Antioquia.", "img_url": "https://upload.wikimedia.org/wikipedia/commons/9/9f/Dendrobates_truncatus_2026.jpg", "thumb_url": "https://commons.wikimedia.org/wiki/Special:FilePath/Dendrobates%20truncatus%202026.jpg?width=640", "commons_url": "https://commons.wikimedia.org/wiki/File:Dendrobates_truncatus_2026.jpg", "map_url": "https://maps.google.com/?q=5.862240,-74.870470", "departamento": "Antioquia", "departamento_raw": "ANTIOQUIA", "region": "Andina", "region_color": "#2563eb"}}, {"type": "Feature", "geometry": {"type": "Point", "coordinates": [-74.268623, 4.983754]}, "properties": {"id": 699, "autor": "AmiGueko", "nombre": "Dendrochilum orchid.jpg", "fecha": "2026-05-23 22:09:16", "desc": "Dendrochilum orchid", "img_url": "https://upload.wikimedia.org/wikipedia/commons/c/c2/Dendrochilum_orchid.jpg", "thumb_url": "https://commons.wikimedia.org/wiki/Special:FilePath/Dendrochilum%20orchid.jpg?width=640", "commons_url": "https://commons.wikimedia.org/wiki/File:Dendrochilum_orchid.jpg", "map_url": "https://maps.google.com/?q=4.983754,-74.268623", "departamento": "Cundinamarca", "departamento_raw": "CUNDINAMARCA", "region": "Andina", "region_color": "#2563eb"}}, {"type": "Feature", "geometry": {"type": "Point", "coordinates": [-74.278261, 4.984224]}, "properties": {"id": 700, "autor": "AmiGueko", "nombre": "Dendrochilum orchid se.jpg", "fecha": "2026-05-23 22:09:28", "desc": "Dendrochilum orchid se", "img_url": "https://upload.wikimedia.org/wikipedia/commons/3/33/Dendrochilum_orchid_se.jpg", "thumb_url": "https://commons.wikimedia.org/wiki/Special:FilePath/Dendrochilum%20orchid%20se.jpg?width=640", "commons_url": "https://commons.wikimedia.org/wiki/File:Dendrochilum_orchid_se.jpg", "map_url": "https://maps.google.com/?q=4.984224,-74.278261", "departamento": "Cundinamarca", "departamento_raw": "CUNDINAMARCA", "region": "Andina", "region_color": "#2563eb"}}, {"type": "Feature", "geometry": {"type": "Point", "coordinates": [-74.1721, 4.5816]}, "properties": {"id": 701, "autor": "Supertita", "nombre": "DETALLE HOJAS DE BANANO.jpg", "fecha": "2026-06-19 18:07:07", "desc": "Detalle hojas de banano", "img_url": "https://upload.wikimedia.org/wikipedia/commons/d/dd/DETALLE_HOJAS_DE_BANANO.jpg", "thumb_url": "https://commons.wikimedia.org/wiki/Special:FilePath/DETALLE%20HOJAS%20DE%20BANANO.jpg?width=640", "commons_url": "https://commons.wikimedia.org/wiki/File:DETALLE_HOJAS_DE_BANANO.jpg", "map_url": "https://maps.google.com/?q=4.581600,-7.417210", "departamento": "Bogotá D.C.", "departamento_raw": "SANTAFE DE BOGOTA D.C", "region": "Andina", "region_color": "#2563eb"}}, {"type": "Feature", "geometry": {"type": "Point", "coordinates": [-76.102569, 1.615202]}, "properties": {"id": 707, "autor": "CHAVESJUAN19", "nombre": "Desayunando de cabeza - PNN Cueva de los Guacharos (PRIMER PLANO).jpg", "fecha": "2026-06-30 23:05:29", "desc": "Cacique Candela / Ave endèmica de Colombia. Amenaza de extincion: Vulnerble (VU)", "img_url": "https://upload.wikimedia.org/wikipedia/commons/d/da/Desayunando_de_cabeza_-_PNN_Cueva_de_los_Guacharos_%28PRIMER_PLANO%29.jpg", "thumb_url": "https://commons.wikimedia.org/wiki/Special:FilePath/Desayunando%20de%20cabeza%20-%20PNN%20Cueva%20de%20los%20Guacharos%20%28PRIMER%20PLANO%29.jpg?width=640", "commons_url": "https://commons.wikimedia.org/wiki/File:Desayunando_de_cabeza_-_PNN_Cueva_de_los_Guacharos_(PRIMER_PLANO).jpg", "map_url": "https://maps.google.com/?q=1.615202,-76.102569", "departamento": "Huila", "departamento_raw": "HUILA", "region": "Andina", "region_color": "#2563eb"}}, {"type": "Feature", "geometry": {"type": "Point", "coordinates": [-74.065745, 11.306367]}, "properties": {"id": 709, "autor": "ZulayMR", "nombre": "Descanso en compañía.jpg", "fecha": "2026-06-28 16:53:21", "desc": "Murciélagos empezando el descanso juntos, bajo una hoja de palma de iraca. Parque Nacional Natural Tayrona", "img_url": "https://upload.wikimedia.org/wikipedia/commons/1/13/Descanso_en_compa%C3%B1%C3%ADa.jpg", "thumb_url": "https://commons.wikimedia.org/wiki/Special:FilePath/Descanso%20en%20compa%C3%B1%C3%ADa.jpg?width=640", "commons_url": "https://commons.wikimedia.org/wiki/File:Descanso_en_compa%C3%B1%C3%ADa.jpg", "map_url": "https://maps.google.com/?q=11.306367,-74.065745", "departamento": "Magdalena", "departamento_raw": "MAGDALENA", "region": "Caribe", "region_color": "#0891b2"}}, {"type": "Feature", "geometry": {"type": "Point", "coordinates": [-74.293933, 4.575004]}, "properties": {"id": 722, "autor": "Johan Andrés Toro", "nombre": "Detalle de la cresta y caída del Salto del Tequendama.jpg", "fecha": "2026-05-29 15:02:50", "desc": "Captura aérea en plano detalle que muestra la masa de agua en movimiento vertiginoso justo en el momento de su caída libre. Contrasta la tonalidad blanquecina del agua espumosa frente a las rocas oscuras y la vegetación hidrófila que coloniza las laderas húmedas de la cascada.", "img_url": "https://upload.wikimedia.org/wikipedia/commons/c/cb/Detalle_de_la_cresta_y_ca%C3%ADda_del_Salto_del_Tequendama.jpg", "thumb_url": "https://commons.wikimedia.org/wiki/Special:FilePath/Detalle%20de%20la%20cresta%20y%20ca%C3%ADda%20del%20Salto%20del%20Tequendama.jpg?width=640", "commons_url": "https://commons.wikimedia.org/wiki/File:Detalle_de_la_cresta_y_ca%C3%ADda_del_Salto_del_Tequendama.jpg", "map_url": "https://maps.google.com/?q=4.575004,-74.293933", "departamento": "Cundinamarca", "departamento_raw": "CUNDINAMARCA", "region": "Andina", "region_color": "#2563eb"}}, {"type": "Feature", "geometry": {"type": "Point", "coordinates": [-74.7856, 8.072878]}, "properties": {"id": 724, "autor": "Elprofeta91", "nombre": "Detrás de los árboles.jpg", "fecha": "2026-05-05 18:59:18", "desc": "Una finca en Nechí", "img_url": "https://upload.wikimedia.org/wikipedia/commons/f/f1/Detr%C3%A1s_de_los_%C3%A1rboles.jpg", "thumb_url": "https://commons.wikimedia.org/wiki/Special:FilePath/Detr%C3%A1s%20de%20los%20%C3%A1rboles.jpg?width=640", "commons_url": "https://commons.wikimedia.org/wiki/File:Detr%C3%A1s_de_los_%C3%A1rboles.jpg", "map_url": "https://maps.google.com/?q=8.072878,-74.785600", "departamento": "Antioquia", "departamento_raw": "ANTIOQUIA", "region": "Andina", "region_color": "#2563eb"}}, {"type": "Feature", "geometry": {"type": "Point", "coordinates": [-76.5569, 3.5611]}, "properties": {"id": 726, "autor": "NicolleTorresG", "nombre": "Diamante pechigamuza - Heliodoxa rubinoides.jpg", "fecha": "2026-06-26 22:32:04", "desc": "Nativo de regiones andinas del noroeste y centro oeste de América del Sur. Un colibrí diamante pechigamuza revela el característico brillo iridiscente de su plumaje mientras permanece atento entre las ramas.", "img_url": "https://upload.wikimedia.org/wikipedia/commons/2/2a/Diamante_pechigamuza_-_Heliodoxa_rubinoides.jpg", "thumb_url": "https://commons.wikimedia.org/wiki/Special:FilePath/Diamante%20pechigamuza%20-%20Heliodoxa%20rubinoides.jpg?width=640", "commons_url": "https://commons.wikimedia.org/wiki/File:Diamante_pechigamuza_-_Heliodoxa_rubinoides.jpg", "map_url": "https://maps.google.com/?q=3.561100,-76.556900", "departamento": "Valle del Cauca", "departamento_raw": "VALLE DEL CAUCA", "region": "Pacífica", "region_color": "#059669"}}, {"type": "Feature", "geometry": {"type": "Point", "coordinates": [-73.863915, 7.08488]}, "properties": {"id": 727, "autor": "Diferoch", "nombre": "Didelphis marsupialis - Barrancabermeja, Santander, Colombia - 2 Jun 2025 - 1.jpg", "fecha": "2026-05-19 21:03:39", "desc": "Inidividual of Didelphis marsupialis observed in Barrancabermeja, Santander, Colombia.", "img_url": "https://upload.wikimedia.org/wikipedia/commons/5/59/Didelphis_marsupialis_-_Barrancabermeja%2C_Santander%2C_Colombia_-_2_Jun_2025_-_1.jpg", "thumb_url": "https://commons.wikimedia.org/wiki/Special:FilePath/Didelphis%20marsupialis%20-%20Barrancabermeja%2C%20Santander%2C%20Colombia%20-%202%20Jun%202025%20-%201.jpg?width=640", "commons_url": "https://commons.wikimedia.org/wiki/File:Didelphis_marsupialis_-_Barrancabermeja,_Santander,_Colombia_-_2_Jun_2025_-_1.jpg", "map_url": "https://maps.google.com/?q=7.084880,-73.863915", "departamento": "Santander", "departamento_raw": "SANTANDER", "region": "Andina", "region_color": "#2563eb"}}, {"type": "Feature", "geometry": {"type": "Point", "coordinates": [-73.863877, 7.084865]}, "properties": {"id": 728, "autor": "Diferoch", "nombre": "Didelphis marsupialis - Barrancabermeja, Santander, Colombia - 2 Jun 2025 - 2.jpg", "fecha": "2026-05-19 21:03:39", "desc": "Inidividual of Didelphis marsupialis observed in Barrancabermeja, Santander, Colombia.", "img_url": "https://upload.wikimedia.org/wikipedia/commons/6/68/Didelphis_marsupialis_-_Barrancabermeja%2C_Santander%2C_Colombia_-_2_Jun_2025_-_2.jpg", "thumb_url": "https://commons.wikimedia.org/wiki/Special:FilePath/Didelphis%20marsupialis%20-%20Barrancabermeja%2C%20Santander%2C%20Colombia%20-%202%20Jun%202025%20-%202.jpg?width=640", "commons_url": "https://commons.wikimedia.org/wiki/File:Didelphis_marsupialis_-_Barrancabermeja,_Santander,_Colombia_-_2_Jun_2025_-_2.jpg", "map_url": "https://maps.google.com/?q=7.084865,-73.863877", "departamento": "Santander", "departamento_raw": "SANTANDER", "region": "Andina", "region_color": "#2563eb"}}, {"type": "Feature", "geometry": {"type": "Point", "coordinates": [-73.863785, 7.084798]}, "properties": {"id": 729, "autor": "Diferoch", "nombre": "Didelphis marsupialis - Barrancabermeja, Santander, Colombia - 2 Jun 2025 - 3.jpg", "fecha": "2026-05-19 21:03:40", "desc": "Two individuals of Didelphis marsupialis moments after fighting, observed in Barrancabermeja, Santander, Colombia.", "img_url": "https://upload.wikimedia.org/wikipedia/commons/d/d5/Didelphis_marsupialis_-_Barrancabermeja%2C_Santander%2C_Colombia_-_2_Jun_2025_-_3.jpg", "thumb_url": "https://commons.wikimedia.org/wiki/Special:FilePath/Didelphis%20marsupialis%20-%20Barrancabermeja%2C%20Santander%2C%20Colombia%20-%202%20Jun%202025%20-%203.jpg?width=640", "commons_url": "https://commons.wikimedia.org/wiki/File:Didelphis_marsupialis_-_Barrancabermeja,_Santander,_Colombia_-_2_Jun_2025_-_3.jpg", "map_url": "https://maps.google.com/?q=7.084798,-73.863785", "departamento": "Santander", "departamento_raw": "SANTANDER", "region": "Andina", "region_color": "#2563eb"}}, {"type": "Feature", "geometry": {"type": "Point", "coordinates": [-74.066155, 4.601548]}, "properties": {"id": 731, "autor": "Diferoch", "nombre": "Diptera - Bogotá D. C., Colombia - 23 Aug 2025 - Diferoch - 1.jpg", "fecha": "2026-06-16 19:34:21", "desc": "Adult of unidentified Diptera observed in the campus of Universidad de los Andes in Bogotá D. C., Colombia.", "img_url": "https://upload.wikimedia.org/wikipedia/commons/c/c4/Diptera_-_Bogot%C3%A1_D._C.%2C_Colombia_-_23_Aug_2025_-_Diferoch_-_1.jpg", "thumb_url": "https://commons.wikimedia.org/wiki/Special:FilePath/Diptera%20-%20Bogot%C3%A1%20D.%20C.%2C%20Colombia%20-%2023%20Aug%202025%20-%20Diferoch%20-%201.jpg?width=640", "commons_url": "https://commons.wikimedia.org/wiki/File:Diptera_-_Bogot%C3%A1_D._C.,_Colombia_-_23_Aug_2025_-_Diferoch_-_1.jpg", "map_url": "https://maps.google.com/?q=4.601548,-74.066155", "departamento": "Bogotá D.C.", "departamento_raw": "SANTAFE DE BOGOTA D.C", "region": "Andina", "region_color": "#2563eb"}}, {"type": "Feature", "geometry": {"type": "Point", "coordinates": [-74.06324, 4.600512]}, "properties": {"id": 732, "autor": "Diferoch", "nombre": "Diptera - Bogotá D. C., Colombia - 23 Aug 2025 - Diferoch - 2.jpg", "fecha": "2026-06-16 19:34:24", "desc": "Adult of unidentified Diptera observed in the campus of Universidad de los Andes in Bogotá D. C., Colombia.", "img_url": "https://upload.wikimedia.org/wikipedia/commons/a/ae/Diptera_-_Bogot%C3%A1_D._C.%2C_Colombia_-_23_Aug_2025_-_Diferoch_-_2.jpg", "thumb_url": "https://commons.wikimedia.org/wiki/Special:FilePath/Diptera%20-%20Bogot%C3%A1%20D.%20C.%2C%20Colombia%20-%2023%20Aug%202025%20-%20Diferoch%20-%202.jpg?width=640", "commons_url": "https://commons.wikimedia.org/wiki/File:Diptera_-_Bogot%C3%A1_D._C.,_Colombia_-_23_Aug_2025_-_Diferoch_-_2.jpg", "map_url": "https://maps.google.com/?q=4.600512,-74.063240", "departamento": "Bogotá D.C.", "departamento_raw": "SANTAFE DE BOGOTA D.C", "region": "Andina", "region_color": "#2563eb"}}, {"type": "Feature", "geometry": {"type": "Point", "coordinates": [-74.06343, 4.59979]}, "properties": {"id": 733, "autor": "Diferoch", "nombre": "Diptera - Bogotá D. C., Colombia - 23 Aug 2025 - Diferoch - 3.jpg", "fecha": "2026-06-16 19:34:28", "desc": "Adult of unidentified Diptera observed in the campus of Universidad de los Andes in Bogotá D. C., Colombia.", "img_url": "https://upload.wikimedia.org/wikipedia/commons/7/74/Diptera_-_Bogot%C3%A1_D._C.%2C_Colombia_-_23_Aug_2025_-_Diferoch_-_3.jpg", "thumb_url": "https://commons.wikimedia.org/wiki/Special:FilePath/Diptera%20-%20Bogot%C3%A1%20D.%20C.%2C%20Colombia%20-%2023%20Aug%202025%20-%20Diferoch%20-%203.jpg?width=640", "commons_url": "https://commons.wikimedia.org/wiki/File:Diptera_-_Bogot%C3%A1_D._C.,_Colombia_-_23_Aug_2025_-_Diferoch_-_3.jpg", "map_url": "https://maps.google.com/?q=4.599790,-74.063430", "departamento": "Bogotá D.C.", "departamento_raw": "SANTAFE DE BOGOTA D.C", "region": "Andina", "region_color": "#2563eb"}}, {"type": "Feature", "geometry": {"type": "Point", "coordinates": [-74.8442, 11.0467]}, "properties": {"id": 737, "autor": "Project5443", "nombre": "Donde el río se encuentra con el mar.jpg", "fecha": "2026-05-21 12:39:37", "desc": "Ecoparque Ciénaga de Mallorquín is a coastal wetland north of the city of Barranquilla, at the mouth of the Magdalena River, right where it meets the sea.", "img_url": "https://upload.wikimedia.org/wikipedia/commons/8/86/Donde_el_r%C3%ADo_se_encuentra_con_el_mar.jpg", "thumb_url": "https://commons.wikimedia.org/wiki/Special:FilePath/Donde%20el%20r%C3%ADo%20se%20encuentra%20con%20el%20mar.jpg?width=640", "commons_url": "https://commons.wikimedia.org/wiki/File:Donde_el_r%C3%ADo_se_encuentra_con_el_mar.jpg", "map_url": "https://maps.google.com/?q=11.046700,-74.844200", "departamento": "Atlantico", "departamento_raw": "ATLANTICO", "region": "Caribe", "region_color": "#0891b2"}}, {"type": "Feature", "geometry": {"type": "Point", "coordinates": [-78.202501, 2.938272]}, "properties": {"id": 743, "autor": "LentedeBerilo", "nombre": "Drama de primates.jpg", "fecha": "2026-06-17 17:48:17", "desc": "A pair of Cebus capucinus monkeys showing faces of distress in the presence of the observer, captured on Gorgona Island.", "img_url": "https://upload.wikimedia.org/wikipedia/commons/e/ec/Drama_de_primates.jpg", "thumb_url": "https://commons.wikimedia.org/wiki/Special:FilePath/Drama%20de%20primates.jpg?width=640", "commons_url": "https://commons.wikimedia.org/wiki/File:Drama_de_primates.jpg", "map_url": "https://maps.google.com/?q=2.938272,-78.202501", "departamento": "Cauca", "departamento_raw": "CAUCA", "region": "Pacífica", "region_color": "#059669"}}, {"type": "Feature", "geometry": {"type": "Point", "coordinates": [-74.784397, 8.074178]}, "properties": {"id": 744, "autor": "Elprofeta91", "nombre": "Día soleado 01.jpg", "fecha": "2026-05-05 18:58:51", "desc": "Una finca en Nechí", "img_url": "https://upload.wikimedia.org/wikipedia/commons/3/35/D%C3%ADa_soleado_01.jpg", "thumb_url": "https://commons.wikimedia.org/wiki/Special:FilePath/D%C3%ADa%20soleado%2001.jpg?width=640", "commons_url": "https://commons.wikimedia.org/wiki/File:D%C3%ADa_soleado_01.jpg", "map_url": "https://maps.google.com/?q=8.074178,-74.784397", "departamento": "Antioquia", "departamento_raw": "ANTIOQUIA", "region": "Andina", "region_color": "#2563eb"}}, {"type": "Feature", "geometry": {"type": "Point", "coordinates": [-74.782939, 8.076128]}, "properties": {"id": 745, "autor": "Elprofeta91", "nombre": "Día soleado 02.jpg", "fecha": "2026-05-05 18:58:52", "desc": "Un puerto en Nechí", "img_url": "https://upload.wikimedia.org/wikipedia/commons/9/97/D%C3%ADa_soleado_02.jpg", "thumb_url": "https://commons.wikimedia.org/wiki/Special:FilePath/D%C3%ADa%20soleado%2002.jpg?width=640", "commons_url": "https://commons.wikimedia.org/wiki/File:D%C3%ADa_soleado_02.jpg", "map_url": "https://maps.google.com/?q=8.076128,-74.782939", "departamento": "Antioquia", "departamento_raw": "ANTIOQUIA", "region": "Andina", "region_color": "#2563eb"}}, {"type": "Feature", "geometry": {"type": "Point", "coordinates": [-75.373337, 5.045198]}, "properties": {"id": 746, "autor": "AmiGueko", "nombre": "Ecoparque Los Alcázares en Manizales.jpg", "fecha": "2026-05-24 09:42:10", "desc": "Ecoparque Los Alcázares en Manizales", "img_url": "https://upload.wikimedia.org/wikipedia/commons/d/d8/Ecoparque_Los_Alc%C3%A1zares_en_Manizales.jpg", "thumb_url": "https://commons.wikimedia.org/wiki/Special:FilePath/Ecoparque%20Los%20Alc%C3%A1zares%20en%20Manizales.jpg?width=640", "commons_url": "https://commons.wikimedia.org/wiki/File:Ecoparque_Los_Alc%C3%A1zares_en_Manizales.jpg", "map_url": "https://maps.google.com/?q=5.045198,-75.373337", "departamento": "Caldas", "departamento_raw": "CALDAS", "region": "Andina", "region_color": "#2563eb"}}, {"type": "Feature", "geometry": {"type": "Point", "coordinates": [-75.323638, 5.004421]}, "properties": {"id": 747, "autor": "AmiGueko", "nombre": "Ecoparque Los Alcázares en Manizales (61406).jpg", "fecha": "2026-05-24 09:44:45", "desc": "Ecoparque Los Alcázares en Manizales", "img_url": "https://upload.wikimedia.org/wikipedia/commons/9/93/Ecoparque_Los_Alc%C3%A1zares_en_Manizales_%2861406%29.jpg", "thumb_url": "https://commons.wikimedia.org/wiki/Special:FilePath/Ecoparque%20Los%20Alc%C3%A1zares%20en%20Manizales%20%2861406%29.jpg?width=640", "commons_url": "https://commons.wikimedia.org/wiki/File:Ecoparque_Los_Alc%C3%A1zares_en_Manizales_(61406).jpg", "map_url": "https://maps.google.com/?q=5.004421,-75.323638", "departamento": "Tolima", "departamento_raw": "TOLIMA", "region": "Andina", "region_color": "#2563eb"}}, {"type": "Feature", "geometry": {"type": "Point", "coordinates": [-75.388973, 4.982794]}, "properties": {"id": 748, "autor": "AmiGueko", "nombre": "Ecoparque Los Alcázares en Manizales (89183).jpg", "fecha": "2026-05-24 09:43:10", "desc": "Ecoparque Los Alcázares en Manizales", "img_url": "https://upload.wikimedia.org/wikipedia/commons/3/3c/Ecoparque_Los_Alc%C3%A1zares_en_Manizales_%2889183%29.jpg", "thumb_url": "https://commons.wikimedia.org/wiki/Special:FilePath/Ecoparque%20Los%20Alc%C3%A1zares%20en%20Manizales%20%2889183%29.jpg?width=640", "commons_url": "https://commons.wikimedia.org/wiki/File:Ecoparque_Los_Alc%C3%A1zares_en_Manizales_(89183).jpg", "map_url": "https://maps.google.com/?q=4.982794,-75.388973", "departamento": "Caldas", "departamento_raw": "CALDAS", "region": "Andina", "region_color": "#2563eb"}}, {"type": "Feature", "geometry": {"type": "Point", "coordinates": [-73.75634, 7.095982]}, "properties": {"id": 749, "autor": "Diferoch", "nombre": "Eggs of Turdus leucomelas albiventer - Barrancabermeja, Santander, Colombia - 12 Jul 2025 - Diferoch.jpg", "fecha": "2026-06-11 21:56:49", "desc": "Nest with 3 eggs of Turdus lecumelas albiventer observed in Barrancabermeja, Santander, Colombia.", "img_url": "https://upload.wikimedia.org/wikipedia/commons/d/d8/Eggs_of_Turdus_leucomelas_albiventer_-_Barrancabermeja%2C_Santander%2C_Colombia_-_12_Jul_2025_-_Diferoch.jpg", "thumb_url": "https://commons.wikimedia.org/wiki/Special:FilePath/Eggs%20of%20Turdus%20leucomelas%20albiventer%20-%20Barrancabermeja%2C%20Santander%2C%20Colombia%20-%2012%20Jul%202025%20-%20Diferoch.jpg?width=640", "commons_url": "https://commons.wikimedia.org/wiki/File:Eggs_of_Turdus_leucomelas_albiventer_-_Barrancabermeja,_Santander,_Colombia_-_12_Jul_2025_-_Diferoch.jpg", "map_url": "https://maps.google.com/?q=7.095982,-73.756340", "departamento": "Santander", "departamento_raw": "SANTANDER", "region": "Andina", "region_color": "#2563eb"}}, {"type": "Feature", "geometry": {"type": "Point", "coordinates": [-70.954627, 0.792278]}, "properties": {"id": 750, "autor": "Lchaparrob", "nombre": "Ejaatimuuu – Buen vivir.jpg", "fecha": "2026-06-25 10:24:10", "desc": "Desde la orilla de Mitú, un saludo entre el río y la lancha resume la conexión de su gente con el agua. Aquí, viajar es más que desplazarse: es encuentro, identidad y pertenencia, en un territorio que fluye al ritmo del río.", "img_url": "https://upload.wikimedia.org/wikipedia/commons/5/59/Ejaatimuuu_%E2%80%93_Buen_vivir.jpg", "thumb_url": "https://commons.wikimedia.org/wiki/Special:FilePath/Ejaatimuuu%20%E2%80%93%20Buen%20vivir.jpg?width=640", "commons_url": "https://commons.wikimedia.org/wiki/File:Ejaatimuuu_%E2%80%93_Buen_vivir.jpg", "map_url": "https://maps.google.com/?q=0.792278,-70.954627", "departamento": "Vaupes", "departamento_raw": "VAUPES", "region": "Amazonía", "region_color": "#15803d"}}, {"type": "Feature", "geometry": {"type": "Point", "coordinates": [-75.118142, 3.23738]}, "properties": {"id": 751, "autor": "Cathetovar", "nombre": "Ejemplares de Melocactus en el desierto de la Tatacoa.jpg", "fecha": "2026-06-22 18:44:12", "desc": "Tatacoa Desert (Huila, Colombia), June 7, 2026. Two *Melocactus curvispinus* specimens on a sandy mound, demonstrating the resilience of native flora adapted to the extreme conditions of this arid ecosystem.", "img_url": "https://upload.wikimedia.org/wikipedia/commons/2/2c/Ejemplares_de_Melocactus_en_el_desierto_de_la_Tatacoa.jpg", "thumb_url": "https://commons.wikimedia.org/wiki/Special:FilePath/Ejemplares%20de%20Melocactus%20en%20el%20desierto%20de%20la%20Tatacoa.jpg?width=640", "commons_url": "https://commons.wikimedia.org/wiki/File:Ejemplares_de_Melocactus_en_el_desierto_de_la_Tatacoa.jpg", "map_url": "https://maps.google.com/?q=3.237380,-75.118142", "departamento": "Huila", "departamento_raw": "HUILA", "region": "Andina", "region_color": "#2563eb"}}, {"type": "Feature", "geometry": {"type": "Point", "coordinates": [-74.07034, 4.59449]}, "properties": {"id": 753, "autor": "KingJo09", "nombre": "El Despertar del Rocío.jpg", "fecha": "2026-05-23 21:22:51", "desc": "Una delicada y pequeña flor fucsia se abre paso entre un denso manto de hojas carnosas y tallos rojizos. La imagen refleja la resistencia de las plantas suculentas, capaces de regalar destellos de color brillante incluso en los terrenos más áridos o en los bordes de un camino.", "img_url": "https://upload.wikimedia.org/wikipedia/commons/d/d0/El_Despertar_del_Roc%C3%ADo.jpg", "thumb_url": "https://commons.wikimedia.org/wiki/Special:FilePath/El%20Despertar%20del%20Roc%C3%ADo.jpg?width=640", "commons_url": "https://commons.wikimedia.org/wiki/File:El_Despertar_del_Roc%C3%ADo.jpg", "map_url": "https://maps.google.com/?q=4.594490,-74.070340", "departamento": "Bogotá D.C.", "departamento_raw": "SANTAFE DE BOGOTA D.C", "region": "Andina", "region_color": "#2563eb"}}, {"type": "Feature", "geometry": {"type": "Point", "coordinates": [-74.295648, 4.580103]}, "properties": {"id": 760, "autor": "Johan Andrés Toro", "nombre": "El Salto del Tequendama en su entorno natural andino.jpg", "fecha": "2026-05-29 15:02:53", "desc": "Fotografía de paisaje a gran escala que ubica de manera integral el Salto del Tequendama dentro de su geografía. Muestra la gran caída de agua flanqueada por laderas colosales cubiertas de bosque andino y bosque de niebla, bajo un cielo encapotado donde se divisan redes de infraestructura eléctrica en la cima de la montaña.", "img_url": "https://upload.wikimedia.org/wikipedia/commons/6/6b/El_Salto_del_Tequendama_en_su_entorno_natural_andino.jpg", "thumb_url": "https://commons.wikimedia.org/wiki/Special:FilePath/El%20Salto%20del%20Tequendama%20en%20su%20entorno%20natural%20andino.jpg?width=640", "commons_url": "https://commons.wikimedia.org/wiki/File:El_Salto_del_Tequendama_en_su_entorno_natural_andino.jpg", "map_url": "https://maps.google.com/?q=4.580103,-74.295648", "departamento": "Cundinamarca", "departamento_raw": "CUNDINAMARCA", "region": "Andina", "region_color": "#2563eb"}}, {"type": "Feature", "geometry": {"type": "Point", "coordinates": [-74.146794, 4.172187]}, "properties": {"id": 763, "autor": "Zolsemiya", "nombre": "El arete.jpg", "fecha": "2026-06-30 17:58:45", "desc": "El arete", "img_url": "https://upload.wikimedia.org/wikipedia/commons/7/77/El_arete.jpg", "thumb_url": "https://commons.wikimedia.org/wiki/Special:FilePath/El%20arete.jpg?width=640", "commons_url": "https://commons.wikimedia.org/wiki/File:El_arete.jpg", "map_url": "https://maps.google.com/?q=4.172187,-74.146794", "departamento": "Cundinamarca", "departamento_raw": "CUNDINAMARCA", "region": "Andina", "region_color": "#2563eb"}}, {"type": "Feature", "geometry": {"type": "Point", "coordinates": [-74.785042, 8.073572]}, "properties": {"id": 765, "autor": "Elprofeta91", "nombre": "El ganado.jpg", "fecha": "2026-05-05 19:04:46", "desc": "Una finca en Nechí", "img_url": "https://upload.wikimedia.org/wikipedia/commons/8/82/El_ganado.jpg", "thumb_url": "https://commons.wikimedia.org/wiki/Special:FilePath/El%20ganado.jpg?width=640", "commons_url": "https://commons.wikimedia.org/wiki/File:El_ganado.jpg", "map_url": "https://maps.google.com/?q=8.073572,-74.785042", "departamento": "Antioquia", "departamento_raw": "ANTIOQUIA", "region": "Andina", "region_color": "#2563eb"}}, {"type": "Feature", "geometry": {"type": "Point", "coordinates": [-73.502273, 4.091467]}, "properties": {"id": 774, "autor": "Alexpanther", "nombre": "El rostro de lo incomprendido, Boa constrictor.jpg", "fecha": "2026-06-30 12:01:00", "desc": "Este plano detalle captura la mirada profunda y la majestuosidad de una boa constrictor (Boa constrictor) tras haber sido rescatada y devuelta a su libertad en la inmensidad de los Llanos Orientales. La fotografía busca transformar el miedo en admiración: enfoca con nitidez la perfecta geometría de sus escamas y el sutil movimiento de su lengua explorando el entorno, mientras el fondo se desvanece en sombras. Más allá de su imponente belleza, la imagen es un testimonio de reconciliación entre el ser humano y la fauna silvestre, retratando a este incomprendido reptil no como una amenaza, sino como una protectora que regula con su presencia el latido y la salud de los ecosistemas colombianos.", "img_url": "https://upload.wikimedia.org/wikipedia/commons/6/68/El_rostro_de_lo_incomprendido%2C_Boa_constrictor.jpg", "thumb_url": "https://commons.wikimedia.org/wiki/Special:FilePath/El%20rostro%20de%20lo%20incomprendido%2C%20Boa%20constrictor.jpg?width=640", "commons_url": "https://commons.wikimedia.org/wiki/File:El_rostro_de_lo_incomprendido,_Boa_constrictor.jpg", "map_url": "https://maps.google.com/?q=4.091467,-73.502273", "departamento": "Meta", "departamento_raw": "META", "region": "Orinoquía", "region_color": "#d97706"}}, {"type": "Feature", "geometry": {"type": "Point", "coordinates": [-74.785061, 8.073469]}, "properties": {"id": 777, "autor": "Elprofeta91", "nombre": "El toro fisgón.jpg", "fecha": "2026-05-05 18:59:07", "desc": "Una finca en Nechí", "img_url": "https://upload.wikimedia.org/wikipedia/commons/d/df/El_toro_fisg%C3%B3n.jpg", "thumb_url": "https://commons.wikimedia.org/wiki/Special:FilePath/El%20toro%20fisg%C3%B3n.jpg?width=640", "commons_url": "https://commons.wikimedia.org/wiki/File:El_toro_fisg%C3%B3n.jpg", "map_url": "https://maps.google.com/?q=8.073469,-74.785061", "departamento": "Antioquia", "departamento_raw": "ANTIOQUIA", "region": "Andina", "region_color": "#2563eb"}}, {"type": "Feature", "geometry": {"type": "Point", "coordinates": [-74.787092, 8.071481]}, "properties": {"id": 778, "autor": "Elprofeta91", "nombre": "El toro que quiere correr.jpg", "fecha": "2026-05-05 18:58:47", "desc": "Un día iba trotando y me encontré con la vaca", "img_url": "https://upload.wikimedia.org/wikipedia/commons/6/69/El_toro_que_quiere_correr.jpg", "thumb_url": "https://commons.wikimedia.org/wiki/Special:FilePath/El%20toro%20que%20quiere%20correr.jpg?width=640", "commons_url": "https://commons.wikimedia.org/wiki/File:El_toro_que_quiere_correr.jpg", "map_url": "https://maps.google.com/?q=8.071481,-74.787092", "departamento": "Antioquia", "departamento_raw": "ANTIOQUIA", "region": "Andina", "region_color": "#2563eb"}}, {"type": "Feature", "geometry": {"type": "Point", "coordinates": [-74.785064, 8.073578]}, "properties": {"id": 779, "autor": "Elprofeta91", "nombre": "El toro vigilante.jpg", "fecha": "2026-05-05 18:59:05", "desc": "Una finca en Nechí", "img_url": "https://upload.wikimedia.org/wikipedia/commons/1/14/El_toro_vigilante.jpg", "thumb_url": "https://commons.wikimedia.org/wiki/Special:FilePath/El%20toro%20vigilante.jpg?width=640", "commons_url": "https://commons.wikimedia.org/wiki/File:El_toro_vigilante.jpg", "map_url": "https://maps.google.com/?q=8.073578,-74.785064", "departamento": "Antioquia", "departamento_raw": "ANTIOQUIA", "region": "Andina", "region_color": "#2563eb"}}, {"type": "Feature", "geometry": {"type": "Point", "coordinates": [-74.344986, 4.86095]}, "properties": {"id": 785, "autor": "Nbareschu", "nombre": "Elleanthus reserva Moravia.jpg", "fecha": "2026-05-07 10:06:45", "desc": "Elleanthus", "img_url": "https://upload.wikimedia.org/wikipedia/commons/6/6c/Elleanthus_reserva_Moravia.jpg", "thumb_url": "https://commons.wikimedia.org/wiki/Special:FilePath/Elleanthus%20reserva%20Moravia.jpg?width=640", "commons_url": "https://commons.wikimedia.org/wiki/File:Elleanthus_reserva_Moravia.jpg", "map_url": "https://maps.google.com/?q=4.860950,-74.344986", "departamento": "Cundinamarca", "departamento_raw": "CUNDINAMARCA", "region": "Andina", "region_color": "#2563eb"}}, {"type": "Feature", "geometry": {"type": "Point", "coordinates": [-73.84236, 4.934418]}, "properties": {"id": 790, "autor": "Natlycu", "nombre": "Embalse de Tominé, Guatavita 2024.jpg", "fecha": "2026-06-30 00:51:51", "desc": "Tominé Reservoir, Guatavita 2024", "img_url": "https://upload.wikimedia.org/wikipedia/commons/7/70/Embalse_de_Tomin%C3%A9%2C_Guatavita_2024.jpg", "thumb_url": "https://commons.wikimedia.org/wiki/Special:FilePath/Embalse%20de%20Tomin%C3%A9%2C%20Guatavita%202024.jpg?width=640", "commons_url": "https://commons.wikimedia.org/wiki/File:Embalse_de_Tomin%C3%A9,_Guatavita_2024.jpg", "map_url": "https://maps.google.com/?q=4.934418,-73.842360", "departamento": "Cundinamarca", "departamento_raw": "CUNDINAMARCA", "region": "Andina", "region_color": "#2563eb"}}, {"type": "Feature", "geometry": {"type": "Point", "coordinates": [-73.95256, 5.169433]}, "properties": {"id": 791, "autor": "Mat1318", "nombre": "Embalse de tominé.jpg", "fecha": "2026-06-20 19:32:12", "desc": "View of the reservoir with mountains in the background.", "img_url": "https://upload.wikimedia.org/wikipedia/commons/c/ce/Embalse_de_tomin%C3%A9.jpg", "thumb_url": "https://commons.wikimedia.org/wiki/Special:FilePath/Embalse%20de%20tomin%C3%A9.jpg?width=640", "commons_url": "https://commons.wikimedia.org/wiki/File:Embalse_de_tomin%C3%A9.jpg", "map_url": "https://maps.google.com/?q=5.16943311,-73.95256042", "departamento": "Cundinamarca", "departamento_raw": "CUNDINAMARCA", "region": "Andina", "region_color": "#2563eb"}}, {"type": "Feature", "geometry": {"type": "Point", "coordinates": [-73.822166, 4.960353]}, "properties": {"id": 792, "autor": "Mat1318", "nombre": "Embalse de tominé ( con pasta y camarones).jpg", "fecha": "2026-06-20 19:32:16", "desc": "A delicious dinner with a beautiful view.", "img_url": "https://upload.wikimedia.org/wikipedia/commons/d/d2/Embalse_de_tomin%C3%A9_%28_con_pasta_y_camarones%29.jpg", "thumb_url": "https://commons.wikimedia.org/wiki/Special:FilePath/Embalse%20de%20tomin%C3%A9%20%28%20con%20pasta%20y%20camarones%29.jpg?width=640", "commons_url": "https://commons.wikimedia.org/wiki/File:Embalse_de_tomin%C3%A9_(_con_pasta_y_camarones).jpg", "map_url": "https://maps.google.com/?q=4.96035289,-73.82216642", "departamento": "Cundinamarca", "departamento_raw": "CUNDINAMARCA", "region": "Andina", "region_color": "#2563eb"}}, {"type": "Feature", "geometry": {"type": "Point", "coordinates": [-74.146794, 4.172187]}, "properties": {"id": 796, "autor": "Zolsemiya", "nombre": "Enamorados 2.jpg", "fecha": "2026-06-30 17:58:53", "desc": "Enamorados 2", "img_url": "https://upload.wikimedia.org/wikipedia/commons/a/a2/Enamorados_2.jpg", "thumb_url": "https://commons.wikimedia.org/wiki/Special:FilePath/Enamorados%202.jpg?width=640", "commons_url": "https://commons.wikimedia.org/wiki/File:Enamorados_2.jpg", "map_url": "https://maps.google.com/?q=4.172187,-74.146794", "departamento": "Cundinamarca", "departamento_raw": "CUNDINAMARCA", "region": "Andina", "region_color": "#2563eb"}}, {"type": "Feature", "geometry": {"type": "Point", "coordinates": [-75.316667, 4.883333]}, "properties": {"id": 801, "autor": "Janavet pantoja isaza", "nombre": "Entre montañas frias.jpg", "fecha": "2026-06-30 14:59:36", "desc": "Paramos de colombia", "img_url": "https://upload.wikimedia.org/wikipedia/commons/a/ac/Entre_monta%C3%B1as_frias.jpg", "thumb_url": "https://commons.wikimedia.org/wiki/Special:FilePath/Entre%20monta%C3%B1as%20frias.jpg?width=640", "commons_url": "https://commons.wikimedia.org/wiki/File:Entre_monta%C3%B1as_frias.jpg", "map_url": "https://maps.google.com/?q=4.883333,-75.316667", "departamento": "Tolima", "departamento_raw": "TOLIMA", "region": "Andina", "region_color": "#2563eb"}}, {"type": "Feature", "geometry": {"type": "Point", "coordinates": [-75.324708, 4.932139]}, "properties": {"id": 802, "autor": "Adrianvargasag", "nombre": "Entre páramos Colombianos.jpg", "fecha": "2026-05-02 03:03:01", "desc": "En la vía que comunica Manizales, Caldas con el municipio de Murillo, Tolima se trazan en el camino paisajes fantásticos llenos de agua, nieblas interminables y naturaleza a más de 3000 msnm.", "img_url": "https://upload.wikimedia.org/wikipedia/commons/3/30/Entre_p%C3%A1ramos_Colombianos.jpg", "thumb_url": "https://commons.wikimedia.org/wiki/Special:FilePath/Entre%20p%C3%A1ramos%20Colombianos.jpg?width=640", "commons_url": "https://commons.wikimedia.org/wiki/File:Entre_p%C3%A1ramos_Colombianos.jpg", "map_url": "https://maps.google.com/?q=4.932139,-75.324708", "departamento": "Tolima", "departamento_raw": "TOLIMA", "region": "Andina", "region_color": "#2563eb"}}, {"type": "Feature", "geometry": {"type": "Point", "coordinates": [-74.099944, 4.66775]}, "properties": {"id": 806, "autor": "NMontoya (WMCO)", "nombre": "Epifitismo 1.jpg", "fecha": "2026-06-04 19:21:32", "desc": "Aechmea fasciata (Lindl.) Baker", "img_url": "https://upload.wikimedia.org/wikipedia/commons/3/32/Epifitismo_1.jpg", "thumb_url": "https://commons.wikimedia.org/wiki/Special:FilePath/Epifitismo%201.jpg?width=640", "commons_url": "https://commons.wikimedia.org/wiki/File:Epifitismo_1.jpg", "map_url": "https://maps.google.com/?q=4.667750,-74.099944", "departamento": "Bogotá D.C.", "departamento_raw": "SANTAFE DE BOGOTA D.C", "region": "Andina", "region_color": "#2563eb"}}, {"type": "Feature", "geometry": {"type": "Point", "coordinates": [-74.097702, 4.669437]}, "properties": {"id": 807, "autor": "NMontoya (WMCO)", "nombre": "Epifitismo en árbol.jpg", "fecha": "2026-06-18 19:23:04", "desc": "Epifitismo en árbol", "img_url": "https://upload.wikimedia.org/wikipedia/commons/9/99/Epifitismo_en_%C3%A1rbol.jpg", "thumb_url": "https://commons.wikimedia.org/wiki/Special:FilePath/Epifitismo%20en%20%C3%A1rbol.jpg?width=640", "commons_url": "https://commons.wikimedia.org/wiki/File:Epifitismo_en_%C3%A1rbol.jpg", "map_url": "https://maps.google.com/?q=4.669437,-74.097702", "departamento": "Bogotá D.C.", "departamento_raw": "SANTAFE DE BOGOTA D.C", "region": "Andina", "region_color": "#2563eb"}}, {"type": "Feature", "geometry": {"type": "Point", "coordinates": [-74.360916, 4.700031]}, "properties": {"id": 808, "autor": "Bioedna.ro", "nombre": "Epilachna sp. en Bojacá, COL.jpg", "fecha": "2026-06-29 23:58:25", "desc": "Photo of Epilachna sp. taken in the rural area of the municipality of Bojacá, Cundinamarca, Colombia.", "img_url": "https://upload.wikimedia.org/wikipedia/commons/a/ae/Epilachna_sp._en_Bojac%C3%A1%2C_COL.jpg", "thumb_url": "https://commons.wikimedia.org/wiki/Special:FilePath/Epilachna%20sp.%20en%20Bojac%C3%A1%2C%20COL.jpg?width=640", "commons_url": "https://commons.wikimedia.org/wiki/File:Epilachna_sp._en_Bojac%C3%A1,_COL.jpg", "map_url": "https://maps.google.com/?q=4.700031,-74.360916", "departamento": "Cundinamarca", "departamento_raw": "CUNDINAMARCA", "region": "Andina", "region_color": "#2563eb"}}, {"type": "Feature", "geometry": {"type": "Point", "coordinates": [-74.360916, 4.700031]}, "properties": {"id": 809, "autor": "Bioedna.ro", "nombre": "Epilachna sp. en Bojacá, Colombia.jpg", "fecha": "2026-06-29 23:58:28", "desc": "Photo of Epilachna sp. taken in the rural area of the municipality of Bojacá, Cundinamarca, Colombia.", "img_url": "https://upload.wikimedia.org/wikipedia/commons/c/c8/Epilachna_sp._en_Bojac%C3%A1%2C_Colombia.jpg", "thumb_url": "https://commons.wikimedia.org/wiki/Special:FilePath/Epilachna%20sp.%20en%20Bojac%C3%A1%2C%20Colombia.jpg?width=640", "commons_url": "https://commons.wikimedia.org/wiki/File:Epilachna_sp._en_Bojac%C3%A1,_Colombia.jpg", "map_url": "https://maps.google.com/?q=4.700031,-74.360916", "departamento": "Cundinamarca", "departamento_raw": "CUNDINAMARCA", "region": "Andina", "region_color": "#2563eb"}}, {"type": "Feature", "geometry": {"type": "Point", "coordinates": [-75.155795, 5.953556]}, "properties": {"id": 811, "autor": "AmiGueko", "nombre": "Eremurus stenophyllus.jpg", "fecha": "2026-05-09 08:06:09", "desc": "Eremurus stenophyllus", "img_url": "https://upload.wikimedia.org/wikipedia/commons/f/f6/Eremurus_stenophyllus.jpg", "thumb_url": "https://commons.wikimedia.org/wiki/Special:FilePath/Eremurus%20stenophyllus.jpg?width=640", "commons_url": "https://commons.wikimedia.org/wiki/File:Eremurus_stenophyllus.jpg", "map_url": "https://maps.google.com/?q=5.953556,-75.155795", "departamento": "Antioquia", "departamento_raw": "ANTIOQUIA", "region": "Andina", "region_color": "#2563eb"}}, {"type": "Feature", "geometry": {"type": "Point", "coordinates": [-72.318475, 6.369967]}, "properties": {"id": 812, "autor": "Nbareschu", "nombre": "Erigon.jpg", "fecha": "2026-05-07 10:06:59", "desc": "Erigon Sp", "img_url": "https://upload.wikimedia.org/wikipedia/commons/e/e7/Erigon.jpg", "thumb_url": "https://commons.wikimedia.org/wiki/Special:FilePath/Erigon.jpg?width=640", "commons_url": "https://commons.wikimedia.org/wiki/File:Erigon.jpg", "map_url": "https://maps.google.com/?q=6.369967,-72.318475", "departamento": "Boyaca", "departamento_raw": "BOYACA", "region": "Andina", "region_color": "#2563eb"}}, {"type": "Feature", "geometry": {"type": "Point", "coordinates": [-74.278295, 4.984191]}, "properties": {"id": 817, "autor": "AmiGueko", "nombre": "Escarabajo (88516).jpg", "fecha": "2026-05-23 22:11:55", "desc": "Escarabajo", "img_url": "https://upload.wikimedia.org/wikipedia/commons/e/eb/Escarabajo_%2888516%29.jpg", "thumb_url": "https://commons.wikimedia.org/wiki/Special:FilePath/Escarabajo%20%2888516%29.jpg?width=640", "commons_url": "https://commons.wikimedia.org/wiki/File:Escarabajo_(88516).jpg", "map_url": "https://maps.google.com/?q=4.984191,-74.278295", "departamento": "Cundinamarca", "departamento_raw": "CUNDINAMARCA", "region": "Andina", "region_color": "#2563eb"}}, {"type": "Feature", "geometry": {"type": "Point", "coordinates": [-75.834167, 4.325333]}, "properties": {"id": 819, "autor": "Biodiego88", "nombre": "Escarabajo Tenebrionidae.jpg", "fecha": "2026-05-21 19:22:26", "desc": "Escarabajo encontrado en la Reserva Café Tandil", "img_url": "https://upload.wikimedia.org/wikipedia/commons/e/e9/Escarabajo_Tenebrionidae.jpg", "thumb_url": "https://commons.wikimedia.org/wiki/Special:FilePath/Escarabajo%20Tenebrionidae.jpg?width=640", "commons_url": "https://commons.wikimedia.org/wiki/File:Escarabajo_Tenebrionidae.jpg", "map_url": "https://maps.google.com/?q=4.325333,-75.834167", "departamento": "Valle del Cauca", "departamento_raw": "VALLE DEL CAUCA", "region": "Pacífica", "region_color": "#059669"}}, {"type": "Feature", "geometry": {"type": "Point", "coordinates": [-74.322032, 4.968432]}, "properties": {"id": 820, "autor": "AmiGueko", "nombre": "Escarabajo de hoja de menta azul.jpg", "fecha": "2026-05-14 22:34:16", "desc": "Chrysolina coerulans", "img_url": "https://upload.wikimedia.org/wikipedia/commons/e/e4/Escarabajo_de_hoja_de_menta_azul.jpg", "thumb_url": "https://commons.wikimedia.org/wiki/Special:FilePath/Escarabajo%20de%20hoja%20de%20menta%20azul.jpg?width=640", "commons_url": "https://commons.wikimedia.org/wiki/File:Escarabajo_de_hoja_de_menta_azul.jpg", "map_url": "https://maps.google.com/?q=4.968432,-74.322032", "departamento": "Cundinamarca", "departamento_raw": "CUNDINAMARCA", "region": "Andina", "region_color": "#2563eb"}}, {"type": "Feature", "geometry": {"type": "Point", "coordinates": [-74.290079, 4.97049]}, "properties": {"id": 823, "autor": "AmiGueko", "nombre": "Escarabajo tortuga.jpg", "fecha": "2026-05-08 23:07:13", "desc": "Escarabajo en San Francisco", "img_url": "https://upload.wikimedia.org/wikipedia/commons/b/b0/Escarabajo_tortuga.jpg", "thumb_url": "https://commons.wikimedia.org/wiki/Special:FilePath/Escarabajo%20tortuga.jpg?width=640", "commons_url": "https://commons.wikimedia.org/wiki/File:Escarabajo_tortuga.jpg", "map_url": "https://maps.google.com/?q=4.970490,-74.290079", "departamento": "Cundinamarca", "departamento_raw": "CUNDINAMARCA", "region": "Andina", "region_color": "#2563eb"}}, {"type": "Feature", "geometry": {"type": "Point", "coordinates": [-74.07034, 4.59449]}, "properties": {"id": 826, "autor": "KingJo09", "nombre": "Esencia Violeta.jpg", "fecha": "2026-05-23 21:22:45", "desc": "Un primer plano delicado de una flor de Brunfelsia en su primer día de vida. Su intenso tono violeta y su brillante centro blanco contrastan suavemente con el verde de sus hojas, capturando la frescura de una floración recién abierta.", "img_url": "https://upload.wikimedia.org/wikipedia/commons/f/f5/Esencia_Violeta.jpg", "thumb_url": "https://commons.wikimedia.org/wiki/Special:FilePath/Esencia%20Violeta.jpg?width=640", "commons_url": "https://commons.wikimedia.org/wiki/File:Esencia_Violeta.jpg", "map_url": "https://maps.google.com/?q=4.594490,-74.070340", "departamento": "Bogotá D.C.", "departamento_raw": "SANTAFE DE BOGOTA D.C", "region": "Andina", "region_color": "#2563eb"}}, {"type": "Feature", "geometry": {"type": "Point", "coordinates": [-74.07034, 4.59449]}, "properties": {"id": 827, "autor": "KingJo09", "nombre": "Esfera de Deseos.jpg", "fecha": "2026-05-23 21:22:45", "desc": "Un retrato detallado de la simetría perfecta y la fragilidad de un diente de león maduro. Cada pequeña semilla con su diminuto paracaídas blanco resalta nítidamente sobre el fondo verde desenfocado, capturando ese instante exacto de sutil belleza antes de que el viento la disperse.", "img_url": "https://upload.wikimedia.org/wikipedia/commons/9/98/Esfera_de_Deseos.jpg", "thumb_url": "https://commons.wikimedia.org/wiki/Special:FilePath/Esfera%20de%20Deseos.jpg?width=640", "commons_url": "https://commons.wikimedia.org/wiki/File:Esfera_de_Deseos.jpg", "map_url": "https://maps.google.com/?q=4.594490,-74.070340", "departamento": "Bogotá D.C.", "departamento_raw": "SANTAFE DE BOGOTA D.C", "region": "Andina", "region_color": "#2563eb"}}, {"type": "Feature", "geometry": {"type": "Point", "coordinates": [-74.07034, 4.59449]}, "properties": {"id": 828, "autor": "KingJo09", "nombre": "Esferas de la Naturaleza.jpg", "fecha": "2026-05-23 21:22:53", "desc": "Una toma en primer plano que captura la intensa calidez de un racimo de bayas rojas silvestres. El contraste entre la textura rugosa de las ramas y la redondez perfecta de los frutos resalta la belleza de los pequeños detalles que a veces pasamos por alto en el paisaje urbano o natural.", "img_url": "https://upload.wikimedia.org/wikipedia/commons/d/d3/Esferas_de_la_Naturaleza.jpg", "thumb_url": "https://commons.wikimedia.org/wiki/Special:FilePath/Esferas%20de%20la%20Naturaleza.jpg?width=640", "commons_url": "https://commons.wikimedia.org/wiki/File:Esferas_de_la_Naturaleza.jpg", "map_url": "https://maps.google.com/?q=4.594490,-74.070340", "departamento": "Bogotá D.C.", "departamento_raw": "SANTAFE DE BOGOTA D.C", "region": "Andina", "region_color": "#2563eb"}}, {"type": "Feature", "geometry": {"type": "Point", "coordinates": [-73.75284, 4.52799]}, "properties": {"id": 833, "autor": "Supertita", "nombre": "Espeletia schultesiana Frailejon-familia de las asteráceas.jpg", "fecha": "2026-06-19 16:58:40", "desc": "Frailejon-familia de las asteráceas-Espeletia schultesiana-Chingaza", "img_url": "https://upload.wikimedia.org/wikipedia/commons/0/0b/Espeletia_schultesiana_Frailejon-familia_de_las_aster%C3%A1ceas.jpg", "thumb_url": "https://commons.wikimedia.org/wiki/Special:FilePath/Espeletia%20schultesiana%20Frailejon-familia%20de%20las%20aster%C3%A1ceas.jpg?width=640", "commons_url": "https://commons.wikimedia.org/wiki/File:Espeletia_schultesiana_Frailejon-familia_de_las_aster%C3%A1ceas.jpg", "map_url": "https://maps.google.com/?q=4.527990,-73.752840", "departamento": "Cundinamarca", "departamento_raw": "CUNDINAMARCA", "region": "Andina", "region_color": "#2563eb"}}, {"type": "Feature", "geometry": {"type": "Point", "coordinates": [-76.102569, 1.615202]}, "properties": {"id": 835, "autor": "CHAVESJUAN19", "nombre": "Esperando amor - PNN Cueva de los Guacharos (PRIMER PLANO).jpg", "fecha": "2026-06-30 23:05:31", "desc": "Gallito de roca (hembra) / Ave nativa de la region Andino-Amazonica.", "img_url": "https://upload.wikimedia.org/wikipedia/commons/c/ce/Esperando_amor_-_PNN_Cueva_de_los_Guacharos_%28PRIMER_PLANO%29.jpg", "thumb_url": "https://commons.wikimedia.org/wiki/Special:FilePath/Esperando%20amor%20-%20PNN%20Cueva%20de%20los%20Guacharos%20%28PRIMER%20PLANO%29.jpg?width=640", "commons_url": "https://commons.wikimedia.org/wiki/File:Esperando_amor_-_PNN_Cueva_de_los_Guacharos_(PRIMER_PLANO).jpg", "map_url": "https://maps.google.com/?q=1.615202,-76.102569", "departamento": "Huila", "departamento_raw": "HUILA", "region": "Andina", "region_color": "#2563eb"}}, {"type": "Feature", "geometry": {"type": "Point", "coordinates": [-73.989083, 4.562336]}, "properties": {"id": 838, "autor": "Nbareschu", "nombre": "Espinas de mora de Páramo.jpg", "fecha": "2026-05-07 10:06:24", "desc": "Espinas de mora 3200 msnm", "img_url": "https://upload.wikimedia.org/wikipedia/commons/1/18/Espinas_de_mora_de_P%C3%A1ramo.jpg", "thumb_url": "https://commons.wikimedia.org/wiki/Special:FilePath/Espinas%20de%20mora%20de%20P%C3%A1ramo.jpg?width=640", "commons_url": "https://commons.wikimedia.org/wiki/File:Espinas_de_mora_de_P%C3%A1ramo.jpg", "map_url": "https://maps.google.com/?q=4.562336,-73.989083", "departamento": "Cundinamarca", "departamento_raw": "CUNDINAMARCA", "region": "Andina", "region_color": "#2563eb"}}, {"type": "Feature", "geometry": {"type": "Point", "coordinates": [-74.282561, 5.02991]}, "properties": {"id": 844, "autor": "Supertita", "nombre": "Etlingera elatior-Baston del emperador.jpg", "fecha": "2026-06-18 19:23:11", "desc": "Baston del emperador", "img_url": "https://upload.wikimedia.org/wikipedia/commons/d/dd/Etlingera_elatior-Baston_del_emperador.jpg", "thumb_url": "https://commons.wikimedia.org/wiki/Special:FilePath/Etlingera%20elatior-Baston%20del%20emperador.jpg?width=640", "commons_url": "https://commons.wikimedia.org/wiki/File:Etlingera_elatior-Baston_del_emperador.jpg", "map_url": "https://maps.google.com/?q=5.029910,-74.282561", "departamento": "Cundinamarca", "departamento_raw": "CUNDINAMARCA", "region": "Andina", "region_color": "#2563eb"}}, {"type": "Feature", "geometry": {"type": "Point", "coordinates": [-74.335404, 4.360644]}, "properties": {"id": 846, "autor": "Natlycu", "nombre": "Eufonia piquigruesa (Euphonia laniirostris) hembra en Paque Verde Y Agua, Fusagasugá, (Cundinamarca).jpg", "fecha": "2026-06-29 23:04:47", "desc": "Thick-billed euphonia (Euphonia laniirostris) female in Fusagasugá, (Cundinamarca)", "img_url": "https://upload.wikimedia.org/wikipedia/commons/6/6d/Eufonia_piquigruesa_%28Euphonia_laniirostris%29_hembra_en_Paque_Verde_Y_Agua%2C_Fusagasug%C3%A1%2C_%28Cundinamarca%29.jpg", "thumb_url": "https://commons.wikimedia.org/wiki/Special:FilePath/Eufonia%20piquigruesa%20%28Euphonia%20laniirostris%29%20hembra%20en%20Paque%20Verde%20Y%20Agua%2C%20Fusagasug%C3%A1%2C%20%28Cundinamarca%29.jpg?width=640", "commons_url": "https://commons.wikimedia.org/wiki/File:Eufonia_piquigruesa_(Euphonia_laniirostris)_hembra_en_Paque_Verde_Y_Agua,_Fusagasug%C3%A1,_(Cundinamarca).jpg", "map_url": "https://maps.google.com/?q=4.360644,-74.335404", "departamento": "Cundinamarca", "departamento_raw": "CUNDINAMARCA", "region": "Andina", "region_color": "#2563eb"}}, {"type": "Feature", "geometry": {"type": "Point", "coordinates": [-74.335404, 4.360644]}, "properties": {"id": 847, "autor": "Natlycu", "nombre": "Eufonia piquigruesa (Euphonia laniirostris) macho en Paque Verde Y Agua, Fusagasugá, (Cundinamarca).jpg", "fecha": "2026-06-30 00:09:20", "desc": "Thick-billed euphonia (Euphonia laniirostris) male in Fusagasugá, (Cundinamarca)", "img_url": "https://upload.wikimedia.org/wikipedia/commons/1/13/Eufonia_piquigruesa_%28Euphonia_laniirostris%29_macho_en_Paque_Verde_Y_Agua%2C_Fusagasug%C3%A1%2C_%28Cundinamarca%29.jpg", "thumb_url": "https://commons.wikimedia.org/wiki/Special:FilePath/Eufonia%20piquigruesa%20%28Euphonia%20laniirostris%29%20macho%20en%20Paque%20Verde%20Y%20Agua%2C%20Fusagasug%C3%A1%2C%20%28Cundinamarca%29.jpg?width=640", "commons_url": "https://commons.wikimedia.org/wiki/File:Eufonia_piquigruesa_(Euphonia_laniirostris)_macho_en_Paque_Verde_Y_Agua,_Fusagasug%C3%A1,_(Cundinamarca).jpg", "map_url": "https://maps.google.com/?q=4.360644,-74.335404", "departamento": "Cundinamarca", "departamento_raw": "CUNDINAMARCA", "region": "Andina", "region_color": "#2563eb"}}, {"type": "Feature", "geometry": {"type": "Point", "coordinates": [-73.864013, 7.084965]}, "properties": {"id": 848, "autor": "Diferoch", "nombre": "Eumorpha vitis - Barrancabermeja, Santander, Colombia - 09 Jul 2025 - Diferoch.jpg", "fecha": "2026-06-09 15:18:50", "desc": "Adult individual of Eumorpha vitis observed in Barrancabermeja, Santander, Colombia.", "img_url": "https://upload.wikimedia.org/wikipedia/commons/1/17/Eumorpha_vitis_-_Barrancabermeja%2C_Santander%2C_Colombia_-_09_Jul_2025_-_Diferoch.jpg", "thumb_url": "https://commons.wikimedia.org/wiki/Special:FilePath/Eumorpha%20vitis%20-%20Barrancabermeja%2C%20Santander%2C%20Colombia%20-%2009%20Jul%202025%20-%20Diferoch.jpg?width=640", "commons_url": "https://commons.wikimedia.org/wiki/File:Eumorpha_vitis_-_Barrancabermeja,_Santander,_Colombia_-_09_Jul_2025_-_Diferoch.jpg", "map_url": "https://maps.google.com/?q=7.084965,-73.864013", "departamento": "Santander", "departamento_raw": "SANTANDER", "region": "Andina", "region_color": "#2563eb"}}, {"type": "Feature", "geometry": {"type": "Point", "coordinates": [-73.864052, 7.084988]}, "properties": {"id": 849, "autor": "Diferoch", "nombre": "Euphonia laniirostris crassirostris - Barrancabermeja, Santander, Colombia - 2 Jun 2025.jpg", "fecha": "2026-05-19 21:03:43", "desc": "Male of Euphonia laniirostris crassirostris observed in Barrancabermeja, Santander, Colombia.", "img_url": "https://upload.wikimedia.org/wikipedia/commons/7/79/Euphonia_laniirostris_crassirostris_-_Barrancabermeja%2C_Santander%2C_Colombia_-_2_Jun_2025.jpg", "thumb_url": "https://commons.wikimedia.org/wiki/Special:FilePath/Euphonia%20laniirostris%20crassirostris%20-%20Barrancabermeja%2C%20Santander%2C%20Colombia%20-%202%20Jun%202025.jpg?width=640", "commons_url": "https://commons.wikimedia.org/wiki/File:Euphonia_laniirostris_crassirostris_-_Barrancabermeja,_Santander,_Colombia_-_2_Jun_2025.jpg", "map_url": "https://maps.google.com/?q=7.084988,-73.864052", "departamento": "Santander", "departamento_raw": "SANTANDER", "region": "Andina", "region_color": "#2563eb"}}, {"type": "Feature", "geometry": {"type": "Point", "coordinates": [-73.8639, 7.0849]}, "properties": {"id": 850, "autor": "Diferoch", "nombre": "Euphonia laniirostris crassirostris - Barrancabermeja, Santander, Colombia - 4 Jun 2026 - Diferoch.jpg", "fecha": "2026-05-28 19:53:18", "desc": "Adult male of Euphonia laniirostris crassirostris observed in Barrancabermeja, Santander, Colombia.", "img_url": "https://upload.wikimedia.org/wikipedia/commons/2/2f/Euphonia_laniirostris_crassirostris_-_Barrancabermeja%2C_Santander%2C_Colombia_-_4_Jun_2026_-_Diferoch.jpg", "thumb_url": "https://commons.wikimedia.org/wiki/Special:FilePath/Euphonia%20laniirostris%20crassirostris%20-%20Barrancabermeja%2C%20Santander%2C%20Colombia%20-%204%20Jun%202026%20-%20Diferoch.jpg?width=640", "commons_url": "https://commons.wikimedia.org/wiki/File:Euphonia_laniirostris_crassirostris_-_Barrancabermeja,_Santander,_Colombia_-_4_Jun_2026_-_Diferoch.jpg", "map_url": "https://maps.google.com/?q=7.084900,-73.863900", "departamento": "Santander", "departamento_raw": "SANTANDER", "region": "Andina", "region_color": "#2563eb"}}, {"type": "Feature", "geometry": {"type": "Point", "coordinates": [-73.756355, 7.095963]}, "properties": {"id": 851, "autor": "Diferoch", "nombre": "Eupsittula pertinax aeruginosa - Barrancabermeja, Santander, Colombia - 12 Jul 2025 - Diferoch.jpg", "fecha": "2026-06-09 21:23:40", "desc": "Two individuals of Eupsittula pertinax aeruginosa observed in Barrancabermeja, Santander, Colombia.", "img_url": "https://upload.wikimedia.org/wikipedia/commons/9/9b/Eupsittula_pertinax_aeruginosa_-_Barrancabermeja%2C_Santander%2C_Colombia_-_12_Jul_2025_-_Diferoch.jpg", "thumb_url": "https://commons.wikimedia.org/wiki/Special:FilePath/Eupsittula%20pertinax%20aeruginosa%20-%20Barrancabermeja%2C%20Santander%2C%20Colombia%20-%2012%20Jul%202025%20-%20Diferoch.jpg?width=640", "commons_url": "https://commons.wikimedia.org/wiki/File:Eupsittula_pertinax_aeruginosa_-_Barrancabermeja,_Santander,_Colombia_-_12_Jul_2025_-_Diferoch.jpg", "map_url": "https://maps.google.com/?q=7.095963,-73.756355", "departamento": "Santander", "departamento_raw": "SANTANDER", "region": "Andina", "region_color": "#2563eb"}}, {"type": "Feature", "geometry": {"type": "Point", "coordinates": [-75.106225, 4.280661]}, "properties": {"id": 858, "autor": "JuanitoCISF", "nombre": "Familia Anatidae.jpg", "fecha": "2026-05-28 10:51:52", "desc": "Familia de patos en una pequeña Laguna por San Luis, Tolima", "img_url": "https://upload.wikimedia.org/wikipedia/commons/9/9c/Familia_Anatidae.jpg", "thumb_url": "https://commons.wikimedia.org/wiki/Special:FilePath/Familia%20Anatidae.jpg?width=640", "commons_url": "https://commons.wikimedia.org/wiki/File:Familia_Anatidae.jpg", "map_url": "https://maps.google.com/?q=4.280661,-75.106225", "departamento": "Tolima", "departamento_raw": "TOLIMA", "region": "Andina", "region_color": "#2563eb"}}, {"type": "Feature", "geometry": {"type": "Point", "coordinates": [-74.048936, 4.864623]}, "properties": {"id": 862, "autor": "Dalacuel", "nombre": "Farolito japonés.jpg", "fecha": "2026-06-21 14:22:12", "desc": "Japanese Lantern (Abutilon sp.) \"A charming lantern-shaped flower whose delicate blooms bring color and elegance to the garden throughout the year.\"", "img_url": "https://upload.wikimedia.org/wikipedia/commons/5/5f/Farolito_japon%C3%A9s.jpg", "thumb_url": "https://commons.wikimedia.org/wiki/Special:FilePath/Farolito%20japon%C3%A9s.jpg?width=640", "commons_url": "https://commons.wikimedia.org/wiki/File:Farolito_japon%C3%A9s.jpg", "map_url": "https://maps.google.com/?q=4.864623,-74.048936", "departamento": "Cundinamarca", "departamento_raw": "CUNDINAMARCA", "region": "Andina", "region_color": "#2563eb"}}, {"type": "Feature", "geometry": {"type": "Point", "coordinates": [-76.281762, 5.739763]}, "properties": {"id": 876, "autor": "Edwinzerep", "nombre": "Fauna Choco colombia.jpg", "fecha": "2026-05-10 20:32:47", "desc": "Chocó Colombia", "img_url": "https://upload.wikimedia.org/wikipedia/commons/b/b3/Fauna_Choco_colombia.jpg", "thumb_url": "https://commons.wikimedia.org/wiki/Special:FilePath/Fauna%20Choco%20colombia.jpg?width=640", "commons_url": "https://commons.wikimedia.org/wiki/File:Fauna_Choco_colombia.jpg", "map_url": "https://maps.google.com/?q=5.739763,-76.281762", "departamento": "Choco", "departamento_raw": "CHOCO", "region": "Pacífica", "region_color": "#059669"}}, {"type": "Feature", "geometry": {"type": "Point", "coordinates": [-76.128552, 5.869236]}, "properties": {"id": 882, "autor": "Edwinzerep", "nombre": "Fauna Chocó colombia.jpg", "fecha": "2026-05-10 20:32:45", "desc": "Chocó Colombia", "img_url": "https://upload.wikimedia.org/wikipedia/commons/f/f8/Fauna_Choc%C3%B3_colombia.jpg", "thumb_url": "https://commons.wikimedia.org/wiki/Special:FilePath/Fauna%20Choc%C3%B3%20colombia.jpg?width=640", "commons_url": "https://commons.wikimedia.org/wiki/File:Fauna_Choc%C3%B3_colombia.jpg", "map_url": "https://maps.google.com/?q=5.869236,-76.128552", "departamento": "Antioquia", "departamento_raw": "ANTIOQUIA", "region": "Andina", "region_color": "#2563eb"}}, {"type": "Feature", "geometry": {"type": "Point", "coordinates": [-74.099944, 4.66775]}, "properties": {"id": 887, "autor": "AmiGueko", "nombre": "Filodendro1.jpg", "fecha": "2026-06-04 21:01:39", "desc": "Filodendron melanochrysum - Familia Araceae - este detalle muestra flores dentro de las flores - nótese también el detalle de las flores en forma de \"corazón\"", "img_url": "https://upload.wikimedia.org/wikipedia/commons/8/87/Filodendro1.jpg", "thumb_url": "https://commons.wikimedia.org/wiki/Special:FilePath/Filodendro1.jpg?width=640", "commons_url": "https://commons.wikimedia.org/wiki/File:Filodendro1.jpg", "map_url": "https://maps.google.com/?q=4.667750,-74.099944", "departamento": "Bogotá D.C.", "departamento_raw": "SANTAFE DE BOGOTA D.C", "region": "Andina", "region_color": "#2563eb"}}, {"type": "Feature", "geometry": {"type": "Point", "coordinates": [-74.099944, 4.66775]}, "properties": {"id": 888, "autor": "AmiGueko", "nombre": "Filodendro2.jpg", "fecha": "2026-06-04 21:01:39", "desc": "Filodendron melanochrysum - Familia Araceae - este detalle muestra flores dentro de las flores - nótese también el detalle de las flores en forma de \"corazón\" y además polinizadores en acción en la planta", "img_url": "https://upload.wikimedia.org/wikipedia/commons/b/b4/Filodendro2.jpg", "thumb_url": "https://commons.wikimedia.org/wiki/Special:FilePath/Filodendro2.jpg?width=640", "commons_url": "https://commons.wikimedia.org/wiki/File:Filodendro2.jpg", "map_url": "https://maps.google.com/?q=4.667750,-74.099944", "departamento": "Bogotá D.C.", "departamento_raw": "SANTAFE DE BOGOTA D.C", "region": "Andina", "region_color": "#2563eb"}}, {"type": "Feature", "geometry": {"type": "Point", "coordinates": [-74.099944, 4.66775]}, "properties": {"id": 889, "autor": "AmiGueko", "nombre": "Filodendro3.jpg", "fecha": "2026-06-04 21:01:39", "desc": "Filodendron melanochrysum - Familia Araceae", "img_url": "https://upload.wikimedia.org/wikipedia/commons/7/7a/Filodendro3.jpg", "thumb_url": "https://commons.wikimedia.org/wiki/Special:FilePath/Filodendro3.jpg?width=640", "commons_url": "https://commons.wikimedia.org/wiki/File:Filodendro3.jpg", "map_url": "https://maps.google.com/?q=4.667750,-74.099944", "departamento": "Bogotá D.C.", "departamento_raw": "SANTAFE DE BOGOTA D.C", "region": "Andina", "region_color": "#2563eb"}}, {"type": "Feature", "geometry": {"type": "Point", "coordinates": [-74.099944, 4.66775]}, "properties": {"id": 890, "autor": "AmiGueko", "nombre": "Filodendro junio de 2026.jpg", "fecha": "2026-06-04 21:01:36", "desc": "Filodendron melanochrysum - Familia Araceae", "img_url": "https://upload.wikimedia.org/wikipedia/commons/d/d7/Filodendro_junio_de_2026.jpg", "thumb_url": "https://commons.wikimedia.org/wiki/Special:FilePath/Filodendro%20junio%20de%202026.jpg?width=640", "commons_url": "https://commons.wikimedia.org/wiki/File:Filodendro_junio_de_2026.jpg", "map_url": "https://maps.google.com/?q=4.667750,-74.099944", "departamento": "Bogotá D.C.", "departamento_raw": "SANTAFE DE BOGOTA D.C", "region": "Andina", "region_color": "#2563eb"}}, {"type": "Feature", "geometry": {"type": "Point", "coordinates": [-74.7815, 8.077878]}, "properties": {"id": 891, "autor": "Elprofeta91", "nombre": "Finca San Miguel.jpg", "fecha": "2026-05-05 18:58:51", "desc": "Una finca en Nechí", "img_url": "https://upload.wikimedia.org/wikipedia/commons/a/a9/Finca_San_Miguel.jpg", "thumb_url": "https://commons.wikimedia.org/wiki/Special:FilePath/Finca%20San%20Miguel.jpg?width=640", "commons_url": "https://commons.wikimedia.org/wiki/File:Finca_San_Miguel.jpg", "map_url": "https://maps.google.com/?q=8.077878,-74.781500", "departamento": "Antioquia", "departamento_raw": "ANTIOQUIA", "region": "Andina", "region_color": "#2563eb"}}, {"type": "Feature", "geometry": {"type": "Point", "coordinates": [-74.099944, 4.66775]}, "properties": {"id": 897, "autor": "AmiGueko", "nombre": "Flor ceiba amarilla.jpg", "fecha": "2026-06-04 21:01:42", "desc": "Flor masculina de la ceiba amarilla", "img_url": "https://upload.wikimedia.org/wikipedia/commons/3/3a/Flor_ceiba_amarilla.jpg", "thumb_url": "https://commons.wikimedia.org/wiki/Special:FilePath/Flor%20ceiba%20amarilla.jpg?width=640", "commons_url": "https://commons.wikimedia.org/wiki/File:Flor_ceiba_amarilla.jpg", "map_url": "https://maps.google.com/?q=4.667750,-74.099944", "departamento": "Bogotá D.C.", "departamento_raw": "SANTAFE DE BOGOTA D.C", "region": "Andina", "region_color": "#2563eb"}}, {"type": "Feature", "geometry": {"type": "Point", "coordinates": [-74.2817, 4.883569]}, "properties": {"id": 900, "autor": "Nbareschu", "nombre": "Flor de Aguacatillo.jpg", "fecha": "2026-05-07 10:07:06", "desc": "Persea sp flower", "img_url": "https://upload.wikimedia.org/wikipedia/commons/e/e0/Flor_de_Aguacatillo.jpg", "thumb_url": "https://commons.wikimedia.org/wiki/Special:FilePath/Flor%20de%20Aguacatillo.jpg?width=640", "commons_url": "https://commons.wikimedia.org/wiki/File:Flor_de_Aguacatillo.jpg", "map_url": "https://maps.google.com/?q=4.883569,-74.281700", "departamento": "Cundinamarca", "departamento_raw": "CUNDINAMARCA", "region": "Andina", "region_color": "#2563eb"}}, {"type": "Feature", "geometry": {"type": "Point", "coordinates": [-74.097702, 4.669437]}, "properties": {"id": 905, "autor": "NMontoya (WMCO)", "nombre": "Flor de Cola de Alacrán – Género Stachytarpheta – Familia Verbenaceae.png", "fecha": "2026-06-18 19:23:13", "desc": "Cola de Alacrán – Género Stachytarpheta – Familia Verbenaceae", "img_url": "https://upload.wikimedia.org/wikipedia/commons/3/3c/Flor_de_Cola_de_Alacr%C3%A1n_%E2%80%93_G%C3%A9nero_Stachytarpheta_%E2%80%93_Familia_Verbenaceae.png", "thumb_url": "https://commons.wikimedia.org/wiki/Special:FilePath/Flor%20de%20Cola%20de%20Alacr%C3%A1n%20%E2%80%93%20G%C3%A9nero%20Stachytarpheta%20%E2%80%93%20Familia%20Verbenaceae.png?width=640", "commons_url": "https://commons.wikimedia.org/wiki/File:Flor_de_Cola_de_Alacr%C3%A1n_%E2%80%93_G%C3%A9nero_Stachytarpheta_%E2%80%93_Familia_Verbenaceae.png", "map_url": "https://maps.google.com/?q=4.669437,-74.097702", "departamento": "Bogotá D.C.", "departamento_raw": "SANTAFE DE BOGOTA D.C", "region": "Andina", "region_color": "#2563eb"}}, {"type": "Feature", "geometry": {"type": "Point", "coordinates": [-74.099861, 4.668222]}, "properties": {"id": 907, "autor": "Bioedna.ro", "nombre": "Flor de Rosa rubiginosa (L).jpg", "fecha": "2026-06-04 19:21:49", "desc": "Flower of Rosa rubiginosa (synonym: Rosa eglanteria). Photo taken in the rose garden at the Bogotá Botanical Garden.", "img_url": "https://upload.wikimedia.org/wikipedia/commons/f/f5/Flor_de_Rosa_rubiginosa_%28L%29.jpg", "thumb_url": "https://commons.wikimedia.org/wiki/Special:FilePath/Flor%20de%20Rosa%20rubiginosa%20%28L%29.jpg?width=640", "commons_url": "https://commons.wikimedia.org/wiki/File:Flor_de_Rosa_rubiginosa_(L).jpg", "map_url": "https://maps.google.com/?q=4.668222,-74.099861", "departamento": "Bogotá D.C.", "departamento_raw": "SANTAFE DE BOGOTA D.C", "region": "Andina", "region_color": "#2563eb"}}, {"type": "Feature", "geometry": {"type": "Point", "coordinates": [-74.099944, 4.66775]}, "properties": {"id": 908, "autor": "AmiGueko", "nombre": "Flor de algodon.jpg", "fecha": "2026-06-04 21:01:42", "desc": "Flor de algodón en Jardín Botánico de Bogotá", "img_url": "https://upload.wikimedia.org/wikipedia/commons/5/56/Flor_de_algodon.jpg", "thumb_url": "https://commons.wikimedia.org/wiki/Special:FilePath/Flor%20de%20algodon.jpg?width=640", "commons_url": "https://commons.wikimedia.org/wiki/File:Flor_de_algodon.jpg", "map_url": "https://maps.google.com/?q=4.667750,-74.099944", "departamento": "Bogotá D.C.", "departamento_raw": "SANTAFE DE BOGOTA D.C", "region": "Andina", "region_color": "#2563eb"}}, {"type": "Feature", "geometry": {"type": "Point", "coordinates": [-74.099944, 4.66775]}, "properties": {"id": 910, "autor": "AmiGueko", "nombre": "Flor de la Oreja de Elefante.jpg", "fecha": "2026-06-05 09:30:07", "desc": "Flor de la Oreja de Elefante en el Jardín Botánico de Bogotá", "img_url": "https://upload.wikimedia.org/wikipedia/commons/b/be/Flor_de_la_Oreja_de_Elefante.jpg", "thumb_url": "https://commons.wikimedia.org/wiki/Special:FilePath/Flor%20de%20la%20Oreja%20de%20Elefante.jpg?width=640", "commons_url": "https://commons.wikimedia.org/wiki/File:Flor_de_la_Oreja_de_Elefante.jpg", "map_url": "https://maps.google.com/?q=4.667750,-74.099944", "departamento": "Bogotá D.C.", "departamento_raw": "SANTAFE DE BOGOTA D.C", "region": "Andina", "region_color": "#2563eb"}}, {"type": "Feature", "geometry": {"type": "Point", "coordinates": [-74.097702, 4.669437]}, "properties": {"id": 911, "autor": "NMontoya (WMCO)", "nombre": "Flor de la familia Melastomataceae.png", "fecha": "2026-06-18 19:23:04", "desc": "Flor rosa de la familia Melastomataceae", "img_url": "https://upload.wikimedia.org/wikipedia/commons/7/7d/Flor_de_la_familia_Melastomataceae.png", "thumb_url": "https://commons.wikimedia.org/wiki/Special:FilePath/Flor%20de%20la%20familia%20Melastomataceae.png?width=640", "commons_url": "https://commons.wikimedia.org/wiki/File:Flor_de_la_familia_Melastomataceae.png", "map_url": "https://maps.google.com/?q=4.669437,-74.097702", "departamento": "Bogotá D.C.", "departamento_raw": "SANTAFE DE BOGOTA D.C", "region": "Andina", "region_color": "#2563eb"}}, {"type": "Feature", "geometry": {"type": "Point", "coordinates": [-81.7, 12.583333]}, "properties": {"id": 912, "autor": "Romauribe", "nombre": "Flor de la pasión, Colombia.jpg", "fecha": "2026-06-08 10:55:30", "desc": "Passion fruit flower (Passiflora edulis), a fruit native to warm regions of South America", "img_url": "https://upload.wikimedia.org/wikipedia/commons/d/d4/Flor_de_la_pasi%C3%B3n%2C_Colombia.jpg", "thumb_url": "https://commons.wikimedia.org/wiki/Special:FilePath/Flor%20de%20la%20pasi%C3%B3n%2C%20Colombia.jpg?width=640", "commons_url": "https://commons.wikimedia.org/wiki/File:Flor_de_la_pasi%C3%B3n,_Colombia.jpg", "map_url": "https://maps.google.com/?q=12.583333,-81.700000", "departamento": "San Andrés y Providencia", "departamento_raw": "ARCHIPIELAGO DE SAN ANDRES PROVIDENCIA Y SANTA CATALINA", "region": "Insular", "region_color": "#7c3aed"}}, {"type": "Feature", "geometry": {"type": "Point", "coordinates": [-74.282561, 5.02991]}, "properties": {"id": 914, "autor": "Supertita", "nombre": "Flor de nenúfar tropical (familia Nymphaeaceae).jpg", "fecha": "2026-06-18 19:23:16", "desc": "primer plano de un nenúfar", "img_url": "https://upload.wikimedia.org/wikipedia/commons/7/70/Flor_de_nen%C3%BAfar_tropical_%28familia_Nymphaeaceae%29.jpg", "thumb_url": "https://commons.wikimedia.org/wiki/Special:FilePath/Flor%20de%20nen%C3%BAfar%20tropical%20%28familia%20Nymphaeaceae%29.jpg?width=640", "commons_url": "https://commons.wikimedia.org/wiki/File:Flor_de_nen%C3%BAfar_tropical_(familia_Nymphaeaceae).jpg", "map_url": "https://maps.google.com/?q=5.029910,-74.282561", "departamento": "Cundinamarca", "departamento_raw": "CUNDINAMARCA", "region": "Andina", "region_color": "#2563eb"}}, {"type": "Feature", "geometry": {"type": "Point", "coordinates": [-74.347328, 4.857047]}, "properties": {"id": 915, "autor": "Nbareschu", "nombre": "Flor de pelo de ángel en la reserva Moravia.jpg", "fecha": "2026-05-07 10:06:27", "desc": "Flor a medio abrir de Clematis hankeana", "img_url": "https://upload.wikimedia.org/wikipedia/commons/c/ce/Flor_de_pelo_de_%C3%A1ngel_en_la_reserva_Moravia.jpg", "thumb_url": "https://commons.wikimedia.org/wiki/Special:FilePath/Flor%20de%20pelo%20de%20%C3%A1ngel%20en%20la%20reserva%20Moravia.jpg?width=640", "commons_url": "https://commons.wikimedia.org/wiki/File:Flor_de_pelo_de_%C3%A1ngel_en_la_reserva_Moravia.jpg", "map_url": "https://maps.google.com/?q=4.857047,-74.347328", "departamento": "Cundinamarca", "departamento_raw": "CUNDINAMARCA", "region": "Andina", "region_color": "#2563eb"}}, {"type": "Feature", "geometry": {"type": "Point", "coordinates": [-72.338189, 6.373144]}, "properties": {"id": 917, "autor": "Nbareschu", "nombre": "Flor de tuno.jpg", "fecha": "2026-05-07 10:07:02", "desc": "Miconia cocuy", "img_url": "https://upload.wikimedia.org/wikipedia/commons/4/4a/Flor_de_tuno.jpg", "thumb_url": "https://commons.wikimedia.org/wiki/Special:FilePath/Flor%20de%20tuno.jpg?width=640", "commons_url": "https://commons.wikimedia.org/wiki/File:Flor_de_tuno.jpg", "map_url": "https://maps.google.com/?q=6.373144,-72.338189", "departamento": "Boyaca", "departamento_raw": "BOYACA", "region": "Andina", "region_color": "#2563eb"}}, {"type": "Feature", "geometry": {"type": "Point", "coordinates": [-74.099944, 4.66775]}, "properties": {"id": 925, "autor": "AmiGueko", "nombre": "Flor macho Ceiba amarilla.jpg", "fecha": "2026-06-04 21:01:43", "desc": "Flor de ceiba amarilla en Jardín Botánicod e Bogotá", "img_url": "https://upload.wikimedia.org/wikipedia/commons/8/85/Flor_macho_Ceiba_amarilla.jpg", "thumb_url": "https://commons.wikimedia.org/wiki/Special:FilePath/Flor%20macho%20Ceiba%20amarilla.jpg?width=640", "commons_url": "https://commons.wikimedia.org/wiki/File:Flor_macho_Ceiba_amarilla.jpg", "map_url": "https://maps.google.com/?q=4.667750,-74.099944", "departamento": "Bogotá D.C.", "departamento_raw": "SANTAFE DE BOGOTA D.C", "region": "Andina", "region_color": "#2563eb"}}, {"type": "Feature", "geometry": {"type": "Point", "coordinates": [-74.097702, 4.669437]}, "properties": {"id": 926, "autor": "NMontoya (WMCO)", "nombre": "Flor morada Aguileña común – Género Aquilegia – Familia Ranunculaceae.png", "fecha": "2026-06-18 19:23:10", "desc": "Flor morada Aguileña común – Género Aquilegia – Familia Ranunculaceae", "img_url": "https://upload.wikimedia.org/wikipedia/commons/1/1d/Flor_morada_Aguile%C3%B1a_com%C3%BAn_%E2%80%93_G%C3%A9nero_Aquilegia_%E2%80%93_Familia_Ranunculaceae.png", "thumb_url": "https://commons.wikimedia.org/wiki/Special:FilePath/Flor%20morada%20Aguile%C3%B1a%20com%C3%BAn%20%E2%80%93%20G%C3%A9nero%20Aquilegia%20%E2%80%93%20Familia%20Ranunculaceae.png?width=640", "commons_url": "https://commons.wikimedia.org/wiki/File:Flor_morada_Aguile%C3%B1a_com%C3%BAn_%E2%80%93_G%C3%A9nero_Aquilegia_%E2%80%93_Familia_Ranunculaceae.png", "map_url": "https://maps.google.com/?q=4.669437,-74.097702", "departamento": "Bogotá D.C.", "departamento_raw": "SANTAFE DE BOGOTA D.C", "region": "Andina", "region_color": "#2563eb"}}, {"type": "Feature", "geometry": {"type": "Point", "coordinates": [-73.990211, 4.563622]}, "properties": {"id": 935, "autor": "Nbareschu", "nombre": "Flores de grandiflora.jpg", "fecha": "2026-05-07 10:06:24", "desc": "Flor de Frailejon", "img_url": "https://upload.wikimedia.org/wikipedia/commons/5/54/Flores_de_grandiflora.jpg", "thumb_url": "https://commons.wikimedia.org/wiki/Special:FilePath/Flores%20de%20grandiflora.jpg?width=640", "commons_url": "https://commons.wikimedia.org/wiki/File:Flores_de_grandiflora.jpg", "map_url": "https://maps.google.com/?q=4.563622,-73.990211", "departamento": "Cundinamarca", "departamento_raw": "CUNDINAMARCA", "region": "Andina", "region_color": "#2563eb"}}, {"type": "Feature", "geometry": {"type": "Point", "coordinates": [-75.643272, 4.736347]}, "properties": {"id": 939, "autor": "JJCL09", "nombre": "Flowery plant.jpg", "fecha": "2026-05-05 21:09:08", "desc": "Green prevails", "img_url": "https://upload.wikimedia.org/wikipedia/commons/7/78/Flowery_plant.jpg", "thumb_url": "https://commons.wikimedia.org/wiki/Special:FilePath/Flowery%20plant.jpg?width=640", "commons_url": "https://commons.wikimedia.org/wiki/File:Flowery_plant.jpg", "map_url": "https://maps.google.com/?q=4.736347,-75.643272", "departamento": "Risaralda", "departamento_raw": "RISARALDA", "region": "Andina", "region_color": "#2563eb"}}, {"type": "Feature", "geometry": {"type": "Point", "coordinates": [-75.285392, 5.072919]}, "properties": {"id": 940, "autor": "JJCL09", "nombre": "Fog in the Colombian mountains.jpg", "fecha": "2026-05-05 21:09:15", "desc": "Green is the way", "img_url": "https://upload.wikimedia.org/wikipedia/commons/8/80/Fog_in_the_Colombian_mountains.jpg", "thumb_url": "https://commons.wikimedia.org/wiki/Special:FilePath/Fog%20in%20the%20Colombian%20mountains.jpg?width=640", "commons_url": "https://commons.wikimedia.org/wiki/File:Fog_in_the_Colombian_mountains.jpg", "map_url": "https://maps.google.com/?q=5.072919,-75.285392", "departamento": "Tolima", "departamento_raw": "TOLIMA", "region": "Andina", "region_color": "#2563eb"}}, {"type": "Feature", "geometry": {"type": "Point", "coordinates": [-75.118426, 3.237904]}, "properties": {"id": 943, "autor": "Cathetovar", "nombre": "Formaciones rocosas del desierto gris de la Tatacoa.jpg", "fecha": "2026-06-22 18:44:09", "desc": "Los Hoyos sector, Tatacoa Desert (Huila, Colombia), June 7, 2026. It shows a badlands landscape where rain and wind have carved labyrinths and gullies into the clay soil over thousands of years.", "img_url": "https://upload.wikimedia.org/wikipedia/commons/b/b2/Formaciones_rocosas_del_desierto_gris_de_la_Tatacoa.jpg", "thumb_url": "https://commons.wikimedia.org/wiki/Special:FilePath/Formaciones%20rocosas%20del%20desierto%20gris%20de%20la%20Tatacoa.jpg?width=640", "commons_url": "https://commons.wikimedia.org/wiki/File:Formaciones_rocosas_del_desierto_gris_de_la_Tatacoa.jpg", "map_url": "https://maps.google.com/?q=3.237904,-75.118426", "departamento": "Huila", "departamento_raw": "HUILA", "region": "Andina", "region_color": "#2563eb"}}, {"type": "Feature", "geometry": {"type": "Point", "coordinates": [-73.846286, 5.216618]}, "properties": {"id": 944, "autor": "Johan Andrés Toro", "nombre": "Formación geológica de los Farallones de Sutatausa bajo cielo tormentoso.jpg", "fecha": "2026-05-29 11:46:37", "desc": "Fotografía de paisaje que captura la imponente estructura lineal y escarpada de los Farallones de Sutatausa. En la composición se destaca la marcada estratificación de la roca sedimentaria, la vegetación nativa que coloniza sus grietas y el bosque adyacente bajo un cielo dramático de tormenta.", "img_url": "https://upload.wikimedia.org/wikipedia/commons/7/7c/Formaci%C3%B3n_geol%C3%B3gica_de_los_Farallones_de_Sutatausa_bajo_cielo_tormentoso.jpg", "thumb_url": "https://commons.wikimedia.org/wiki/Special:FilePath/Formaci%C3%B3n%20geol%C3%B3gica%20de%20los%20Farallones%20de%20Sutatausa%20bajo%20cielo%20tormentoso.jpg?width=640", "commons_url": "https://commons.wikimedia.org/wiki/File:Formaci%C3%B3n_geol%C3%B3gica_de_los_Farallones_de_Sutatausa_bajo_cielo_tormentoso.jpg", "map_url": "https://maps.google.com/?q=5.216618,-73.846286", "departamento": "Cundinamarca", "departamento_raw": "CUNDINAMARCA", "region": "Andina", "region_color": "#2563eb"}}, {"type": "Feature", "geometry": {"type": "Point", "coordinates": [-74.07034, 4.59449]}, "properties": {"id": 951, "autor": "KingJo09", "nombre": "Fractales Verdes.jpg", "fecha": "2026-05-23 21:22:48", "desc": "Una mirada detallada a la hipnótica simetría de una Euforbia silvestre. Sus hojas y brácteas se organizan en niveles perfectamente equilibrados, creando un patrón geométrico fascinante que resalta sobre el suelo cubierto de hojarasca seca.", "img_url": "https://upload.wikimedia.org/wikipedia/commons/6/63/Fractales_Verdes.jpg", "thumb_url": "https://commons.wikimedia.org/wiki/Special:FilePath/Fractales%20Verdes.jpg?width=640", "commons_url": "https://commons.wikimedia.org/wiki/File:Fractales_Verdes.jpg", "map_url": "https://maps.google.com/?q=4.594490,-74.070340", "departamento": "Bogotá D.C.", "departamento_raw": "SANTAFE DE BOGOTA D.C", "region": "Andina", "region_color": "#2563eb"}}, {"type": "Feature", "geometry": {"type": "Point", "coordinates": [-72.316881, 6.398675]}, "properties": {"id": 954, "autor": "Nbareschu", "nombre": "Frailejon güican.jpg", "fecha": "2026-05-07 10:07:03", "desc": "Espeletia sp", "img_url": "https://upload.wikimedia.org/wikipedia/commons/9/97/Frailejon_g%C3%BCican.jpg", "thumb_url": "https://commons.wikimedia.org/wiki/Special:FilePath/Frailejon%20g%C3%BCican.jpg?width=640", "commons_url": "https://commons.wikimedia.org/wiki/File:Frailejon_g%C3%BCican.jpg", "map_url": "https://maps.google.com/?q=6.398675,-72.316881", "departamento": "Arauca", "departamento_raw": "ARAUCA", "region": "Orinoquía", "region_color": "#d97706"}}, {"type": "Feature", "geometry": {"type": "Point", "coordinates": [-72.337286, 6.413197]}, "properties": {"id": 955, "autor": "Luifereduardoo", "nombre": "Frailejones cocuy.jpg", "fecha": "2026-05-22 13:24:33", "desc": "frailejones cocuy", "img_url": "https://upload.wikimedia.org/wikipedia/commons/2/27/Frailejones_cocuy.jpg", "thumb_url": "https://commons.wikimedia.org/wiki/Special:FilePath/Frailejones%20cocuy.jpg?width=640", "commons_url": "https://commons.wikimedia.org/wiki/File:Frailejones_cocuy.jpg", "map_url": "https://maps.google.com/?q=6.413197,-72.337286", "departamento": "Boyaca", "departamento_raw": "BOYACA", "region": "Andina", "region_color": "#2563eb"}}, {"type": "Feature", "geometry": {"type": "Point", "coordinates": [-73.75284, 4.52799]}, "properties": {"id": 958, "autor": "Supertita", "nombre": "Frailejones es un género de plantas de la familia Asteraceae.jpg", "fecha": "2026-06-19 16:58:41", "desc": "Frailejones es un género de plantas de la familia Asteraceae, propias del páramo, nativas de Colombia, Ecuador y Venezuela", "img_url": "https://upload.wikimedia.org/wikipedia/commons/d/de/Frailejones_es_un_g%C3%A9nero_de_plantas_de_la_familia_Asteraceae.jpg", "thumb_url": "https://commons.wikimedia.org/wiki/Special:FilePath/Frailejones%20es%20un%20g%C3%A9nero%20de%20plantas%20de%20la%20familia%20Asteraceae.jpg?width=640", "commons_url": "https://commons.wikimedia.org/wiki/File:Frailejones_es_un_g%C3%A9nero_de_plantas_de_la_familia_Asteraceae.jpg", "map_url": "https://maps.google.com/?q=4.527990,-73.752840", "departamento": "Cundinamarca", "departamento_raw": "CUNDINAMARCA", "region": "Andina", "region_color": "#2563eb"}}, {"type": "Feature", "geometry": {"type": "Point", "coordinates": [-75.34723, 4.934704]}, "properties": {"id": 960, "autor": "SergioM01", "nombre": "Frailejón 2025-12-24.jpg", "fecha": "2026-06-24 16:50:35", "desc": "Se observa en el primer plano un frailejón, en el plano medio un arbusto de tonos grisáseos y una población de frailejones, en el fondo se aprecia una pared rocosa que es dificilmente vista por una nube de neblina. La foto está enfocada en el frailejón y fue tomada en el Parque Natural Nacional Los Nevados", "img_url": "https://upload.wikimedia.org/wikipedia/commons/e/e6/Frailej%C3%B3n_2025-12-24.jpg", "thumb_url": "https://commons.wikimedia.org/wiki/Special:FilePath/Frailej%C3%B3n%202025-12-24.jpg?width=640", "commons_url": "https://commons.wikimedia.org/wiki/File:Frailej%C3%B3n_2025-12-24.jpg", "map_url": "https://maps.google.com/?q=4.934704,-75.347230", "departamento": "Tolima", "departamento_raw": "TOLIMA", "region": "Andina", "region_color": "#2563eb"}}, {"type": "Feature", "geometry": {"type": "Point", "coordinates": [-74.07034, 4.59449]}, "properties": {"id": 966, "autor": "KingJo09", "nombre": "Fruto ornamental de Solanum pseudocapsicum en jardín universitario.jpg", "fecha": "2026-05-23 21:22:42", "desc": "Imagen de fruto esférico naranja perteneciente a una especie ornamental de la familia Solanaceae, utilizada frecuentemente en jardines urbanos por su valor decorativo. Nombre común: Cerezo de Jerusalén / Tomate ornamental Nombre científico: Solanum pseudocapsicum", "img_url": "https://upload.wikimedia.org/wikipedia/commons/2/22/Fruto_ornamental_de_Solanum_pseudocapsicum_en_jard%C3%ADn_universitario.jpg", "thumb_url": "https://commons.wikimedia.org/wiki/Special:FilePath/Fruto%20ornamental%20de%20Solanum%20pseudocapsicum%20en%20jard%C3%ADn%20universitario.jpg?width=640", "commons_url": "https://commons.wikimedia.org/wiki/File:Fruto_ornamental_de_Solanum_pseudocapsicum_en_jard%C3%ADn_universitario.jpg", "map_url": "https://maps.google.com/?q=4.594490,-74.070340", "departamento": "Bogotá D.C.", "departamento_raw": "SANTAFE DE BOGOTA D.C", "region": "Andina", "region_color": "#2563eb"}}, {"type": "Feature", "geometry": {"type": "Point", "coordinates": [-75.135616, 4.944761]}, "properties": {"id": 967, "autor": "AmiGueko", "nombre": "Fucsia (19977).jpg", "fecha": "2026-05-24 13:14:05", "desc": "Fucsia", "img_url": "https://upload.wikimedia.org/wikipedia/commons/0/0d/Fucsia_%2819977%29.jpg", "thumb_url": "https://commons.wikimedia.org/wiki/Special:FilePath/Fucsia%20%2819977%29.jpg?width=640", "commons_url": "https://commons.wikimedia.org/wiki/File:Fucsia_(19977).jpg", "map_url": "https://maps.google.com/?q=4.944761,-75.135616", "departamento": "Tolima", "departamento_raw": "TOLIMA", "region": "Andina", "region_color": "#2563eb"}}, {"type": "Feature", "geometry": {"type": "Point", "coordinates": [-74.927765, 4.918956]}, "properties": {"id": 968, "autor": "AmiGueko", "nombre": "Fucsia (36752).jpg", "fecha": "2026-05-24 13:14:31", "desc": "Fucsia", "img_url": "https://upload.wikimedia.org/wikipedia/commons/a/af/Fucsia_%2836752%29.jpg", "thumb_url": "https://commons.wikimedia.org/wiki/Special:FilePath/Fucsia%20%2836752%29.jpg?width=640", "commons_url": "https://commons.wikimedia.org/wiki/File:Fucsia_(36752).jpg", "map_url": "https://maps.google.com/?q=4.918956,-74.927765", "departamento": "Tolima", "departamento_raw": "TOLIMA", "region": "Andina", "region_color": "#2563eb"}}, {"type": "Feature", "geometry": {"type": "Point", "coordinates": [-75.033227, 4.975985]}, "properties": {"id": 969, "autor": "AmiGueko", "nombre": "Fucsia (40360).jpg", "fecha": "2026-05-24 13:14:15", "desc": "Fucsia", "img_url": "https://upload.wikimedia.org/wikipedia/commons/f/fa/Fucsia_%2840360%29.jpg", "thumb_url": "https://commons.wikimedia.org/wiki/Special:FilePath/Fucsia%20%2840360%29.jpg?width=640", "commons_url": "https://commons.wikimedia.org/wiki/File:Fucsia_(40360).jpg", "map_url": "https://maps.google.com/?q=4.975985,-75.033227", "departamento": "Tolima", "departamento_raw": "TOLIMA", "region": "Andina", "region_color": "#2563eb"}}, {"type": "Feature", "geometry": {"type": "Point", "coordinates": [-74.04811, 4.863661]}, "properties": {"id": 970, "autor": "Dalacuel", "nombre": "Fucsia andina.jpg", "fecha": "2026-06-21 14:22:16", "desc": "Fuchsia (Fuchsia sp.) \"A graceful hanging flower with vivid colors, highly attractive to hummingbirds and pollinating insects.\"", "img_url": "https://upload.wikimedia.org/wikipedia/commons/0/0f/Fucsia_andina.jpg", "thumb_url": "https://commons.wikimedia.org/wiki/Special:FilePath/Fucsia%20andina.jpg?width=640", "commons_url": "https://commons.wikimedia.org/wiki/File:Fucsia_andina.jpg", "map_url": "https://maps.google.com/?q=4.863661,-74.048110", "departamento": "Cundinamarca", "departamento_raw": "CUNDINAMARCA", "region": "Andina", "region_color": "#2563eb"}}, {"type": "Feature", "geometry": {"type": "Point", "coordinates": [-74.07034, 4.59449]}, "properties": {"id": 973, "autor": "KingJo09", "nombre": "Fuego de Jardín.jpg", "fecha": "2026-05-23 21:22:48", "desc": "Una toma cercana que resalta la fuerza y el brillo de un racimo de Clivias en plena floración. Los pétalos anaranjados y los estambres amarillos destacan vívidamente contra el verde oscuro de sus propias hojas, transmitiendo una inmensa energía natural.", "img_url": "https://upload.wikimedia.org/wikipedia/commons/7/71/Fuego_de_Jard%C3%ADn.jpg", "thumb_url": "https://commons.wikimedia.org/wiki/Special:FilePath/Fuego%20de%20Jard%C3%ADn.jpg?width=640", "commons_url": "https://commons.wikimedia.org/wiki/File:Fuego_de_Jard%C3%ADn.jpg", "map_url": "https://maps.google.com/?q=4.594490,-74.070340", "departamento": "Bogotá D.C.", "departamento_raw": "SANTAFE DE BOGOTA D.C", "region": "Andina", "region_color": "#2563eb"}}, {"type": "Feature", "geometry": {"type": "Point", "coordinates": [-74.377688, 4.664552]}, "properties": {"id": 974, "autor": "AntonioEliseo", "nombre": "Fósil de Didymotis sp. del Grupo Villeta.jpg", "fecha": "2026-06-30 20:11:37", "desc": "Fósil de bivalvo Didymotis sp. perteneciente al Conaciano del Grupo Villeta en Colombia", "img_url": "https://upload.wikimedia.org/wikipedia/commons/f/fe/F%C3%B3sil_de_Didymotis_sp._del_Grupo_Villeta.jpg", "thumb_url": "https://commons.wikimedia.org/wiki/Special:FilePath/F%C3%B3sil%20de%20Didymotis%20sp.%20del%20Grupo%20Villeta.jpg?width=640", "commons_url": "https://commons.wikimedia.org/wiki/File:F%C3%B3sil_de_Didymotis_sp._del_Grupo_Villeta.jpg", "map_url": "https://maps.google.com/?q=4.664552,-74.377688", "departamento": "Cundinamarca", "departamento_raw": "CUNDINAMARCA", "region": "Andina", "region_color": "#2563eb"}}, {"type": "Feature", "geometry": {"type": "Point", "coordinates": [-73.980278, 4.935833]}, "properties": {"id": 976, "autor": "Jcast07", "nombre": "Gallinazo en poste de luz.png", "fecha": "2026-06-25 19:21:44", "desc": "Black vulture sighting on a light pole", "img_url": "https://upload.wikimedia.org/wikipedia/commons/4/4a/Gallinazo_en_poste_de_luz.png", "thumb_url": "https://commons.wikimedia.org/wiki/Special:FilePath/Gallinazo%20en%20poste%20de%20luz.png?width=640", "commons_url": "https://commons.wikimedia.org/wiki/File:Gallinazo_en_poste_de_luz.png", "map_url": "https://maps.google.com/?q=4.935833,-73.980278", "departamento": "Cundinamarca", "departamento_raw": "CUNDINAMARCA", "region": "Andina", "region_color": "#2563eb"}}, {"type": "Feature", "geometry": {"type": "Point", "coordinates": [-73.047775, 7.739343]}, "properties": {"id": 979, "autor": "Mat1318", "nombre": "Galvanes (Cachira N.S).jpg", "fecha": "2026-06-20 19:32:09", "desc": "Bird perched on a tree branch (can you help me identify it?).", "img_url": "https://upload.wikimedia.org/wikipedia/commons/5/56/Galvanes_%28Cachira_N.S%29.jpg", "thumb_url": "https://commons.wikimedia.org/wiki/Special:FilePath/Galvanes%20%28Cachira%20N.S%29.jpg?width=640", "commons_url": "https://commons.wikimedia.org/wiki/File:Galvanes_(Cachira_N.S).jpg", "map_url": "https://maps.google.com/?q=7.739343,-73.047775", "departamento": "Norte de Santander", "departamento_raw": "NORTE DE SANTANDER", "region": "Andina", "region_color": "#2563eb"}}, {"type": "Feature", "geometry": {"type": "Point", "coordinates": [-74.346956, 4.863975]}, "properties": {"id": 981, "autor": "Nbareschu", "nombre": "Gaque doble.jpg", "fecha": "2026-05-07 10:06:31", "desc": "Fruto de Clusia multiflora doble", "img_url": "https://upload.wikimedia.org/wikipedia/commons/6/66/Gaque_doble.jpg", "thumb_url": "https://commons.wikimedia.org/wiki/Special:FilePath/Gaque%20doble.jpg?width=640", "commons_url": "https://commons.wikimedia.org/wiki/File:Gaque_doble.jpg", "map_url": "https://maps.google.com/?q=4.863975,-74.346956", "departamento": "Cundinamarca", "departamento_raw": "CUNDINAMARCA", "region": "Andina", "region_color": "#2563eb"}}, {"type": "Feature", "geometry": {"type": "Point", "coordinates": [-73.115372, 5.768603]}, "properties": {"id": 983, "autor": "Romauribe", "nombre": "Garza blanca en Paipa, Colombia.jpg", "fecha": "2026-06-06 13:20:43", "desc": "Big white heron (60 cm tall) photographed in the Paipa region (Boyacá) in Colombia", "img_url": "https://upload.wikimedia.org/wikipedia/commons/2/22/Garza_blanca_en_Paipa%2C_Colombia.jpg", "thumb_url": "https://commons.wikimedia.org/wiki/Special:FilePath/Garza%20blanca%20en%20Paipa%2C%20Colombia.jpg?width=640", "commons_url": "https://commons.wikimedia.org/wiki/File:Garza_blanca_en_Paipa,_Colombia.jpg", "map_url": "https://maps.google.com/?q=5.768603,-73.115372", "departamento": "Boyaca", "departamento_raw": "BOYACA", "region": "Andina", "region_color": "#2563eb"}}, {"type": "Feature", "geometry": {"type": "Point", "coordinates": [-74.044707, 4.885011]}, "properties": {"id": 985, "autor": "Dalacuel", "nombre": "Gazania amarilla.jpg", "fecha": "2026-06-21 14:22:20", "desc": "Gazania (Gazania rigens) \"A sun-loving flower with brilliant yellow petals and striking dark markings around its center.\"", "img_url": "https://upload.wikimedia.org/wikipedia/commons/f/ff/Gazania_amarilla.jpg", "thumb_url": "https://commons.wikimedia.org/wiki/Special:FilePath/Gazania%20amarilla.jpg?width=640", "commons_url": "https://commons.wikimedia.org/wiki/File:Gazania_amarilla.jpg", "map_url": "https://maps.google.com/?q=4.885011,-74.044707", "departamento": "Cundinamarca", "departamento_raw": "CUNDINAMARCA", "region": "Andina", "region_color": "#2563eb"}}, {"type": "Feature", "geometry": {"type": "Point", "coordinates": [-74.048884, 4.864626]}, "properties": {"id": 988, "autor": "Dalacuel", "nombre": "Gerbera blanca.jpg", "fecha": "2026-06-21 14:22:13", "desc": "Gerbera Daisy (Gerbera jamesonii) \"A bright daisy-like flower known for its large blooms and vibrant colors, popular with pollinators.\"", "img_url": "https://upload.wikimedia.org/wikipedia/commons/e/e0/Gerbera_blanca.jpg", "thumb_url": "https://commons.wikimedia.org/wiki/Special:FilePath/Gerbera%20blanca.jpg?width=640", "commons_url": "https://commons.wikimedia.org/wiki/File:Gerbera_blanca.jpg", "map_url": "https://maps.google.com/?q=4.864626,-74.048884", "departamento": "Cundinamarca", "departamento_raw": "CUNDINAMARCA", "region": "Andina", "region_color": "#2563eb"}}, {"type": "Feature", "geometry": {"type": "Point", "coordinates": [-74.099944, 4.66775]}, "properties": {"id": 992, "autor": "AmiGueko", "nombre": "Glandulas ceiba amarilla.jpg", "fecha": "2026-06-04 21:01:46", "desc": "Estas glándulas secretan una especie de néctar que termina atrayando a las hormigas que al final terminan protegiendo la planta de otros hervíboros como gusanos, etc.", "img_url": "https://upload.wikimedia.org/wikipedia/commons/5/57/Glandulas_ceiba_amarilla.jpg", "thumb_url": "https://commons.wikimedia.org/wiki/Special:FilePath/Glandulas%20ceiba%20amarilla.jpg?width=640", "commons_url": "https://commons.wikimedia.org/wiki/File:Glandulas_ceiba_amarilla.jpg", "map_url": "https://maps.google.com/?q=4.667750,-74.099944", "departamento": "Bogotá D.C.", "departamento_raw": "SANTAFE DE BOGOTA D.C", "region": "Andina", "region_color": "#2563eb"}}, {"type": "Feature", "geometry": {"type": "Point", "coordinates": [-73.3132, 5.3759]}, "properties": {"id": 994, "autor": "Supertita", "nombre": "Golden Kangaroo Paw (Anigozanthos pulcherrimus).tif", "fecha": "2026-06-19 14:37:15", "desc": "Golden Kangaroo Paw (Anigozanthos pulcherrimus)- Haemodoraceae - Plantae", "img_url": "https://upload.wikimedia.org/wikipedia/commons/0/0e/Golden_Kangaroo_Paw_%28Anigozanthos_pulcherrimus%29.tif", "thumb_url": "https://commons.wikimedia.org/wiki/Special:FilePath/Golden%20Kangaroo%20Paw%20%28Anigozanthos%20pulcherrimus%29.tif?width=640", "commons_url": "https://commons.wikimedia.org/wiki/File:Golden_Kangaroo_Paw_(Anigozanthos_pulcherrimus).tif", "map_url": "https://maps.google.com/?q=5.375900,-7.331320", "departamento": "Boyaca", "departamento_raw": "BOYACA", "region": "Andina", "region_color": "#2563eb"}}, {"type": "Feature", "geometry": {"type": "Point", "coordinates": [-74.354194, 4.894333]}, "properties": {"id": 996, "autor": "Nbareschu", "nombre": "Gordonia en la reserva el gualivá.jpg", "fecha": "2026-05-07 10:06:34", "desc": "Gordonia, flor de un árbol centenario", "img_url": "https://upload.wikimedia.org/wikipedia/commons/4/4e/Gordonia_en_la_reserva_el_gualiv%C3%A1.jpg", "thumb_url": "https://commons.wikimedia.org/wiki/Special:FilePath/Gordonia%20en%20la%20reserva%20el%20gualiv%C3%A1.jpg?width=640", "commons_url": "https://commons.wikimedia.org/wiki/File:Gordonia_en_la_reserva_el_gualiv%C3%A1.jpg", "map_url": "https://maps.google.com/?q=4.894333,-74.354194", "departamento": "Cundinamarca", "departamento_raw": "CUNDINAMARCA", "region": "Andina", "region_color": "#2563eb"}}, {"type": "Feature", "geometry": {"type": "Point", "coordinates": [-75.44, 5.07]}, "properties": {"id": 998, "autor": "Charlesjsharp", "nombre": "Green-and-black fruiteater (Pipreola riefferii riefferii) Caldas 2.jpg", "fecha": "2026-05-29 15:34:04", "desc": "Green-and-black fruiteater ( Pipreola riefferii riefferii ), Reserva Ecologica Rio Blanco, Manizales, Caldas", "img_url": "https://upload.wikimedia.org/wikipedia/commons/e/e0/Green-and-black_fruiteater_%28Pipreola_riefferii_riefferii%29_Caldas_2.jpg", "thumb_url": "https://commons.wikimedia.org/wiki/Special:FilePath/Green-and-black%20fruiteater%20%28Pipreola%20riefferii%20riefferii%29%20Caldas%202.jpg?width=640", "commons_url": "https://commons.wikimedia.org/wiki/File:Green-and-black_fruiteater_(Pipreola_riefferii_riefferii)_Caldas_2.jpg", "map_url": "https://maps.google.com/?q=5.070000,-75.440000", "departamento": "Caldas", "departamento_raw": "CALDAS", "region": "Andina", "region_color": "#2563eb"}}, {"type": "Feature", "geometry": {"type": "Point", "coordinates": [-75.36, 5.02]}, "properties": {"id": 999, "autor": "Charlesjsharp", "nombre": "Grey-breasted mountain toucan (Andigena hypoglauca) Caldas 5.jpg", "fecha": "2026-05-29 15:38:28", "desc": "Grey-breasted mountain toucan ( Andigena hypoglauca ), Hacienda el Bosque civil society natural reserve, Caldas, Colombia", "img_url": "https://upload.wikimedia.org/wikipedia/commons/a/ae/Grey-breasted_mountain_toucan_%28Andigena_hypoglauca%29_Caldas_5.jpg", "thumb_url": "https://commons.wikimedia.org/wiki/Special:FilePath/Grey-breasted%20mountain%20toucan%20%28Andigena%20hypoglauca%29%20Caldas%205.jpg?width=640", "commons_url": "https://commons.wikimedia.org/wiki/File:Grey-breasted_mountain_toucan_(Andigena_hypoglauca)_Caldas_5.jpg", "map_url": "https://maps.google.com/?q=5.020000,-75.360000", "departamento": "Caldas", "departamento_raw": "CALDAS", "region": "Andina", "region_color": "#2563eb"}}, {"type": "Feature", "geometry": {"type": "Point", "coordinates": [-75.845553, 4.330608]}, "properties": {"id": 1000, "autor": "AmiGueko", "nombre": "Grillo (39545).jpg", "fecha": "2026-05-23 22:25:27", "desc": "Una de las formas más sencillas de diferenciar un grillo de un saltamontes es sus antenas largas", "img_url": "https://upload.wikimedia.org/wikipedia/commons/a/a9/Grillo_%2839545%29.jpg", "thumb_url": "https://commons.wikimedia.org/wiki/Special:FilePath/Grillo%20%2839545%29.jpg?width=640", "commons_url": "https://commons.wikimedia.org/wiki/File:Grillo_(39545).jpg", "map_url": "https://maps.google.com/?q=4.330608,-75.845553", "departamento": "Valle del Cauca", "departamento_raw": "VALLE DEL CAUCA", "region": "Pacífica", "region_color": "#059669"}}, {"type": "Feature", "geometry": {"type": "Point", "coordinates": [-74.09994, 4.66775]}, "properties": {"id": 1008, "autor": "AmiGueko", "nombre": "Guaco1.jpg", "fecha": "2026-06-04 21:33:36", "desc": "Gigantón morado - Datura metel - Solanaceae", "img_url": "https://upload.wikimedia.org/wikipedia/commons/5/51/Guaco1.jpg", "thumb_url": "https://commons.wikimedia.org/wiki/Special:FilePath/Guaco1.jpg?width=640", "commons_url": "https://commons.wikimedia.org/wiki/File:Guaco1.jpg", "map_url": "https://maps.google.com/?q=4.667750,-74.099940", "departamento": "Bogotá D.C.", "departamento_raw": "SANTAFE DE BOGOTA D.C", "region": "Andina", "region_color": "#2563eb"}}, {"type": "Feature", "geometry": {"type": "Point", "coordinates": [-74.09994, 4.66775]}, "properties": {"id": 1009, "autor": "AmiGueko", "nombre": "Guaco2.jpg", "fecha": "2026-06-04 21:33:38", "desc": "Gigantón morado - Datura metel - Solanaceae", "img_url": "https://upload.wikimedia.org/wikipedia/commons/4/4a/Guaco2.jpg", "thumb_url": "https://commons.wikimedia.org/wiki/Special:FilePath/Guaco2.jpg?width=640", "commons_url": "https://commons.wikimedia.org/wiki/File:Guaco2.jpg", "map_url": "https://maps.google.com/?q=4.667750,-74.099940", "departamento": "Bogotá D.C.", "departamento_raw": "SANTAFE DE BOGOTA D.C", "region": "Andina", "region_color": "#2563eb"}}, {"type": "Feature", "geometry": {"type": "Point", "coordinates": [-74.099944, 4.66775]}, "properties": {"id": 1010, "autor": "AmiGueko", "nombre": "Guaco mayo de 2026.jpg", "fecha": "2026-06-04 21:01:45", "desc": "Gigantón morado - Datura metel - Solanaceae - oriunda de Colombia, Departamento de Sucre", "img_url": "https://upload.wikimedia.org/wikipedia/commons/e/ea/Guaco_mayo_de_2026.jpg", "thumb_url": "https://commons.wikimedia.org/wiki/Special:FilePath/Guaco%20mayo%20de%202026.jpg?width=640", "commons_url": "https://commons.wikimedia.org/wiki/File:Guaco_mayo_de_2026.jpg", "map_url": "https://maps.google.com/?q=4.667750,-74.099944", "departamento": "Bogotá D.C.", "departamento_raw": "SANTAFE DE BOGOTA D.C", "region": "Andina", "region_color": "#2563eb"}}, {"type": "Feature", "geometry": {"type": "Point", "coordinates": [-74.099944, 4.66775]}, "properties": {"id": 1014, "autor": "AmiGueko", "nombre": "Guama mayo de 2026.jpg", "fecha": "2026-06-05 09:30:10", "desc": "Guama en el Jardín Botánico de Bogotá", "img_url": "https://upload.wikimedia.org/wikipedia/commons/6/62/Guama_mayo_de_2026.jpg", "thumb_url": "https://commons.wikimedia.org/wiki/Special:FilePath/Guama%20mayo%20de%202026.jpg?width=640", "commons_url": "https://commons.wikimedia.org/wiki/File:Guama_mayo_de_2026.jpg", "map_url": "https://maps.google.com/?q=4.667750,-74.099944", "departamento": "Bogotá D.C.", "departamento_raw": "SANTAFE DE BOGOTA D.C", "region": "Andina", "region_color": "#2563eb"}}, {"type": "Feature", "geometry": {"type": "Point", "coordinates": [-76.429432, 2.128661]}, "properties": {"id": 1015, "autor": "LentedeBerilo", "nombre": "Guardianes del agua en el PNN Puracé.jpg", "fecha": "2026-06-17 17:48:23", "desc": "Group of frailejones (rosete plants of the Espeletia genus) with the impressive landscape view in Puracé National Natural Park.", "img_url": "https://upload.wikimedia.org/wikipedia/commons/3/30/Guardianes_del_agua_en_el_PNN_Purac%C3%A9.jpg", "thumb_url": "https://commons.wikimedia.org/wiki/Special:FilePath/Guardianes%20del%20agua%20en%20el%20PNN%20Purac%C3%A9.jpg?width=640", "commons_url": "https://commons.wikimedia.org/wiki/File:Guardianes_del_agua_en_el_PNN_Purac%C3%A9.jpg", "map_url": "https://maps.google.com/?q=2.128661,-76.429432", "departamento": "Cauca", "departamento_raw": "CAUCA", "region": "Pacífica", "region_color": "#059669"}}, {"type": "Feature", "geometry": {"type": "Point", "coordinates": [-73.007276, 5.936661]}, "properties": {"id": 1022, "autor": "Halleyuncometafotografo", "nombre": "Guardianes en familia.jpg", "fecha": "2026-06-30 21:33:48", "desc": "Con la luz que parece brotar de uno de los frailejones simboliza la esperanza y la vida, ya que estas plantas son llamadas los guardianes del paramo y del agua", "img_url": "https://upload.wikimedia.org/wikipedia/commons/f/fa/Guardianes_en_familia.jpg", "thumb_url": "https://commons.wikimedia.org/wiki/Special:FilePath/Guardianes%20en%20familia.jpg?width=640", "commons_url": "https://commons.wikimedia.org/wiki/File:Guardianes_en_familia.jpg", "map_url": "https://maps.google.com/?q=5.936661,-73.007276", "departamento": "Boyaca", "departamento_raw": "BOYACA", "region": "Andina", "region_color": "#2563eb"}}, {"type": "Feature", "geometry": {"type": "Point", "coordinates": [-75.512623, 5.075699]}, "properties": {"id": 1025, "autor": "AmiGueko", "nombre": "Guayacán amarillo.jpg", "fecha": "2026-05-09 06:50:31", "desc": "(Handroanthus chrysanthus) Árbol nativo de América tropical, se caracteriza por tener flores amarillas vistosas que crecen en temporada seca, es de gran belleza ornamental.", "img_url": "https://upload.wikimedia.org/wikipedia/commons/f/ff/Guayac%C3%A1n_amarillo.jpg", "thumb_url": "https://commons.wikimedia.org/wiki/Special:FilePath/Guayac%C3%A1n%20amarillo.jpg?width=640", "commons_url": "https://commons.wikimedia.org/wiki/File:Guayac%C3%A1n_amarillo.jpg", "map_url": "https://maps.google.com/?q=5.075699,-75.512623", "departamento": "Caldas", "departamento_raw": "CALDAS", "region": "Andina", "region_color": "#2563eb"}}, {"type": "Feature", "geometry": {"type": "Point", "coordinates": [-74.250233, 4.968263]}, "properties": {"id": 1029, "autor": "AmiGueko", "nombre": "Gusano medidor.jpg", "fecha": "2026-05-24 14:07:34", "desc": "Gusano medidor", "img_url": "https://upload.wikimedia.org/wikipedia/commons/4/4c/Gusano_medidor.jpg", "thumb_url": "https://commons.wikimedia.org/wiki/Special:FilePath/Gusano%20medidor.jpg?width=640", "commons_url": "https://commons.wikimedia.org/wiki/File:Gusano_medidor.jpg", "map_url": "https://maps.google.com/?q=4.968263,-74.250233", "departamento": "Cundinamarca", "departamento_raw": "CUNDINAMARCA", "region": "Andina", "region_color": "#2563eb"}}, {"type": "Feature", "geometry": {"type": "Point", "coordinates": [-74.293691, 4.971446]}, "properties": {"id": 1030, "autor": "AmiGueko", "nombre": "Gusano medidor (30062).jpg", "fecha": "2026-05-24 14:07:50", "desc": "Gusano medidor", "img_url": "https://upload.wikimedia.org/wikipedia/commons/e/e7/Gusano_medidor_%2830062%29.jpg", "thumb_url": "https://commons.wikimedia.org/wiki/Special:FilePath/Gusano%20medidor%20%2830062%29.jpg?width=640", "commons_url": "https://commons.wikimedia.org/wiki/File:Gusano_medidor_(30062).jpg", "map_url": "https://maps.google.com/?q=4.971446,-74.293691", "departamento": "Cundinamarca", "departamento_raw": "CUNDINAMARCA", "region": "Andina", "region_color": "#2563eb"}}, {"type": "Feature", "geometry": {"type": "Point", "coordinates": [-74.252786, 4.96916]}, "properties": {"id": 1031, "autor": "AmiGueko", "nombre": "Gusano medidor (91486).jpg", "fecha": "2026-05-24 14:07:42", "desc": "Gusano medidor", "img_url": "https://upload.wikimedia.org/wikipedia/commons/8/83/Gusano_medidor_%2891486%29.jpg", "thumb_url": "https://commons.wikimedia.org/wiki/Special:FilePath/Gusano%20medidor%20%2891486%29.jpg?width=640", "commons_url": "https://commons.wikimedia.org/wiki/File:Gusano_medidor_(91486).jpg", "map_url": "https://maps.google.com/?q=4.969160,-74.252786", "departamento": "Cundinamarca", "departamento_raw": "CUNDINAMARCA", "region": "Andina", "region_color": "#2563eb"}}, {"type": "Feature", "geometry": {"type": "Point", "coordinates": [-74.345047, 4.861056]}, "properties": {"id": 1033, "autor": "Nbareschu", "nombre": "Guzmania reserva Moravia.jpg", "fecha": "2026-05-07 10:06:46", "desc": "Guzmania reserva Moravia", "img_url": "https://upload.wikimedia.org/wikipedia/commons/d/d6/Guzmania_reserva_Moravia.jpg", "thumb_url": "https://commons.wikimedia.org/wiki/Special:FilePath/Guzmania%20reserva%20Moravia.jpg?width=640", "commons_url": "https://commons.wikimedia.org/wiki/File:Guzmania_reserva_Moravia.jpg", "map_url": "https://maps.google.com/?q=4.861056,-74.345047", "departamento": "Cundinamarca", "departamento_raw": "CUNDINAMARCA", "region": "Andina", "region_color": "#2563eb"}}, {"type": "Feature", "geometry": {"type": "Point", "coordinates": [-78.202902, 2.93884]}, "properties": {"id": 1035, "autor": "LentedeBerilo", "nombre": "Habitantes de la marea en Gorgona.jpg", "fecha": "2026-06-17 17:48:13", "desc": "Individual of Ocypode gaudichaudii feeding on the remains of another individual of the same species on the beach of Gorgona Island.", "img_url": "https://upload.wikimedia.org/wikipedia/commons/1/13/Habitantes_de_la_marea_en_Gorgona.jpg", "thumb_url": "https://commons.wikimedia.org/wiki/Special:FilePath/Habitantes%20de%20la%20marea%20en%20Gorgona.jpg?width=640", "commons_url": "https://commons.wikimedia.org/wiki/File:Habitantes_de_la_marea_en_Gorgona.jpg", "map_url": "https://maps.google.com/?q=2.938840,-78.202902", "departamento": "Cauca", "departamento_raw": "CAUCA", "region": "Pacífica", "region_color": "#059669"}}, {"type": "Feature", "geometry": {"type": "Point", "coordinates": [-74.09994, 4.66775]}, "properties": {"id": 1037, "autor": "AmiGueko", "nombre": "Hayo mayo de 2026.jpg", "fecha": "2026-06-04 21:33:37", "desc": "Hayo en Jardín Botánico de Bogotá", "img_url": "https://upload.wikimedia.org/wikipedia/commons/0/07/Hayo_mayo_de_2026.jpg", "thumb_url": "https://commons.wikimedia.org/wiki/Special:FilePath/Hayo%20mayo%20de%202026.jpg?width=640", "commons_url": "https://commons.wikimedia.org/wiki/File:Hayo_mayo_de_2026.jpg", "map_url": "https://maps.google.com/?q=4.667750,-74.099940", "departamento": "Bogotá D.C.", "departamento_raw": "SANTAFE DE BOGOTA D.C", "region": "Andina", "region_color": "#2563eb"}}, {"type": "Feature", "geometry": {"type": "Point", "coordinates": [-74.09994, 4.66775]}, "properties": {"id": 1041, "autor": "AmiGueko", "nombre": "Helechos mayo 2026.jpg", "fecha": "2026-06-04 21:33:39", "desc": "Helechos en el Jardín Botánico", "img_url": "https://upload.wikimedia.org/wikipedia/commons/f/f0/Helechos_mayo_2026.jpg", "thumb_url": "https://commons.wikimedia.org/wiki/Special:FilePath/Helechos%20mayo%202026.jpg?width=640", "commons_url": "https://commons.wikimedia.org/wiki/File:Helechos_mayo_2026.jpg", "map_url": "https://maps.google.com/?q=4.667750,-74.099940", "departamento": "Bogotá D.C.", "departamento_raw": "SANTAFE DE BOGOTA D.C", "region": "Andina", "region_color": "#2563eb"}}, {"type": "Feature", "geometry": {"type": "Point", "coordinates": [-74.53792, 4.51316]}, "properties": {"id": 1042, "autor": "Supertita", "nombre": "Heliconia psittacorum - Heliconiaceae.jpg", "fecha": "2026-06-18 21:43:49", "desc": "Heliconia psittacorum - Heliconiaceae - Heliconia, Platanillo", "img_url": "https://upload.wikimedia.org/wikipedia/commons/a/ae/Heliconia_psittacorum_-_Heliconiaceae.jpg", "thumb_url": "https://commons.wikimedia.org/wiki/Special:FilePath/Heliconia%20psittacorum%20-%20Heliconiaceae.jpg?width=640", "commons_url": "https://commons.wikimedia.org/wiki/File:Heliconia_psittacorum_-_Heliconiaceae.jpg", "map_url": "https://maps.google.com/?q=4.513160,-74.537920", "departamento": "Cundinamarca", "departamento_raw": "CUNDINAMARCA", "region": "Andina", "region_color": "#2563eb"}}, {"type": "Feature", "geometry": {"type": "Point", "coordinates": [-74.100198, 4.668211]}, "properties": {"id": 1043, "autor": "Supertita", "nombre": "Heliconia rostrata-Platanillo colgante.jpg", "fecha": "2026-06-19 15:42:39", "desc": "Heliconia rostrata-Platanillo colgante-specie es originaria de Bolivia, Colombia, Ecuador y Perú", "img_url": "https://upload.wikimedia.org/wikipedia/commons/5/5e/Heliconia_rostrata-Platanillo_colgante.jpg", "thumb_url": "https://commons.wikimedia.org/wiki/Special:FilePath/Heliconia%20rostrata-Platanillo%20colgante.jpg?width=640", "commons_url": "https://commons.wikimedia.org/wiki/File:Heliconia_rostrata-Platanillo_colgante.jpg", "map_url": "https://maps.google.com/?q=4.668211,-74.100198", "departamento": "Bogotá D.C.", "departamento_raw": "SANTAFE DE BOGOTA D.C", "region": "Andina", "region_color": "#2563eb"}}, {"type": "Feature", "geometry": {"type": "Point", "coordinates": [-74.048879, 4.864625]}, "properties": {"id": 1046, "autor": "Dalacuel", "nombre": "Heliotropio.jpg", "fecha": "2026-06-21 14:22:09", "desc": "Heliotrope (Heliotropium sp.) \"A fragrant cluster of purple flowers that attracts bees and butterflies throughout the growing season.\"", "img_url": "https://upload.wikimedia.org/wikipedia/commons/4/4b/Heliotropio.jpg", "thumb_url": "https://commons.wikimedia.org/wiki/Special:FilePath/Heliotropio.jpg?width=640", "commons_url": "https://commons.wikimedia.org/wiki/File:Heliotropio.jpg", "map_url": "https://maps.google.com/?q=4.864625,-74.048879", "departamento": "Cundinamarca", "departamento_raw": "CUNDINAMARCA", "region": "Andina", "region_color": "#2563eb"}}, {"type": "Feature", "geometry": {"type": "Point", "coordinates": [-73.908852, 4.794479]}, "properties": {"id": 1050, "autor": "Rodrigomacrophoto", "nombre": "Heranice sp.jpg", "fecha": "2026-05-04 20:06:18", "desc": "Individuo de la familia Membracidae genero Heranice. Reserva Biologica Encenillo, Guasca Cundinamarca", "img_url": "https://upload.wikimedia.org/wikipedia/commons/4/41/Heranice_sp.jpg", "thumb_url": "https://commons.wikimedia.org/wiki/Special:FilePath/Heranice%20sp.jpg?width=640", "commons_url": "https://commons.wikimedia.org/wiki/File:Heranice_sp.jpg", "map_url": "https://maps.google.com/?q=4.794479,-73.908852", "departamento": "Cundinamarca", "departamento_raw": "CUNDINAMARCA", "region": "Andina", "region_color": "#2563eb"}}, {"type": "Feature", "geometry": {"type": "Point", "coordinates": [-74.53792, 4.51316]}, "properties": {"id": 1054, "autor": "Supertita", "nombre": "Hibiscus plant in the early stages of blooming.jpg", "fecha": "2026-06-18 21:43:51", "desc": "Hibiscus plant in the early stages of blooming, Malvaceae, Magnoliopsida", "img_url": "https://upload.wikimedia.org/wikipedia/commons/1/11/Hibiscus_plant_in_the_early_stages_of_blooming.jpg", "thumb_url": "https://commons.wikimedia.org/wiki/Special:FilePath/Hibiscus%20plant%20in%20the%20early%20stages%20of%20blooming.jpg?width=640", "commons_url": "https://commons.wikimedia.org/wiki/File:Hibiscus_plant_in_the_early_stages_of_blooming.jpg", "map_url": "https://maps.google.com/?q=4.513160,-74.537920", "departamento": "Cundinamarca", "departamento_raw": "CUNDINAMARCA", "region": "Andina", "region_color": "#2563eb"}}, {"type": "Feature", "geometry": {"type": "Point", "coordinates": [-72.311706, 6.370983]}, "properties": {"id": 1058, "autor": "Nbareschu", "nombre": "Hielo briophyta.jpg", "fecha": "2026-05-07 10:06:59", "desc": "Bryophyta", "img_url": "https://upload.wikimedia.org/wikipedia/commons/1/16/Hielo_briophyta.jpg", "thumb_url": "https://commons.wikimedia.org/wiki/Special:FilePath/Hielo%20briophyta.jpg?width=640", "commons_url": "https://commons.wikimedia.org/wiki/File:Hielo_briophyta.jpg", "map_url": "https://maps.google.com/?q=6.370983,-72.311706", "departamento": "Arauca", "departamento_raw": "ARAUCA", "region": "Orinoquía", "region_color": "#d97706"}}, {"type": "Feature", "geometry": {"type": "Point", "coordinates": [-74.097702, 4.669437]}, "properties": {"id": 1067, "autor": "NMontoya (WMCO)", "nombre": "Hoja simple del género Asplundia.jpg", "fecha": "2026-06-18 19:23:07", "desc": "Hoja simple del género Asplundia, familia Cyclanthaceae.", "img_url": "https://upload.wikimedia.org/wikipedia/commons/8/81/Hoja_simple_del_g%C3%A9nero_Asplundia.jpg", "thumb_url": "https://commons.wikimedia.org/wiki/Special:FilePath/Hoja%20simple%20del%20g%C3%A9nero%20Asplundia.jpg?width=640", "commons_url": "https://commons.wikimedia.org/wiki/File:Hoja_simple_del_g%C3%A9nero_Asplundia.jpg", "map_url": "https://maps.google.com/?q=4.669437,-74.097702", "departamento": "Bogotá D.C.", "departamento_raw": "SANTAFE DE BOGOTA D.C", "region": "Andina", "region_color": "#2563eb"}}, {"type": "Feature", "geometry": {"type": "Point", "coordinates": [-74.097702, 4.669437]}, "properties": {"id": 1069, "autor": "NMontoya (WMCO)", "nombre": "Hojas con hendiduras o bordes irregulares.jpg", "fecha": "2026-06-18 19:23:07", "desc": "Hojas con hendiduras o bordes irregulares como mecanismo de protección para los herbívoros.", "img_url": "https://upload.wikimedia.org/wikipedia/commons/b/bd/Hojas_con_hendiduras_o_bordes_irregulares.jpg", "thumb_url": "https://commons.wikimedia.org/wiki/Special:FilePath/Hojas%20con%20hendiduras%20o%20bordes%20irregulares.jpg?width=640", "commons_url": "https://commons.wikimedia.org/wiki/File:Hojas_con_hendiduras_o_bordes_irregulares.jpg", "map_url": "https://maps.google.com/?q=4.669437,-74.097702", "departamento": "Bogotá D.C.", "departamento_raw": "SANTAFE DE BOGOTA D.C", "region": "Andina", "region_color": "#2563eb"}}, {"type": "Feature", "geometry": {"type": "Point", "coordinates": [-73.83284, 4.840614]}, "properties": {"id": 1074, "autor": "Estudiante0001", "nombre": "Hongo de la Reserva El Zoque.jpg", "fecha": "2026-05-21 12:24:33", "desc": "Hongo fotografiado en La Reserva El Zoque", "img_url": "https://upload.wikimedia.org/wikipedia/commons/5/51/Hongo_de_la_Reserva_El_Zoque.jpg", "thumb_url": "https://commons.wikimedia.org/wiki/Special:FilePath/Hongo%20de%20la%20Reserva%20El%20Zoque.jpg?width=640", "commons_url": "https://commons.wikimedia.org/wiki/File:Hongo_de_la_Reserva_El_Zoque.jpg", "map_url": "https://maps.google.com/?q=4.840614,-73.832840", "departamento": "Cundinamarca", "departamento_raw": "CUNDINAMARCA", "region": "Andina", "region_color": "#2563eb"}}, {"type": "Feature", "geometry": {"type": "Point", "coordinates": [-73.831432, 4.843117]}, "properties": {"id": 1079, "autor": "Estudiante0001", "nombre": "Hongo en hojarasca en Cuítiva Boyacá.jpg", "fecha": "2026-05-21 13:20:04", "desc": "Hongo localizado en Cuítiva Boyaca en una superficie con hojarasca de angiospermas.", "img_url": "https://upload.wikimedia.org/wikipedia/commons/4/44/Hongo_en_hojarasca_en_Cu%C3%ADtiva_Boyac%C3%A1.jpg", "thumb_url": "https://commons.wikimedia.org/wiki/Special:FilePath/Hongo%20en%20hojarasca%20en%20Cu%C3%ADtiva%20Boyac%C3%A1.jpg?width=640", "commons_url": "https://commons.wikimedia.org/wiki/File:Hongo_en_hojarasca_en_Cu%C3%ADtiva_Boyac%C3%A1.jpg", "map_url": "https://maps.google.com/?q=4.843117,-73.831432", "departamento": "Cundinamarca", "departamento_raw": "CUNDINAMARCA", "region": "Andina", "region_color": "#2563eb"}}, {"type": "Feature", "geometry": {"type": "Point", "coordinates": [-73.832858, 4.840586]}, "properties": {"id": 1080, "autor": "Estudiante0001", "nombre": "Hongo fructificados en un tronco.jpg", "fecha": "2026-05-21 13:20:12", "desc": "Setas de hongos fructificados ubicados en una corteza de un àrbol en Guasca - La Reserva el Zoque", "img_url": "https://upload.wikimedia.org/wikipedia/commons/5/57/Hongo_fructificados_en_un_tronco.jpg", "thumb_url": "https://commons.wikimedia.org/wiki/Special:FilePath/Hongo%20fructificados%20en%20un%20tronco.jpg?width=640", "commons_url": "https://commons.wikimedia.org/wiki/File:Hongo_fructificados_en_un_tronco.jpg", "map_url": "https://maps.google.com/?q=4.840586,-73.832858", "departamento": "Cundinamarca", "departamento_raw": "CUNDINAMARCA", "region": "Andina", "region_color": "#2563eb"}}, {"type": "Feature", "geometry": {"type": "Point", "coordinates": [-74.054773, 4.577802]}, "properties": {"id": 1081, "autor": "Sophy Martinez", "nombre": "Hongo matamoscas (Amanita muscaria).jpg", "fecha": "2026-06-29 00:44:10", "desc": "Hongo matamoscas (Amanita muscaria), hallado en el húmedo sotobosque de los Cerros Orientales de Bogotá.", "img_url": "https://upload.wikimedia.org/wikipedia/commons/a/a6/Hongo_matamoscas_%28Amanita_muscaria%29.jpg", "thumb_url": "https://commons.wikimedia.org/wiki/Special:FilePath/Hongo%20matamoscas%20%28Amanita%20muscaria%29.jpg?width=640", "commons_url": "https://commons.wikimedia.org/wiki/File:Hongo_matamoscas_(Amanita_muscaria).jpg", "map_url": "https://maps.google.com/?q=4.577802,-74.054773", "departamento": "Bogotá D.C.", "departamento_raw": "SANTAFE DE BOGOTA D.C", "region": "Andina", "region_color": "#2563eb"}}, {"type": "Feature", "geometry": {"type": "Point", "coordinates": [-74.093442, 4.695205]}, "properties": {"id": 1082, "autor": "Sophy Martinez", "nombre": "Hongo poroso naranja (Favolaschia sp.).jpg", "fecha": "2026-06-29 01:39:59", "desc": "Una pequeña joya lignícola del género Favolaschia, encontrada en el Humedal Santa María del Lago, Bogotá.", "img_url": "https://upload.wikimedia.org/wikipedia/commons/2/2d/Hongo_poroso_naranja_%28Favolaschia_sp.%29.jpg", "thumb_url": "https://commons.wikimedia.org/wiki/Special:FilePath/Hongo%20poroso%20naranja%20%28Favolaschia%20sp.%29.jpg?width=640", "commons_url": "https://commons.wikimedia.org/wiki/File:Hongo_poroso_naranja_(Favolaschia_sp.).jpg", "map_url": "https://maps.google.com/?q=4.695205,-74.093442", "departamento": "Bogotá D.C.", "departamento_raw": "SANTAFE DE BOGOTA D.C", "region": "Andina", "region_color": "#2563eb"}}, {"type": "Feature", "geometry": {"type": "Point", "coordinates": [-74.3452, 4.854756]}, "properties": {"id": 1083, "autor": "Nbareschu", "nombre": "Hongo sp.jpg", "fecha": "2026-05-07 10:06:17", "desc": "Hongo en tronco", "img_url": "https://upload.wikimedia.org/wikipedia/commons/3/3d/Hongo_sp.jpg", "thumb_url": "https://commons.wikimedia.org/wiki/Special:FilePath/Hongo%20sp.jpg?width=640", "commons_url": "https://commons.wikimedia.org/wiki/File:Hongo_sp.jpg", "map_url": "https://maps.google.com/?q=4.854756,-74.345200", "departamento": "Cundinamarca", "departamento_raw": "CUNDINAMARCA", "region": "Andina", "region_color": "#2563eb"}}, {"type": "Feature", "geometry": {"type": "Point", "coordinates": [-73.831453, 4.843085]}, "properties": {"id": 1085, "autor": "Estudiante0001", "nombre": "Hongos de Iza, Boyacá.jpg", "fecha": "2026-05-21 12:24:43", "desc": "fotografiado en Iza Boyacá", "img_url": "https://upload.wikimedia.org/wikipedia/commons/7/7a/Hongos_de_Iza%2C_Boyac%C3%A1.jpg", "thumb_url": "https://commons.wikimedia.org/wiki/Special:FilePath/Hongos%20de%20Iza%2C%20Boyac%C3%A1.jpg?width=640", "commons_url": "https://commons.wikimedia.org/wiki/File:Hongos_de_Iza,_Boyac%C3%A1.jpg", "map_url": "https://maps.google.com/?q=4.843085,-73.831453", "departamento": "Cundinamarca", "departamento_raw": "CUNDINAMARCA", "region": "Andina", "region_color": "#2563eb"}}, {"type": "Feature", "geometry": {"type": "Point", "coordinates": [-73.962394, 4.557642]}, "properties": {"id": 1087, "autor": "Nbareschu", "nombre": "Hongos en la cascada la abuela.jpg", "fecha": "2026-05-07 10:06:28", "desc": "Hongos con láminas bañados en sol", "img_url": "https://upload.wikimedia.org/wikipedia/commons/4/47/Hongos_en_la_cascada_la_abuela.jpg", "thumb_url": "https://commons.wikimedia.org/wiki/Special:FilePath/Hongos%20en%20la%20cascada%20la%20abuela.jpg?width=640", "commons_url": "https://commons.wikimedia.org/wiki/File:Hongos_en_la_cascada_la_abuela.jpg", "map_url": "https://maps.google.com/?q=4.557642,-73.962394", "departamento": "Cundinamarca", "departamento_raw": "CUNDINAMARCA", "region": "Andina", "region_color": "#2563eb"}}, {"type": "Feature", "geometry": {"type": "Point", "coordinates": [-74.146794, 4.172187]}, "properties": {"id": 1088, "autor": "Zolsemiya", "nombre": "Hongos laminares.jpg", "fecha": "2026-06-30 17:58:48", "desc": "Hongos laminares", "img_url": "https://upload.wikimedia.org/wikipedia/commons/3/32/Hongos_laminares.jpg", "thumb_url": "https://commons.wikimedia.org/wiki/Special:FilePath/Hongos%20laminares.jpg?width=640", "commons_url": "https://commons.wikimedia.org/wiki/File:Hongos_laminares.jpg", "map_url": "https://maps.google.com/?q=4.172187,-74.146794", "departamento": "Cundinamarca", "departamento_raw": "CUNDINAMARCA", "region": "Andina", "region_color": "#2563eb"}}, {"type": "Feature", "geometry": {"type": "Point", "coordinates": [-74.78295, 8.076089]}, "properties": {"id": 1093, "autor": "Elprofeta91", "nombre": "Horizonte en Nechí.jpg", "fecha": "2026-05-05 18:58:47", "desc": "Una finca en Nechí", "img_url": "https://upload.wikimedia.org/wikipedia/commons/c/c7/Horizonte_en_Nech%C3%AD.jpg", "thumb_url": "https://commons.wikimedia.org/wiki/Special:FilePath/Horizonte%20en%20Nech%C3%AD.jpg?width=640", "commons_url": "https://commons.wikimedia.org/wiki/File:Horizonte_en_Nech%C3%AD.jpg", "map_url": "https://maps.google.com/?q=8.076089,-74.782950", "departamento": "Antioquia", "departamento_raw": "ANTIOQUIA", "region": "Andina", "region_color": "#2563eb"}}, {"type": "Feature", "geometry": {"type": "Point", "coordinates": [-74.324919, 4.900175]}, "properties": {"id": 1102, "autor": "Nbareschu", "nombre": "Huevos de aire.jpg", "fecha": "2026-05-07 10:06:49", "desc": "Huevos en el agua", "img_url": "https://upload.wikimedia.org/wikipedia/commons/8/89/Huevos_de_aire.jpg", "thumb_url": "https://commons.wikimedia.org/wiki/Special:FilePath/Huevos%20de%20aire.jpg?width=640", "commons_url": "https://commons.wikimedia.org/wiki/File:Huevos_de_aire.jpg", "map_url": "https://maps.google.com/?q=4.900175,-74.324919", "departamento": "Cundinamarca", "departamento_raw": "CUNDINAMARCA", "region": "Andina", "region_color": "#2563eb"}}, {"type": "Feature", "geometry": {"type": "Point", "coordinates": [-74.099779, 4.66788]}, "properties": {"id": 1107, "autor": "Project5443", "nombre": "Hydrangea Macrophylla en Jardín Botánico.jpg", "fecha": "2026-05-21 13:34:53", "desc": "Photo taken at the Botanical Garden of Bogotá of a blue hydrangea", "img_url": "https://upload.wikimedia.org/wikipedia/commons/3/3d/Hydrangea_Macrophylla_en_Jard%C3%ADn_Bot%C3%A1nico.jpg", "thumb_url": "https://commons.wikimedia.org/wiki/Special:FilePath/Hydrangea%20Macrophylla%20en%20Jard%C3%ADn%20Bot%C3%A1nico.jpg?width=640", "commons_url": "https://commons.wikimedia.org/wiki/File:Hydrangea_Macrophylla_en_Jard%C3%ADn_Bot%C3%A1nico.jpg", "map_url": "https://maps.google.com/?q=4.667880,-74.099779", "departamento": "Bogotá D.C.", "departamento_raw": "SANTAFE DE BOGOTA D.C", "region": "Andina", "region_color": "#2563eb"}}, {"type": "Feature", "geometry": {"type": "Point", "coordinates": [-74.87047, 5.86224]}, "properties": {"id": 1108, "autor": "XimmoY", "nombre": "Hyloscirtus palmeri 2026.jpg", "fecha": "2026-06-25 21:13:33", "desc": "A specimen of Hyloscirtus palmeri (Palmer's torrent frog) on a leaf near a stream in the Los Monos Agroforestry Reserve, Rio Claro, Antioquia.", "img_url": "https://upload.wikimedia.org/wikipedia/commons/7/73/Hyloscirtus_palmeri_2026.jpg", "thumb_url": "https://commons.wikimedia.org/wiki/Special:FilePath/Hyloscirtus%20palmeri%202026.jpg?width=640", "commons_url": "https://commons.wikimedia.org/wiki/File:Hyloscirtus_palmeri_2026.jpg", "map_url": "https://maps.google.com/?q=5.862240,-74.870470", "departamento": "Antioquia", "departamento_raw": "ANTIOQUIA", "region": "Andina", "region_color": "#2563eb"}}, {"type": "Feature", "geometry": {"type": "Point", "coordinates": [-73.864007, 7.08482]}, "properties": {"id": 1120, "autor": "Diferoch", "nombre": "Iguana iguana - Barrancabermeja, Santander, Colombia - 08 Jul 2026 - Diferoch.jpg", "fecha": "2026-06-09 15:11:02", "desc": "Individual of Iguana iguana observed in Barrancabermeja, Santander, Colombia.", "img_url": "https://upload.wikimedia.org/wikipedia/commons/7/79/Iguana_iguana_-_Barrancabermeja%2C_Santander%2C_Colombia_-_08_Jul_2026_-_Diferoch.jpg", "thumb_url": "https://commons.wikimedia.org/wiki/Special:FilePath/Iguana%20iguana%20-%20Barrancabermeja%2C%20Santander%2C%20Colombia%20-%2008%20Jul%202026%20-%20Diferoch.jpg?width=640", "commons_url": "https://commons.wikimedia.org/wiki/File:Iguana_iguana_-_Barrancabermeja,_Santander,_Colombia_-_08_Jul_2026_-_Diferoch.jpg", "map_url": "https://maps.google.com/?q=7.084820,-73.864007", "departamento": "Santander", "departamento_raw": "SANTANDER", "region": "Andina", "region_color": "#2563eb"}}, {"type": "Feature", "geometry": {"type": "Point", "coordinates": [-73.869392, 7.073068]}, "properties": {"id": 1121, "autor": "Diferoch", "nombre": "Iguana iguana - Barrancabermeja, Santander, Colombia - 13 Jun 2025 - Diferoch.jpg", "fecha": "2026-05-29 22:51:07", "desc": "Individual of Iguana iguana observed in Barrancabermeja, Santander, Colombia.", "img_url": "https://upload.wikimedia.org/wikipedia/commons/6/61/Iguana_iguana_-_Barrancabermeja%2C_Santander%2C_Colombia_-_13_Jun_2025_-_Diferoch.jpg", "thumb_url": "https://commons.wikimedia.org/wiki/Special:FilePath/Iguana%20iguana%20-%20Barrancabermeja%2C%20Santander%2C%20Colombia%20-%2013%20Jun%202025%20-%20Diferoch.jpg?width=640", "commons_url": "https://commons.wikimedia.org/wiki/File:Iguana_iguana_-_Barrancabermeja,_Santander,_Colombia_-_13_Jun_2025_-_Diferoch.jpg", "map_url": "https://maps.google.com/?q=7.073068,-73.869392", "departamento": "Santander", "departamento_raw": "SANTANDER", "region": "Andina", "region_color": "#2563eb"}}, {"type": "Feature", "geometry": {"type": "Point", "coordinates": [-73.864098, 7.084927]}, "properties": {"id": 1122, "autor": "Diferoch", "nombre": "Iguana iguana - Barrancabermeja, Santander, Colombia - 31 Dec 2025 - Diferoch.jpg", "fecha": "2026-06-29 22:26:27", "desc": "Individual of Iguana iguana observed in Barrancabermeja, Santander, Colombia.", "img_url": "https://upload.wikimedia.org/wikipedia/commons/9/9e/Iguana_iguana_-_Barrancabermeja%2C_Santander%2C_Colombia_-_31_Dec_2025_-_Diferoch.jpg", "thumb_url": "https://commons.wikimedia.org/wiki/Special:FilePath/Iguana%20iguana%20-%20Barrancabermeja%2C%20Santander%2C%20Colombia%20-%2031%20Dec%202025%20-%20Diferoch.jpg?width=640", "commons_url": "https://commons.wikimedia.org/wiki/File:Iguana_iguana_-_Barrancabermeja,_Santander,_Colombia_-_31_Dec_2025_-_Diferoch.jpg", "map_url": "https://maps.google.com/?q=7.084927,-73.864098", "departamento": "Santander", "departamento_raw": "SANTANDER", "region": "Andina", "region_color": "#2563eb"}}, {"type": "Feature", "geometry": {"type": "Point", "coordinates": [-77.420867, 5.625004]}, "properties": {"id": 1123, "autor": "Diferoch", "nombre": "Iguana iguana - Nuquí, Chocó, Colombia - 22 Oct 2025 - Diferoch.jpg", "fecha": "2026-06-24 23:42:54", "desc": "Individual of Iguana iguana observed in Nuquí, Chocó, Colombia.", "img_url": "https://upload.wikimedia.org/wikipedia/commons/9/96/Iguana_iguana_-_Nuqu%C3%AD%2C_Choc%C3%B3%2C_Colombia_-_22_Oct_2025_-_Diferoch.jpg", "thumb_url": "https://commons.wikimedia.org/wiki/Special:FilePath/Iguana%20iguana%20-%20Nuqu%C3%AD%2C%20Choc%C3%B3%2C%20Colombia%20-%2022%20Oct%202025%20-%20Diferoch.jpg?width=640", "commons_url": "https://commons.wikimedia.org/wiki/File:Iguana_iguana_-_Nuqu%C3%AD,_Choc%C3%B3,_Colombia_-_22_Oct_2025_-_Diferoch.jpg", "map_url": "https://maps.google.com/?q=5.625004,-77.420867", "departamento": "Choco", "departamento_raw": "CHOCO", "region": "Pacífica", "region_color": "#059669"}}, {"type": "Feature", "geometry": {"type": "Point", "coordinates": [-74.226281, 11.141683]}, "properties": {"id": 1124, "autor": "Diferoch", "nombre": "Iguana iguana - Santa Marta, Magdalena, Colombia - 26 Jun 2025 - Diferoch.jpg", "fecha": "2026-06-07 14:15:39", "desc": "Male of Iguana iguana observed in Santa Marta, Magdalena, Colombia.", "img_url": "https://upload.wikimedia.org/wikipedia/commons/1/17/Iguana_iguana_-_Santa_Marta%2C_Magdalena%2C_Colombia_-_26_Jun_2025_-_Diferoch.jpg", "thumb_url": "https://commons.wikimedia.org/wiki/Special:FilePath/Iguana%20iguana%20-%20Santa%20Marta%2C%20Magdalena%2C%20Colombia%20-%2026%20Jun%202025%20-%20Diferoch.jpg?width=640", "commons_url": "https://commons.wikimedia.org/wiki/File:Iguana_iguana_-_Santa_Marta,_Magdalena,_Colombia_-_26_Jun_2025_-_Diferoch.jpg", "map_url": "https://maps.google.com/?q=11.141683,-74.226281", "departamento": "Magdalena", "departamento_raw": "MAGDALENA", "region": "Caribe", "region_color": "#0891b2"}}, {"type": "Feature", "geometry": {"type": "Point", "coordinates": [-74.87047, 5.86224]}, "properties": {"id": 1128, "autor": "XimmoY", "nombre": "Iguana verde 2026.jpg", "fecha": "2026-06-30 21:08:00", "desc": "Macro detail of the scalation on a juvenile Iguana iguana (green iguana). This close-up highlights the complexity of its scales and its vibrant coloration. Recorded at the Los Monos agroecological reserve, Río Claro, Antioquia.", "img_url": "https://upload.wikimedia.org/wikipedia/commons/a/a8/Iguana_verde_2026.jpg", "thumb_url": "https://commons.wikimedia.org/wiki/Special:FilePath/Iguana%20verde%202026.jpg?width=640", "commons_url": "https://commons.wikimedia.org/wiki/File:Iguana_verde_2026.jpg", "map_url": "https://maps.google.com/?q=5.862240,-74.870470", "departamento": "Antioquia", "departamento_raw": "ANTIOQUIA", "region": "Andina", "region_color": "#2563eb"}}, {"type": "Feature", "geometry": {"type": "Point", "coordinates": [-74.293887, 4.574527]}, "properties": {"id": 1131, "autor": "Johan Andrés Toro", "nombre": "Impacto hidrológico y ambiental en el Salto del Tequendama.jpg", "fecha": "2026-05-29 15:03:00", "desc": "Primer plano oblicuo y dramático de la cascada del Salto del Tequendama. La toma enfatiza el gran volumen y la fuerza del agua del Río Bogotá en su descenso, contrastando con el relieve escarpado y las laderas cubiertas de vegetación, evidenciando la magnitud de este hito geográfico de la cordillera Oriental.", "img_url": "https://upload.wikimedia.org/wikipedia/commons/0/01/Impacto_hidrol%C3%B3gico_y_ambiental_en_el_Salto_del_Tequendama.jpg", "thumb_url": "https://commons.wikimedia.org/wiki/Special:FilePath/Impacto%20hidrol%C3%B3gico%20y%20ambiental%20en%20el%20Salto%20del%20Tequendama.jpg?width=640", "commons_url": "https://commons.wikimedia.org/wiki/File:Impacto_hidrol%C3%B3gico_y_ambiental_en_el_Salto_del_Tequendama.jpg", "map_url": "https://maps.google.com/?q=4.574527,-74.293887", "departamento": "Cundinamarca", "departamento_raw": "CUNDINAMARCA", "region": "Andina", "region_color": "#2563eb"}}, {"type": "Feature", "geometry": {"type": "Point", "coordinates": [-74.097702, 4.669437]}, "properties": {"id": 1132, "autor": "NMontoya (WMCO)", "nombre": "Impatiens marianae - Familia Balsaminaceae.jpg", "fecha": "2026-06-18 19:23:09", "desc": "Impatiens marianae - Familia Balsaminaceae", "img_url": "https://upload.wikimedia.org/wikipedia/commons/e/e0/Impatiens_marianae_-_Familia_Balsaminaceae.jpg", "thumb_url": "https://commons.wikimedia.org/wiki/Special:FilePath/Impatiens%20marianae%20-%20Familia%20Balsaminaceae.jpg?width=640", "commons_url": "https://commons.wikimedia.org/wiki/File:Impatiens_marianae_-_Familia_Balsaminaceae.jpg", "map_url": "https://maps.google.com/?q=4.669437,-74.097702", "departamento": "Bogotá D.C.", "departamento_raw": "SANTAFE DE BOGOTA D.C", "region": "Andina", "region_color": "#2563eb"}}, {"type": "Feature", "geometry": {"type": "Point", "coordinates": [-74.099944, 4.66775]}, "properties": {"id": 1133, "autor": "AmiGueko", "nombre": "Impatiens marianae mayo de 2026.jpg", "fecha": "2026-06-05 09:30:10", "desc": "Impatiens marianae mayo de 2026", "img_url": "https://upload.wikimedia.org/wikipedia/commons/d/d0/Impatiens_marianae_mayo_de_2026.jpg", "thumb_url": "https://commons.wikimedia.org/wiki/Special:FilePath/Impatiens%20marianae%20mayo%20de%202026.jpg?width=640", "commons_url": "https://commons.wikimedia.org/wiki/File:Impatiens_marianae_mayo_de_2026.jpg", "map_url": "https://maps.google.com/?q=4.667750,-74.099944", "departamento": "Bogotá D.C.", "departamento_raw": "SANTAFE DE BOGOTA D.C", "region": "Andina", "region_color": "#2563eb"}}, {"type": "Feature", "geometry": {"type": "Point", "coordinates": [-75.540278, 10.425]}, "properties": {"id": 1134, "autor": "Johannelob", "nombre": "Imponente Ceiba del FIRE.jpg", "fecha": "2026-06-27 16:20:13", "desc": "Arbol con siglos de vida ubicado en el edificio institucional, alrededor del mismo se edifico toda la obra", "img_url": "https://upload.wikimedia.org/wikipedia/commons/e/e6/Imponente_Ceiba_del_FIRE.jpg", "thumb_url": "https://commons.wikimedia.org/wiki/Special:FilePath/Imponente%20Ceiba%20del%20FIRE.jpg?width=640", "commons_url": "https://commons.wikimedia.org/wiki/File:Imponente_Ceiba_del_FIRE.jpg", "map_url": "https://maps.google.com/?q=10.425000,-75.540278", "departamento": "Bolivar", "departamento_raw": "BOLIVAR", "region": "Caribe", "region_color": "#0891b2"}}, {"type": "Feature", "geometry": {"type": "Point", "coordinates": [-74.781, 8.078439]}, "properties": {"id": 1145, "autor": "Elprofeta91", "nombre": "Iniciando la cosecha.jpg", "fecha": "2026-05-05 18:58:59", "desc": "Una finca en Nechí", "img_url": "https://upload.wikimedia.org/wikipedia/commons/2/2b/Iniciando_la_cosecha.jpg", "thumb_url": "https://commons.wikimedia.org/wiki/Special:FilePath/Iniciando%20la%20cosecha.jpg?width=640", "commons_url": "https://commons.wikimedia.org/wiki/File:Iniciando_la_cosecha.jpg", "map_url": "https://maps.google.com/?q=8.078439,-74.781000", "departamento": "Antioquia", "departamento_raw": "ANTIOQUIA", "region": "Andina", "region_color": "#2563eb"}}, {"type": "Feature", "geometry": {"type": "Point", "coordinates": [-74.78615, 8.072097]}, "properties": {"id": 1146, "autor": "Elprofeta91", "nombre": "Iniciando la cosecha 02.jpg", "fecha": "2026-05-05 18:59:01", "desc": "Una finca en Nechí", "img_url": "https://upload.wikimedia.org/wikipedia/commons/3/39/Iniciando_la_cosecha_02.jpg", "thumb_url": "https://commons.wikimedia.org/wiki/Special:FilePath/Iniciando%20la%20cosecha%2002.jpg?width=640", "commons_url": "https://commons.wikimedia.org/wiki/File:Iniciando_la_cosecha_02.jpg", "map_url": "https://maps.google.com/?q=8.072097,-74.786150", "departamento": "Antioquia", "departamento_raw": "ANTIOQUIA", "region": "Andina", "region_color": "#2563eb"}}, {"type": "Feature", "geometry": {"type": "Point", "coordinates": [-74.786211, 8.072069]}, "properties": {"id": 1147, "autor": "Elprofeta91", "nombre": "Iniciando la cosecha 03.jpg", "fecha": "2026-05-05 18:59:05", "desc": "Una finca en Nechí", "img_url": "https://upload.wikimedia.org/wikipedia/commons/6/62/Iniciando_la_cosecha_03.jpg", "thumb_url": "https://commons.wikimedia.org/wiki/Special:FilePath/Iniciando%20la%20cosecha%2003.jpg?width=640", "commons_url": "https://commons.wikimedia.org/wiki/File:Iniciando_la_cosecha_03.jpg", "map_url": "https://maps.google.com/?q=8.072069,-74.786211", "departamento": "Antioquia", "departamento_raw": "ANTIOQUIA", "region": "Andina", "region_color": "#2563eb"}}, {"type": "Feature", "geometry": {"type": "Point", "coordinates": [-74.003639, 4.560439]}, "properties": {"id": 1148, "autor": "Kithpro", "nombre": "Insecto colombia escarabajo ajedreazado.jpg", "fecha": "2026-05-17 17:33:12", "desc": "Hermosa foto", "img_url": "https://upload.wikimedia.org/wikipedia/commons/c/ca/Insecto_colombia_escarabajo_ajedreazado.jpg", "thumb_url": "https://commons.wikimedia.org/wiki/Special:FilePath/Insecto%20colombia%20escarabajo%20ajedreazado.jpg?width=640", "commons_url": "https://commons.wikimedia.org/wiki/File:Insecto_colombia_escarabajo_ajedreazado.jpg", "map_url": "https://maps.google.com/?q=4.560439,-74.003639", "departamento": "Cundinamarca", "departamento_raw": "CUNDINAMARCA", "region": "Andina", "region_color": "#2563eb"}}, {"type": "Feature", "geometry": {"type": "Point", "coordinates": [-75.263083, 4.965657]}, "properties": {"id": 1160, "autor": "AmiGueko", "nombre": "Iris caminante.jpg", "fecha": "2026-05-24 09:39:34", "desc": "Trimezia Gracilis", "img_url": "https://upload.wikimedia.org/wikipedia/commons/1/18/Iris_caminante.jpg", "thumb_url": "https://commons.wikimedia.org/wiki/Special:FilePath/Iris%20caminante.jpg?width=640", "commons_url": "https://commons.wikimedia.org/wiki/File:Iris_caminante.jpg", "map_url": "https://maps.google.com/?q=4.965657,-75.263083", "departamento": "Tolima", "departamento_raw": "TOLIMA", "region": "Andina", "region_color": "#2563eb"}}, {"type": "Feature", "geometry": {"type": "Point", "coordinates": [-74.040156, 4.864712]}, "properties": {"id": 1161, "autor": "Dalacuel", "nombre": "Iris caminante blanco.jpg", "fecha": "2026-06-21 14:22:13", "desc": "Walking Iris (Neomarica gracilis) \"An elegant iris relative with white petals and delicate purple and yellow markings.\"", "img_url": "https://upload.wikimedia.org/wikipedia/commons/e/ee/Iris_caminante_blanco.jpg", "thumb_url": "https://commons.wikimedia.org/wiki/Special:FilePath/Iris%20caminante%20blanco.jpg?width=640", "commons_url": "https://commons.wikimedia.org/wiki/File:Iris_caminante_blanco.jpg", "map_url": "https://maps.google.com/?q=4.864712,-74.040156", "departamento": "Cundinamarca", "departamento_raw": "CUNDINAMARCA", "region": "Andina", "region_color": "#2563eb"}}, {"type": "Feature", "geometry": {"type": "Point", "coordinates": [-74.239731, 11.209034]}, "properties": {"id": 1162, "autor": "Luifereduardoo", "nombre": "Isla pelicano santa marta.png", "fecha": "2026-05-22 13:41:37", "desc": "Pelican Island Santa Marta", "img_url": "https://upload.wikimedia.org/wikipedia/commons/4/4a/Isla_pelicano_santa_marta.png", "thumb_url": "https://commons.wikimedia.org/wiki/Special:FilePath/Isla%20pelicano%20santa%20marta.png?width=640", "commons_url": "https://commons.wikimedia.org/wiki/File:Isla_pelicano_santa_marta.png", "map_url": "https://maps.google.com/?q=11.209034,-74.239731", "departamento": "Magdalena", "departamento_raw": "MAGDALENA", "region": "Caribe", "region_color": "#0891b2"}}, {"type": "Feature", "geometry": {"type": "Point", "coordinates": [-72.314972, 6.370744]}, "properties": {"id": 1169, "autor": "Nbareschu", "nombre": "Jardín nieve perpetua.jpg", "fecha": "2026-05-07 10:07:00", "desc": "Garden 4500 msnm", "img_url": "https://upload.wikimedia.org/wikipedia/commons/9/97/Jard%C3%ADn_nieve_perpetua.jpg", "thumb_url": "https://commons.wikimedia.org/wiki/Special:FilePath/Jard%C3%ADn%20nieve%20perpetua.jpg?width=640", "commons_url": "https://commons.wikimedia.org/wiki/File:Jard%C3%ADn_nieve_perpetua.jpg", "map_url": "https://maps.google.com/?q=6.370744,-72.314972", "departamento": "Boyaca", "departamento_raw": "BOYACA", "region": "Andina", "region_color": "#2563eb"}}, {"type": "Feature", "geometry": {"type": "Point", "coordinates": [-74.099944, 4.66775]}, "properties": {"id": 1170, "autor": "AmiGueko", "nombre": "Jengibre silvestre.jpg", "fecha": "2026-06-05 09:30:14", "desc": "Jengibre silvestre en ambiente de Selva húmeda Tropical en el Jardín Botánico de Bogotá", "img_url": "https://upload.wikimedia.org/wikipedia/commons/6/6c/Jengibre_silvestre.jpg", "thumb_url": "https://commons.wikimedia.org/wiki/Special:FilePath/Jengibre%20silvestre.jpg?width=640", "commons_url": "https://commons.wikimedia.org/wiki/File:Jengibre_silvestre.jpg", "map_url": "https://maps.google.com/?q=4.667750,-74.099944", "departamento": "Bogotá D.C.", "departamento_raw": "SANTAFE DE BOGOTA D.C", "region": "Andina", "region_color": "#2563eb"}}, {"type": "Feature", "geometry": {"type": "Point", "coordinates": [-74.099944, 4.66775]}, "properties": {"id": 1171, "autor": "AmiGueko", "nombre": "Jengibre silvestre mayo 2026.jpg", "fecha": "2026-06-05 09:30:18", "desc": "Jengibre silvestre en ambiente de Selva húmeda Tropical en el Jardín Botánico de Bogotá", "img_url": "https://upload.wikimedia.org/wikipedia/commons/4/4a/Jengibre_silvestre_mayo_2026.jpg", "thumb_url": "https://commons.wikimedia.org/wiki/Special:FilePath/Jengibre%20silvestre%20mayo%202026.jpg?width=640", "commons_url": "https://commons.wikimedia.org/wiki/File:Jengibre_silvestre_mayo_2026.jpg", "map_url": "https://maps.google.com/?q=4.667750,-74.099944", "departamento": "Bogotá D.C.", "departamento_raw": "SANTAFE DE BOGOTA D.C", "region": "Andina", "region_color": "#2563eb"}}, {"type": "Feature", "geometry": {"type": "Point", "coordinates": [-74.095259, 4.655868]}, "properties": {"id": 1172, "autor": "Natlycu", "nombre": "Jicotea Sudamericana (Trachemys callirostris) en el Parque Metropolitano Simón Bolívar (Bogotá).jpg", "fecha": "2026-06-30 00:51:51", "desc": "Two (2) specimens of trachemys callirostris in Simón Bolívar Metropolitan Park, Bogotá", "img_url": "https://upload.wikimedia.org/wikipedia/commons/5/5b/Jicotea_Sudamericana_%28Trachemys_callirostris%29_en_el_Parque_Metropolitano_Sim%C3%B3n_Bol%C3%ADvar_%28Bogot%C3%A1%29.jpg", "thumb_url": "https://commons.wikimedia.org/wiki/Special:FilePath/Jicotea%20Sudamericana%20%28Trachemys%20callirostris%29%20en%20el%20Parque%20Metropolitano%20Sim%C3%B3n%20Bol%C3%ADvar%20%28Bogot%C3%A1%29.jpg?width=640", "commons_url": "https://commons.wikimedia.org/wiki/File:Jicotea_Sudamericana_(Trachemys_callirostris)_en_el_Parque_Metropolitano_Sim%C3%B3n_Bol%C3%ADvar_(Bogot%C3%A1).jpg", "map_url": "https://maps.google.com/?q=4.655868,-74.095259", "departamento": "Bogotá D.C.", "departamento_raw": "SANTAFE DE BOGOTA D.C", "region": "Andina", "region_color": "#2563eb"}}, {"type": "Feature", "geometry": {"type": "Point", "coordinates": [-74.07034, 4.59449]}, "properties": {"id": 1175, "autor": "KingJo09", "nombre": "Joyas Colgantes.jpg", "fecha": "2026-05-23 21:22:42", "desc": "Una toma vertical que enfoca un racimo de bayas de fucsia maduras suspendidas de una fina rama. Los tonos vino tinto y púrpura oscuro de los frutos reflejan la madurez de la naturaleza, ofreciendo una perspectiva diferente y elegante del ciclo de vida de las flores.", "img_url": "https://upload.wikimedia.org/wikipedia/commons/3/34/Joyas_Colgantes.jpg", "thumb_url": "https://commons.wikimedia.org/wiki/Special:FilePath/Joyas%20Colgantes.jpg?width=640", "commons_url": "https://commons.wikimedia.org/wiki/File:Joyas_Colgantes.jpg", "map_url": "https://maps.google.com/?q=4.594490,-74.070340", "departamento": "Bogotá D.C.", "departamento_raw": "SANTAFE DE BOGOTA D.C", "region": "Andina", "region_color": "#2563eb"}}, {"type": "Feature", "geometry": {"type": "Point", "coordinates": [-74.907119, 5.566203]}, "properties": {"id": 1176, "autor": "JJCL09", "nombre": "Joyas de caldas.jpg", "fecha": "2026-05-05 21:09:25", "desc": "Green jewels of Emerald", "img_url": "https://upload.wikimedia.org/wikipedia/commons/f/fe/Joyas_de_caldas.jpg", "thumb_url": "https://commons.wikimedia.org/wiki/Special:FilePath/Joyas%20de%20caldas.jpg?width=640", "commons_url": "https://commons.wikimedia.org/wiki/File:Joyas_de_caldas.jpg", "map_url": "https://maps.google.com/?q=5.566203,-74.907119", "departamento": "Caldas", "departamento_raw": "CALDAS", "region": "Andina", "region_color": "#2563eb"}}, {"type": "Feature", "geometry": {"type": "Point", "coordinates": [-74.800269, 8.067128]}, "properties": {"id": 1177, "autor": "Elprofeta91", "nombre": "Junin. Llegando a Nechí.jpg", "fecha": "2026-05-25 17:24:43", "desc": "Camino natural", "img_url": "https://upload.wikimedia.org/wikipedia/commons/a/a3/Junin._Llegando_a_Nech%C3%AD.jpg", "thumb_url": "https://commons.wikimedia.org/wiki/Special:FilePath/Junin.%20Llegando%20a%20Nech%C3%AD.jpg?width=640", "commons_url": "https://commons.wikimedia.org/wiki/File:Junin._Llegando_a_Nech%C3%AD.jpg", "map_url": "https://maps.google.com/?q=8.067128,-74.800269", "departamento": "Antioquia", "departamento_raw": "ANTIOQUIA", "region": "Andina", "region_color": "#2563eb"}}, {"type": "Feature", "geometry": {"type": "Point", "coordinates": [-74.099944, 4.66775]}, "properties": {"id": 1180, "autor": "AmiGueko", "nombre": "Kalanchoe oreja de Elefante.jpg", "fecha": "2026-06-05 09:30:19", "desc": "Kalanchoe oreja de Elefante en Jardín Botánico de Bogotá", "img_url": "https://upload.wikimedia.org/wikipedia/commons/4/49/Kalanchoe_oreja_de_Elefante.jpg", "thumb_url": "https://commons.wikimedia.org/wiki/Special:FilePath/Kalanchoe%20oreja%20de%20Elefante.jpg?width=640", "commons_url": "https://commons.wikimedia.org/wiki/File:Kalanchoe_oreja_de_Elefante.jpg", "map_url": "https://maps.google.com/?q=4.667750,-74.099944", "departamento": "Bogotá D.C.", "departamento_raw": "SANTAFE DE BOGOTA D.C", "region": "Andina", "region_color": "#2563eb"}}, {"type": "Feature", "geometry": {"type": "Point", "coordinates": [-74.099944, 4.66775]}, "properties": {"id": 1181, "autor": "AmiGueko", "nombre": "Kalanchoe oreja de elefante.jpg", "fecha": "2026-06-05 09:30:22", "desc": "Kalanchoe oreja de elefante en Jardin Botánico de Bogotá", "img_url": "https://upload.wikimedia.org/wikipedia/commons/6/60/Kalanchoe_oreja_de_elefante.jpg", "thumb_url": "https://commons.wikimedia.org/wiki/Special:FilePath/Kalanchoe%20oreja%20de%20elefante.jpg?width=640", "commons_url": "https://commons.wikimedia.org/wiki/File:Kalanchoe_oreja_de_elefante.jpg", "map_url": "https://maps.google.com/?q=4.667750,-74.099944", "departamento": "Bogotá D.C.", "departamento_raw": "SANTAFE DE BOGOTA D.C", "region": "Andina", "region_color": "#2563eb"}}, {"type": "Feature", "geometry": {"type": "Point", "coordinates": [-73.3132, 5.3759]}, "properties": {"id": 1182, "autor": "Supertita", "nombre": "Kangaroo Paw-Anigozanthos-.jpg", "fecha": "2026-06-19 14:37:13", "desc": "Kangaroo Paw flower (Anigozanthos)", "img_url": "https://upload.wikimedia.org/wikipedia/commons/5/55/Kangaroo_Paw-Anigozanthos-.jpg", "thumb_url": "https://commons.wikimedia.org/wiki/Special:FilePath/Kangaroo%20Paw-Anigozanthos-.jpg?width=640", "commons_url": "https://commons.wikimedia.org/wiki/File:Kangaroo_Paw-Anigozanthos-.jpg", "map_url": "https://maps.google.com/?q=5.375900,-7.331320", "departamento": "Boyaca", "departamento_raw": "BOYACA", "region": "Andina", "region_color": "#2563eb"}}, {"type": "Feature", "geometry": {"type": "Point", "coordinates": [-77.377358, 3.957875]}, "properties": {"id": 1184, "autor": "Lamoraleja", "nombre": "La Barra Pacifico colombiano.jpg", "fecha": "2026-05-07 14:00:27", "desc": "Puedes pensar que esto es el Salar de Uyuni en Bolivia, sin embargo, está playa está ubicada en Buenaventura en el pacifico colombiano.", "img_url": "https://upload.wikimedia.org/wikipedia/commons/4/49/La_Barra_Pacifico_colombiano.jpg", "thumb_url": "https://commons.wikimedia.org/wiki/Special:FilePath/La%20Barra%20Pacifico%20colombiano.jpg?width=640", "commons_url": "https://commons.wikimedia.org/wiki/File:La_Barra_Pacifico_colombiano.jpg", "map_url": "https://maps.google.com/?q=3.957875,-77.377358", "departamento": "Valle del Cauca", "departamento_raw": "VALLE DEL CAUCA", "region": "Pacífica", "region_color": "#059669"}}, {"type": "Feature", "geometry": {"type": "Point", "coordinates": [-74.07034, 4.59449]}, "properties": {"id": 1189, "autor": "KingJo09", "nombre": "La Mariposa Morada.jpg", "fecha": "2026-05-23 21:22:50", "desc": "Un plano detalle de la exótica flor de Polígala, cuyo vibrante tono magenta y peculiar estructura central acaparan toda la atención. Las hojas verdes del fondo quedan en un suave desenfoque, haciendo que los pétalos y sus delicados filamentos parezcan cobrar vida propia.", "img_url": "https://upload.wikimedia.org/wikipedia/commons/5/59/La_Mariposa_Morada.jpg", "thumb_url": "https://commons.wikimedia.org/wiki/Special:FilePath/La%20Mariposa%20Morada.jpg?width=640", "commons_url": "https://commons.wikimedia.org/wiki/File:La_Mariposa_Morada.jpg", "map_url": "https://maps.google.com/?q=4.594490,-74.070340", "departamento": "Bogotá D.C.", "departamento_raw": "SANTAFE DE BOGOTA D.C", "region": "Andina", "region_color": "#2563eb"}}, {"type": "Feature", "geometry": {"type": "Point", "coordinates": [-74.050662, 4.848476]}, "properties": {"id": 1190, "autor": "Rodrigomacrophoto", "nombre": "La belleza de las polillas tigre. Erebidae, Actiinae.jpg", "fecha": "2026-05-04 20:06:14", "desc": "Polilla perteneciente a la familia Eerebidae, subfamilia Arctniinae. Chia, Cundinamarca", "img_url": "https://upload.wikimedia.org/wikipedia/commons/0/07/La_belleza_de_las_polillas_tigre._Erebidae%2C_Actiinae.jpg", "thumb_url": "https://commons.wikimedia.org/wiki/Special:FilePath/La%20belleza%20de%20las%20polillas%20tigre.%20Erebidae%2C%20Actiinae.jpg?width=640", "commons_url": "https://commons.wikimedia.org/wiki/File:La_belleza_de_las_polillas_tigre._Erebidae,_Actiinae.jpg", "map_url": "https://maps.google.com/?q=4.848476,-74.050662", "departamento": "Cundinamarca", "departamento_raw": "CUNDINAMARCA", "region": "Andina", "region_color": "#2563eb"}}, {"type": "Feature", "geometry": {"type": "Point", "coordinates": [-74.146794, 4.172187]}, "properties": {"id": 1196, "autor": "Zolsemiya", "nombre": "La mosca que quería ser abeja.jpg", "fecha": "2026-06-30 17:58:51", "desc": "La mosca que quería ser abeja", "img_url": "https://upload.wikimedia.org/wikipedia/commons/1/1e/La_mosca_que_quer%C3%ADa_ser_abeja.jpg", "thumb_url": "https://commons.wikimedia.org/wiki/Special:FilePath/La%20mosca%20que%20quer%C3%ADa%20ser%20abeja.jpg?width=640", "commons_url": "https://commons.wikimedia.org/wiki/File:La_mosca_que_quer%C3%ADa_ser_abeja.jpg", "map_url": "https://maps.google.com/?q=4.172187,-74.146794", "departamento": "Cundinamarca", "departamento_raw": "CUNDINAMARCA", "region": "Andina", "region_color": "#2563eb"}}, {"type": "Feature", "geometry": {"type": "Point", "coordinates": [-73.9953, 5.136483]}, "properties": {"id": 1197, "autor": "JuanitoCISF", "nombre": "La niebla en el Páramo.jpg", "fecha": "2026-05-28 10:29:46", "desc": "Las vistas que se tienen en el Páramo Guerrero", "img_url": "https://upload.wikimedia.org/wikipedia/commons/e/e4/La_niebla_en_el_P%C3%A1ramo.jpg", "thumb_url": "https://commons.wikimedia.org/wiki/Special:FilePath/La%20niebla%20en%20el%20P%C3%A1ramo.jpg?width=640", "commons_url": "https://commons.wikimedia.org/wiki/File:La_niebla_en_el_P%C3%A1ramo.jpg", "map_url": "https://maps.google.com/?q=5.136483,-73.995300", "departamento": "Cundinamarca", "departamento_raw": "CUNDINAMARCA", "region": "Andina", "region_color": "#2563eb"}}, {"type": "Feature", "geometry": {"type": "Point", "coordinates": [-75.165556, 6.218333]}, "properties": {"id": 1198, "autor": "Sebastiánlic23", "nombre": "La piedra el Penol vista desde el embalse del Peñol.jpg", "fecha": "2026-06-03 14:53:20", "desc": "The rock of El Peñol seen from the El Peñol reservoir.", "img_url": "https://upload.wikimedia.org/wikipedia/commons/e/e7/La_piedra_el_Penol_vista_desde_el_embalse_del_Pe%C3%B1ol.jpg", "thumb_url": "https://commons.wikimedia.org/wiki/Special:FilePath/La%20piedra%20el%20Penol%20vista%20desde%20el%20embalse%20del%20Pe%C3%B1ol.jpg?width=640", "commons_url": "https://commons.wikimedia.org/wiki/File:La_piedra_el_Penol_vista_desde_el_embalse_del_Pe%C3%B1ol.jpg", "map_url": "https://maps.google.com/?q=6.218333,-75.165556", "departamento": "Antioquia", "departamento_raw": "ANTIOQUIA", "region": "Andina", "region_color": "#2563eb"}}, {"type": "Feature", "geometry": {"type": "Point", "coordinates": [-75.923736, 4.258757]}, "properties": {"id": 1201, "autor": "Sebastian Durango", "nombre": "LA TOMA SEVILLA VALLE DEL CAUCA.jpg", "fecha": "2026-06-26 22:11:30", "desc": "Ecolandia, un parque ecológico en Sevilla Valle del Cauca", "img_url": "https://upload.wikimedia.org/wikipedia/commons/e/ef/LA_TOMA_SEVILLA_VALLE_DEL_CAUCA.jpg", "thumb_url": "https://commons.wikimedia.org/wiki/Special:FilePath/LA%20TOMA%20SEVILLA%20VALLE%20DEL%20CAUCA.jpg?width=640", "commons_url": "https://commons.wikimedia.org/wiki/File:LA_TOMA_SEVILLA_VALLE_DEL_CAUCA.jpg", "map_url": "https://maps.google.com/?q=4.258757,-75.923736", "departamento": "Valle del Cauca", "departamento_raw": "VALLE DEL CAUCA", "region": "Pacífica", "region_color": "#059669"}}, {"type": "Feature", "geometry": {"type": "Point", "coordinates": [-75.923736, 4.258757]}, "properties": {"id": 1202, "autor": "Sebastian Durango", "nombre": "LA TOMA SEVILLA VALLE DEL CAUCA FAUNA.jpg", "fecha": "2026-06-26 22:11:33", "desc": "Ecolandia, un parque ecológico en Sevilla Valle del Cauca", "img_url": "https://upload.wikimedia.org/wikipedia/commons/e/e2/LA_TOMA_SEVILLA_VALLE_DEL_CAUCA_FAUNA.jpg", "thumb_url": "https://commons.wikimedia.org/wiki/Special:FilePath/LA%20TOMA%20SEVILLA%20VALLE%20DEL%20CAUCA%20FAUNA.jpg?width=640", "commons_url": "https://commons.wikimedia.org/wiki/File:LA_TOMA_SEVILLA_VALLE_DEL_CAUCA_FAUNA.jpg", "map_url": "https://maps.google.com/?q=4.258757,-75.923736", "departamento": "Valle del Cauca", "departamento_raw": "VALLE DEL CAUCA", "region": "Pacífica", "region_color": "#059669"}}, {"type": "Feature", "geometry": {"type": "Point", "coordinates": [-75.923736, 4.258757]}, "properties": {"id": 1203, "autor": "Sebastian Durango", "nombre": "LA TOMA SEVILLA VALLE DEL CAUCA FLORA.jpg", "fecha": "2026-06-26 22:11:34", "desc": "Ecolandia, un parque ecológico en Sevilla Valle del Cauca", "img_url": "https://upload.wikimedia.org/wikipedia/commons/d/da/LA_TOMA_SEVILLA_VALLE_DEL_CAUCA_FLORA.jpg", "thumb_url": "https://commons.wikimedia.org/wiki/Special:FilePath/LA%20TOMA%20SEVILLA%20VALLE%20DEL%20CAUCA%20FLORA.jpg?width=640", "commons_url": "https://commons.wikimedia.org/wiki/File:LA_TOMA_SEVILLA_VALLE_DEL_CAUCA_FLORA.jpg", "map_url": "https://maps.google.com/?q=4.258757,-75.923736", "departamento": "Valle del Cauca", "departamento_raw": "VALLE DEL CAUCA", "region": "Pacífica", "region_color": "#059669"}}, {"type": "Feature", "geometry": {"type": "Point", "coordinates": [-75.923736, 4.258757]}, "properties": {"id": 1204, "autor": "Sebastian Durango", "nombre": "LA TOMA SEVILLA VALLE DEL CAUCA FORESTAL.jpg", "fecha": "2026-06-26 22:11:38", "desc": "Ecolandia, un parque ecológico en Sevilla Valle del Cauca", "img_url": "https://upload.wikimedia.org/wikipedia/commons/d/de/LA_TOMA_SEVILLA_VALLE_DEL_CAUCA_FORESTAL.jpg", "thumb_url": "https://commons.wikimedia.org/wiki/Special:FilePath/LA%20TOMA%20SEVILLA%20VALLE%20DEL%20CAUCA%20FORESTAL.jpg?width=640", "commons_url": "https://commons.wikimedia.org/wiki/File:LA_TOMA_SEVILLA_VALLE_DEL_CAUCA_FORESTAL.jpg", "map_url": "https://maps.google.com/?q=4.258757,-75.923736", "departamento": "Valle del Cauca", "departamento_raw": "VALLE DEL CAUCA", "region": "Pacífica", "region_color": "#059669"}}, {"type": "Feature", "geometry": {"type": "Point", "coordinates": [-75.923736, 4.258757]}, "properties": {"id": 1205, "autor": "Sebastian Durango", "nombre": "LA TOMA SEVILLA VALLE DEL CAUCA SENDERO.jpg", "fecha": "2026-06-26 22:11:34", "desc": "Ecolandia, un parque ecológico en Sevilla Valle del Cauca", "img_url": "https://upload.wikimedia.org/wikipedia/commons/8/83/LA_TOMA_SEVILLA_VALLE_DEL_CAUCA_SENDERO.jpg", "thumb_url": "https://commons.wikimedia.org/wiki/Special:FilePath/LA%20TOMA%20SEVILLA%20VALLE%20DEL%20CAUCA%20SENDERO.jpg?width=640", "commons_url": "https://commons.wikimedia.org/wiki/File:LA_TOMA_SEVILLA_VALLE_DEL_CAUCA_SENDERO.jpg", "map_url": "https://maps.google.com/?q=4.258757,-75.923736", "departamento": "Valle del Cauca", "departamento_raw": "VALLE DEL CAUCA", "region": "Pacífica", "region_color": "#059669"}}, {"type": "Feature", "geometry": {"type": "Point", "coordinates": [-75.923736, 4.258757]}, "properties": {"id": 1206, "autor": "Sebastian Durango", "nombre": "LA TOMA SEVILLA VALLE DEL CAUCA SENDERO 2.jpg", "fecha": "2026-06-26 22:11:37", "desc": "Ecolandia, un parque ecológico en Sevilla Valle del Cauca", "img_url": "https://upload.wikimedia.org/wikipedia/commons/e/ed/LA_TOMA_SEVILLA_VALLE_DEL_CAUCA_SENDERO_2.jpg", "thumb_url": "https://commons.wikimedia.org/wiki/Special:FilePath/LA%20TOMA%20SEVILLA%20VALLE%20DEL%20CAUCA%20SENDERO%202.jpg?width=640", "commons_url": "https://commons.wikimedia.org/wiki/File:LA_TOMA_SEVILLA_VALLE_DEL_CAUCA_SENDERO_2.jpg", "map_url": "https://maps.google.com/?q=4.258757,-75.923736", "departamento": "Valle del Cauca", "departamento_raw": "VALLE DEL CAUCA", "region": "Pacífica", "region_color": "#059669"}}, {"type": "Feature", "geometry": {"type": "Point", "coordinates": [-75.923736, 4.258757]}, "properties": {"id": 1207, "autor": "Sebastian Durango", "nombre": "LA TOMA SEVILLA VALLE DEL CAUCA SUELO.jpg", "fecha": "2026-06-26 22:11:40", "desc": "Ecolandia, un parque ecológico en Sevilla Valle del Cauca", "img_url": "https://upload.wikimedia.org/wikipedia/commons/a/ac/LA_TOMA_SEVILLA_VALLE_DEL_CAUCA_SUELO.jpg", "thumb_url": "https://commons.wikimedia.org/wiki/Special:FilePath/LA%20TOMA%20SEVILLA%20VALLE%20DEL%20CAUCA%20SUELO.jpg?width=640", "commons_url": "https://commons.wikimedia.org/wiki/File:LA_TOMA_SEVILLA_VALLE_DEL_CAUCA_SUELO.jpg", "map_url": "https://maps.google.com/?q=4.258757,-75.923736", "departamento": "Valle del Cauca", "departamento_raw": "VALLE DEL CAUCA", "region": "Pacífica", "region_color": "#059669"}}, {"type": "Feature", "geometry": {"type": "Point", "coordinates": [-75.923736, 4.258757]}, "properties": {"id": 1208, "autor": "Sebastian Durango", "nombre": "LA TOMA SEVILLA VALLE DEL CAUCA VEGETACIÓN.jpg", "fecha": "2026-06-26 22:11:37", "desc": "Ecolandia, un parque ecológico en Sevilla Valle del Cauca", "img_url": "https://upload.wikimedia.org/wikipedia/commons/6/62/LA_TOMA_SEVILLA_VALLE_DEL_CAUCA_VEGETACI%C3%93N.jpg", "thumb_url": "https://commons.wikimedia.org/wiki/Special:FilePath/LA%20TOMA%20SEVILLA%20VALLE%20DEL%20CAUCA%20VEGETACI%C3%93N.jpg?width=640", "commons_url": "https://commons.wikimedia.org/wiki/File:LA_TOMA_SEVILLA_VALLE_DEL_CAUCA_VEGETACI%C3%93N.jpg", "map_url": "https://maps.google.com/?q=4.258757,-75.923736", "departamento": "Valle del Cauca", "departamento_raw": "VALLE DEL CAUCA", "region": "Pacífica", "region_color": "#059669"}}, {"type": "Feature", "geometry": {"type": "Point", "coordinates": [-74.786253, 8.072169]}, "properties": {"id": 1213, "autor": "Elprofeta91", "nombre": "La vaca que come.jpg", "fecha": "2026-05-05 18:59:14", "desc": "Una finca en Nechí", "img_url": "https://upload.wikimedia.org/wikipedia/commons/5/53/La_vaca_que_come.jpg", "thumb_url": "https://commons.wikimedia.org/wiki/Special:FilePath/La%20vaca%20que%20come.jpg?width=640", "commons_url": "https://commons.wikimedia.org/wiki/File:La_vaca_que_come.jpg", "map_url": "https://maps.google.com/?q=8.072169,-74.786253", "departamento": "Antioquia", "departamento_raw": "ANTIOQUIA", "region": "Andina", "region_color": "#2563eb"}}, {"type": "Feature", "geometry": {"type": "Point", "coordinates": [-74.0479, 4.575927]}, "properties": {"id": 1217, "autor": "Sophy Martinez", "nombre": "Lacaria (Laccaria laccata).jpg", "fecha": "2026-06-29 01:40:02", "desc": "Pequeña lacaria cobriza (Laccaria laccata), emergiendo entre los musgos de los Cerros Orientales de Bogotá.", "img_url": "https://upload.wikimedia.org/wikipedia/commons/d/dc/Lacaria_%28Laccaria_laccata%29.jpg", "thumb_url": "https://commons.wikimedia.org/wiki/Special:FilePath/Lacaria%20%28Laccaria%20laccata%29.jpg?width=640", "commons_url": "https://commons.wikimedia.org/wiki/File:Lacaria_(Laccaria_laccata).jpg", "map_url": "https://maps.google.com/?q=4.575927,-74.047900", "departamento": "Bogotá D.C.", "departamento_raw": "SANTAFE DE BOGOTA D.C", "region": "Andina", "region_color": "#2563eb"}}, {"type": "Feature", "geometry": {"type": "Point", "coordinates": [-73.627109, 1.675855]}, "properties": {"id": 1228, "autor": "Sebasgr05", "nombre": "Lagothrix lagotricha lagotricha.jpg", "fecha": "2026-06-05 09:55:37", "desc": "Common Woolly Monkey", "img_url": "https://upload.wikimedia.org/wikipedia/commons/8/85/Lagothrix_lagotricha_lagotricha.jpg", "thumb_url": "https://commons.wikimedia.org/wiki/Special:FilePath/Lagothrix%20lagotricha%20lagotricha.jpg?width=640", "commons_url": "https://commons.wikimedia.org/wiki/File:Lagothrix_lagotricha_lagotricha.jpg", "map_url": "https://maps.google.com/?q=1.675855,-73.627109", "departamento": "Guaviare", "departamento_raw": "GUAVIARE", "region": "Amazonía", "region_color": "#15803d"}}, {"type": "Feature", "geometry": {"type": "Point", "coordinates": [-74.3276, 5.0294]}, "properties": {"id": 1230, "autor": "Supertita", "nombre": "Laguna El Tabacal la Vega-Bosque de guadua-reserva natural y área de conservación.jpg", "fecha": "2026-06-19 18:19:27", "desc": "La Laguna El Tabacal, La Vega, Cundinamarca, La Laguna del Tabacal es una reserva natural y área de conservación administrada como parque ecológico", "img_url": "https://upload.wikimedia.org/wikipedia/commons/e/e1/Laguna_El_Tabacal_la_Vega-Bosque_de_guadua-reserva_natural_y_%C3%A1rea_de_conservaci%C3%B3n.jpg", "thumb_url": "https://commons.wikimedia.org/wiki/Special:FilePath/Laguna%20El%20Tabacal%20la%20Vega-Bosque%20de%20guadua-reserva%20natural%20y%20%C3%A1rea%20de%20conservaci%C3%B3n.jpg?width=640", "commons_url": "https://commons.wikimedia.org/wiki/File:Laguna_El_Tabacal_la_Vega-Bosque_de_guadua-reserva_natural_y_%C3%A1rea_de_conservaci%C3%B3n.jpg", "map_url": "https://maps.google.com/?q=5.029400,-74.327600", "departamento": "Cundinamarca", "departamento_raw": "CUNDINAMARCA", "region": "Andina", "region_color": "#2563eb"}}, {"type": "Feature", "geometry": {"type": "Point", "coordinates": [-72.317877, 6.397117]}, "properties": {"id": 1236, "autor": "Luifereduardoo", "nombre": "Laguna cocuy.jpg", "fecha": "2026-05-22 13:24:31", "desc": "laguna cocuy", "img_url": "https://upload.wikimedia.org/wikipedia/commons/9/9d/Laguna_cocuy.jpg", "thumb_url": "https://commons.wikimedia.org/wiki/Special:FilePath/Laguna%20cocuy.jpg?width=640", "commons_url": "https://commons.wikimedia.org/wiki/File:Laguna_cocuy.jpg", "map_url": "https://maps.google.com/?q=6.397117,-72.317877", "departamento": "Boyaca", "departamento_raw": "BOYACA", "region": "Andina", "region_color": "#2563eb"}}, {"type": "Feature", "geometry": {"type": "Point", "coordinates": [-76.073889, 1.960833]}, "properties": {"id": 1238, "autor": "Mottenpriesterin", "nombre": "Laguna de Guaitipán, near Pitalito, Huila, 2025.jpg", "fecha": "2026-06-29 22:04:40", "desc": "A pristine natural lagoon located in the Huila Department, serving as an important local ecosystem and a place steeped in regional history and mythology.", "img_url": "https://upload.wikimedia.org/wikipedia/commons/0/0c/Laguna_de_Guaitip%C3%A1n%2C_near_Pitalito%2C_Huila%2C_2025.jpg", "thumb_url": "https://commons.wikimedia.org/wiki/Special:FilePath/Laguna%20de%20Guaitip%C3%A1n%2C%20near%20Pitalito%2C%20Huila%2C%202025.jpg?width=640", "commons_url": "https://commons.wikimedia.org/wiki/File:Laguna_de_Guaitip%C3%A1n,_near_Pitalito,_Huila,_2025.jpg", "map_url": "https://maps.google.com/?q=1.960833,-76.073889", "departamento": "Huila", "departamento_raw": "HUILA", "region": "Andina", "region_color": "#2563eb"}}, {"type": "Feature", "geometry": {"type": "Point", "coordinates": [-73.555839, 5.628797]}, "properties": {"id": 1241, "autor": "JuanitoCISF", "nombre": "Laguna de hojas.jpg", "fecha": "2026-05-28 10:51:44", "desc": "Pequeña y escondida laguna en las afueras de Villa de Leyva", "img_url": "https://upload.wikimedia.org/wikipedia/commons/4/47/Laguna_de_hojas.jpg", "thumb_url": "https://commons.wikimedia.org/wiki/Special:FilePath/Laguna%20de%20hojas.jpg?width=640", "commons_url": "https://commons.wikimedia.org/wiki/File:Laguna_de_hojas.jpg", "map_url": "https://maps.google.com/?q=5.628797,-73.555839", "departamento": "Boyaca", "departamento_raw": "BOYACA", "region": "Andina", "region_color": "#2563eb"}}, {"type": "Feature", "geometry": {"type": "Point", "coordinates": [-72.317877, 6.397117]}, "properties": {"id": 1248, "autor": "Luifereduardoo", "nombre": "Laguna grande cocuy.jpg", "fecha": "2026-05-22 13:24:29", "desc": "Laguna Grande Cocuy", "img_url": "https://upload.wikimedia.org/wikipedia/commons/0/01/Laguna_grande_cocuy.jpg", "thumb_url": "https://commons.wikimedia.org/wiki/Special:FilePath/Laguna%20grande%20cocuy.jpg?width=640", "commons_url": "https://commons.wikimedia.org/wiki/File:Laguna_grande_cocuy.jpg", "map_url": "https://maps.google.com/?q=6.397117,-72.317877", "departamento": "Boyaca", "departamento_raw": "BOYACA", "region": "Andina", "region_color": "#2563eb"}}, {"type": "Feature", "geometry": {"type": "Point", "coordinates": [-77.273842, 5.704187]}, "properties": {"id": 1256, "autor": "Diferoch", "nombre": "Landscape of Nuquí, Chocó, Colombia - 21 Oct 2025 - Diferoch - 1.jpg", "fecha": "2026-06-24 13:54:01", "desc": "Coastal zone (Pacific Ocean) of Nuquí, Chocó, Colombia.", "img_url": "https://upload.wikimedia.org/wikipedia/commons/a/aa/Landscape_of_Nuqu%C3%AD%2C_Choc%C3%B3%2C_Colombia_-_21_Oct_2025_-_Diferoch_-_1.jpg", "thumb_url": "https://commons.wikimedia.org/wiki/Special:FilePath/Landscape%20of%20Nuqu%C3%AD%2C%20Choc%C3%B3%2C%20Colombia%20-%2021%20Oct%202025%20-%20Diferoch%20-%201.jpg?width=640", "commons_url": "https://commons.wikimedia.org/wiki/File:Landscape_of_Nuqu%C3%AD,_Choc%C3%B3,_Colombia_-_21_Oct_2025_-_Diferoch_-_1.jpg", "map_url": "https://maps.google.com/?q=5.704187,-77.273842", "departamento": "Choco", "departamento_raw": "CHOCO", "region": "Pacífica", "region_color": "#059669"}}, {"type": "Feature", "geometry": {"type": "Point", "coordinates": [-77.273865, 5.704187]}, "properties": {"id": 1257, "autor": "Diferoch", "nombre": "Landscape of Nuquí, Chocó, Colombia - 21 Oct 2025 - Diferoch - 2.jpg", "fecha": "2026-06-24 13:54:02", "desc": "Coastal zone (Pacific Ocean) of Nuquí, Chocó, Colombia.", "img_url": "https://upload.wikimedia.org/wikipedia/commons/a/a6/Landscape_of_Nuqu%C3%AD%2C_Choc%C3%B3%2C_Colombia_-_21_Oct_2025_-_Diferoch_-_2.jpg", "thumb_url": "https://commons.wikimedia.org/wiki/Special:FilePath/Landscape%20of%20Nuqu%C3%AD%2C%20Choc%C3%B3%2C%20Colombia%20-%2021%20Oct%202025%20-%20Diferoch%20-%202.jpg?width=640", "commons_url": "https://commons.wikimedia.org/wiki/File:Landscape_of_Nuqu%C3%AD,_Choc%C3%B3,_Colombia_-_21_Oct_2025_-_Diferoch_-_2.jpg", "map_url": "https://maps.google.com/?q=5.704187,-77.273865", "departamento": "Choco", "departamento_raw": "CHOCO", "region": "Pacífica", "region_color": "#059669"}}, {"type": "Feature", "geometry": {"type": "Point", "coordinates": [-77.275017, 5.704463]}, "properties": {"id": 1258, "autor": "Diferoch", "nombre": "Landscape of Nuquí, Chocó, Colombia - 21 Oct 2025 - Diferoch - 3.jpg", "fecha": "2026-06-24 13:54:07", "desc": "Coastal zone (Pacific Ocean) of Nuquí, Chocó, Colombia.", "img_url": "https://upload.wikimedia.org/wikipedia/commons/1/1e/Landscape_of_Nuqu%C3%AD%2C_Choc%C3%B3%2C_Colombia_-_21_Oct_2025_-_Diferoch_-_3.jpg", "thumb_url": "https://commons.wikimedia.org/wiki/Special:FilePath/Landscape%20of%20Nuqu%C3%AD%2C%20Choc%C3%B3%2C%20Colombia%20-%2021%20Oct%202025%20-%20Diferoch%20-%203.jpg?width=640", "commons_url": "https://commons.wikimedia.org/wiki/File:Landscape_of_Nuqu%C3%AD,_Choc%C3%B3,_Colombia_-_21_Oct_2025_-_Diferoch_-_3.jpg", "map_url": "https://maps.google.com/?q=5.704463,-77.275017", "departamento": "Choco", "departamento_raw": "CHOCO", "region": "Pacífica", "region_color": "#059669"}}, {"type": "Feature", "geometry": {"type": "Point", "coordinates": [-77.507438, 5.612718]}, "properties": {"id": 1259, "autor": "Diferoch", "nombre": "Landscape of Nuquí, Chocó, Colombia - 21 Oct 2025 - Diferoch - 4.jpg", "fecha": "2026-06-24 13:54:07", "desc": "Coastal zone (Pacific Ocean) of Nuquí, Chocó, Colombia. The fin of an individual of Megaptera novaeangliae australis can be observed.", "img_url": "https://upload.wikimedia.org/wikipedia/commons/3/3a/Landscape_of_Nuqu%C3%AD%2C_Choc%C3%B3%2C_Colombia_-_21_Oct_2025_-_Diferoch_-_4.jpg", "thumb_url": "https://commons.wikimedia.org/wiki/Special:FilePath/Landscape%20of%20Nuqu%C3%AD%2C%20Choc%C3%B3%2C%20Colombia%20-%2021%20Oct%202025%20-%20Diferoch%20-%204.jpg?width=640", "commons_url": "https://commons.wikimedia.org/wiki/File:Landscape_of_Nuqu%C3%AD,_Choc%C3%B3,_Colombia_-_21_Oct_2025_-_Diferoch_-_4.jpg", "map_url": "https://maps.google.com/?q=5.612718,-77.507438", "departamento": "Choco", "departamento_raw": "CHOCO", "region": "Pacífica", "region_color": "#059669"}}, {"type": "Feature", "geometry": {"type": "Point", "coordinates": [-77.507042, 5.612897]}, "properties": {"id": 1260, "autor": "Diferoch", "nombre": "Landscape of Nuquí, Chocó, Colombia - 21 Oct 2025 - Diferoch - 5.jpg", "fecha": "2026-06-24 13:54:12", "desc": "Coastal zone (Pacific Ocean) of Nuquí, Chocó, Colombia.", "img_url": "https://upload.wikimedia.org/wikipedia/commons/e/e1/Landscape_of_Nuqu%C3%AD%2C_Choc%C3%B3%2C_Colombia_-_21_Oct_2025_-_Diferoch_-_5.jpg", "thumb_url": "https://commons.wikimedia.org/wiki/Special:FilePath/Landscape%20of%20Nuqu%C3%AD%2C%20Choc%C3%B3%2C%20Colombia%20-%2021%20Oct%202025%20-%20Diferoch%20-%205.jpg?width=640", "commons_url": "https://commons.wikimedia.org/wiki/File:Landscape_of_Nuqu%C3%AD,_Choc%C3%B3,_Colombia_-_21_Oct_2025_-_Diferoch_-_5.jpg", "map_url": "https://maps.google.com/?q=5.612897,-77.507042", "departamento": "Choco", "departamento_raw": "CHOCO", "region": "Pacífica", "region_color": "#059669"}}, {"type": "Feature", "geometry": {"type": "Point", "coordinates": [-77.420837, 5.625025]}, "properties": {"id": 1261, "autor": "Diferoch", "nombre": "Landscape of Nuquí, Chocó, Colombia - 22 Oct 2025 - Diferoch - 1.jpg", "fecha": "2026-06-24 23:42:55", "desc": "Coastal zone (Pacific Ocean) of Nuquí, Chocó, Colombia.", "img_url": "https://upload.wikimedia.org/wikipedia/commons/0/00/Landscape_of_Nuqu%C3%AD%2C_Choc%C3%B3%2C_Colombia_-_22_Oct_2025_-_Diferoch_-_1.jpg", "thumb_url": "https://commons.wikimedia.org/wiki/Special:FilePath/Landscape%20of%20Nuqu%C3%AD%2C%20Choc%C3%B3%2C%20Colombia%20-%2022%20Oct%202025%20-%20Diferoch%20-%201.jpg?width=640", "commons_url": "https://commons.wikimedia.org/wiki/File:Landscape_of_Nuqu%C3%AD,_Choc%C3%B3,_Colombia_-_22_Oct_2025_-_Diferoch_-_1.jpg", "map_url": "https://maps.google.com/?q=5.625025,-77.420837", "departamento": "Choco", "departamento_raw": "CHOCO", "region": "Pacífica", "region_color": "#059669"}}, {"type": "Feature", "geometry": {"type": "Point", "coordinates": [-77.423905, 5.622952]}, "properties": {"id": 1262, "autor": "Diferoch", "nombre": "Landscape of Nuquí, Chocó, Colombia - 22 Oct 2025 - Diferoch - 10.jpg", "fecha": "2026-06-24 23:43:17", "desc": "Coastal zone (Pacific Ocean) of Nuquí, Chocó, Colombia.", "img_url": "https://upload.wikimedia.org/wikipedia/commons/a/a8/Landscape_of_Nuqu%C3%AD%2C_Choc%C3%B3%2C_Colombia_-_22_Oct_2025_-_Diferoch_-_10.jpg", "thumb_url": "https://commons.wikimedia.org/wiki/Special:FilePath/Landscape%20of%20Nuqu%C3%AD%2C%20Choc%C3%B3%2C%20Colombia%20-%2022%20Oct%202025%20-%20Diferoch%20-%2010.jpg?width=640", "commons_url": "https://commons.wikimedia.org/wiki/File:Landscape_of_Nuqu%C3%AD,_Choc%C3%B3,_Colombia_-_22_Oct_2025_-_Diferoch_-_10.jpg", "map_url": "https://maps.google.com/?q=5.622952,-77.423905", "departamento": "Choco", "departamento_raw": "CHOCO", "region": "Pacífica", "region_color": "#059669"}}, {"type": "Feature", "geometry": {"type": "Point", "coordinates": [-77.420762, 5.625015]}, "properties": {"id": 1263, "autor": "Diferoch", "nombre": "Landscape of Nuquí, Chocó, Colombia - 22 Oct 2025 - Diferoch - 2.jpg", "fecha": "2026-06-24 23:42:55", "desc": "Coastal zone (Pacific Ocean) of Nuquí, Chocó, Colombia.", "img_url": "https://upload.wikimedia.org/wikipedia/commons/8/8b/Landscape_of_Nuqu%C3%AD%2C_Choc%C3%B3%2C_Colombia_-_22_Oct_2025_-_Diferoch_-_2.jpg", "thumb_url": "https://commons.wikimedia.org/wiki/Special:FilePath/Landscape%20of%20Nuqu%C3%AD%2C%20Choc%C3%B3%2C%20Colombia%20-%2022%20Oct%202025%20-%20Diferoch%20-%202.jpg?width=640", "commons_url": "https://commons.wikimedia.org/wiki/File:Landscape_of_Nuqu%C3%AD,_Choc%C3%B3,_Colombia_-_22_Oct_2025_-_Diferoch_-_2.jpg", "map_url": "https://maps.google.com/?q=5.625015,-77.420762", "departamento": "Choco", "departamento_raw": "CHOCO", "region": "Pacífica", "region_color": "#059669"}}, {"type": "Feature", "geometry": {"type": "Point", "coordinates": [-77.420753, 5.62503]}, "properties": {"id": 1264, "autor": "Diferoch", "nombre": "Landscape of Nuquí, Chocó, Colombia - 22 Oct 2025 - Diferoch - 3.jpg", "fecha": "2026-06-24 23:42:57", "desc": "Coastal zone (Pacific Ocean) of Nuquí, Chocó, Colombia.", "img_url": "https://upload.wikimedia.org/wikipedia/commons/e/ec/Landscape_of_Nuqu%C3%AD%2C_Choc%C3%B3%2C_Colombia_-_22_Oct_2025_-_Diferoch_-_3.jpg", "thumb_url": "https://commons.wikimedia.org/wiki/Special:FilePath/Landscape%20of%20Nuqu%C3%AD%2C%20Choc%C3%B3%2C%20Colombia%20-%2022%20Oct%202025%20-%20Diferoch%20-%203.jpg?width=640", "commons_url": "https://commons.wikimedia.org/wiki/File:Landscape_of_Nuqu%C3%AD,_Choc%C3%B3,_Colombia_-_22_Oct_2025_-_Diferoch_-_3.jpg", "map_url": "https://maps.google.com/?q=5.625030,-77.420753", "departamento": "Choco", "departamento_raw": "CHOCO", "region": "Pacífica", "region_color": "#059669"}}, {"type": "Feature", "geometry": {"type": "Point", "coordinates": [-77.476363, 5.61797]}, "properties": {"id": 1265, "autor": "Diferoch", "nombre": "Landscape of Nuquí, Chocó, Colombia - 22 Oct 2025 - Diferoch - 4.jpg", "fecha": "2026-06-24 23:42:57", "desc": "Coastal zone (Pacific Ocean) of Nuquí, Chocó, Colombia. A whale watching boat can be observed.", "img_url": "https://upload.wikimedia.org/wikipedia/commons/0/02/Landscape_of_Nuqu%C3%AD%2C_Choc%C3%B3%2C_Colombia_-_22_Oct_2025_-_Diferoch_-_4.jpg", "thumb_url": "https://commons.wikimedia.org/wiki/Special:FilePath/Landscape%20of%20Nuqu%C3%AD%2C%20Choc%C3%B3%2C%20Colombia%20-%2022%20Oct%202025%20-%20Diferoch%20-%204.jpg?width=640", "commons_url": "https://commons.wikimedia.org/wiki/File:Landscape_of_Nuqu%C3%AD,_Choc%C3%B3,_Colombia_-_22_Oct_2025_-_Diferoch_-_4.jpg", "map_url": "https://maps.google.com/?q=5.617970,-77.476363", "departamento": "Choco", "departamento_raw": "CHOCO", "region": "Pacífica", "region_color": "#059669"}}, {"type": "Feature", "geometry": {"type": "Point", "coordinates": [-77.4766, 5.61794]}, "properties": {"id": 1266, "autor": "Diferoch", "nombre": "Landscape of Nuquí, Chocó, Colombia - 22 Oct 2025 - Diferoch - 5.jpg", "fecha": "2026-06-24 23:43:00", "desc": "Coastal zone (Pacific Ocean) of Nuquí, Chocó, Colombia.", "img_url": "https://upload.wikimedia.org/wikipedia/commons/a/a8/Landscape_of_Nuqu%C3%AD%2C_Choc%C3%B3%2C_Colombia_-_22_Oct_2025_-_Diferoch_-_5.jpg", "thumb_url": "https://commons.wikimedia.org/wiki/Special:FilePath/Landscape%20of%20Nuqu%C3%AD%2C%20Choc%C3%B3%2C%20Colombia%20-%2022%20Oct%202025%20-%20Diferoch%20-%205.jpg?width=640", "commons_url": "https://commons.wikimedia.org/wiki/File:Landscape_of_Nuqu%C3%AD,_Choc%C3%B3,_Colombia_-_22_Oct_2025_-_Diferoch_-_5.jpg", "map_url": "https://maps.google.com/?q=5.617940,-77.476600", "departamento": "Choco", "departamento_raw": "CHOCO", "region": "Pacífica", "region_color": "#059669"}}, {"type": "Feature", "geometry": {"type": "Point", "coordinates": [-77.488968, 5.616847]}, "properties": {"id": 1267, "autor": "Diferoch", "nombre": "Landscape of Nuquí, Chocó, Colombia - 22 Oct 2025 - Diferoch - 6.jpg", "fecha": "2026-06-24 23:43:00", "desc": "Coastal zone (Pacific Ocean) of Nuquí, Chocó, Colombia.", "img_url": "https://upload.wikimedia.org/wikipedia/commons/0/08/Landscape_of_Nuqu%C3%AD%2C_Choc%C3%B3%2C_Colombia_-_22_Oct_2025_-_Diferoch_-_6.jpg", "thumb_url": "https://commons.wikimedia.org/wiki/Special:FilePath/Landscape%20of%20Nuqu%C3%AD%2C%20Choc%C3%B3%2C%20Colombia%20-%2022%20Oct%202025%20-%20Diferoch%20-%206.jpg?width=640", "commons_url": "https://commons.wikimedia.org/wiki/File:Landscape_of_Nuqu%C3%AD,_Choc%C3%B3,_Colombia_-_22_Oct_2025_-_Diferoch_-_6.jpg", "map_url": "https://maps.google.com/?q=5.616847,-77.488968", "departamento": "Choco", "departamento_raw": "CHOCO", "region": "Pacífica", "region_color": "#059669"}}, {"type": "Feature", "geometry": {"type": "Point", "coordinates": [-77.416893, 5.625715]}, "properties": {"id": 1268, "autor": "Diferoch", "nombre": "Landscape of Nuquí, Chocó, Colombia - 22 Oct 2025 - Diferoch - 7.jpg", "fecha": "2026-06-24 23:43:11", "desc": "Coastal zone (Pacific Ocean) of Nuquí, Chocó, Colombia.", "img_url": "https://upload.wikimedia.org/wikipedia/commons/d/d8/Landscape_of_Nuqu%C3%AD%2C_Choc%C3%B3%2C_Colombia_-_22_Oct_2025_-_Diferoch_-_7.jpg", "thumb_url": "https://commons.wikimedia.org/wiki/Special:FilePath/Landscape%20of%20Nuqu%C3%AD%2C%20Choc%C3%B3%2C%20Colombia%20-%2022%20Oct%202025%20-%20Diferoch%20-%207.jpg?width=640", "commons_url": "https://commons.wikimedia.org/wiki/File:Landscape_of_Nuqu%C3%AD,_Choc%C3%B3,_Colombia_-_22_Oct_2025_-_Diferoch_-_7.jpg", "map_url": "https://maps.google.com/?q=5.625715,-77.416893", "departamento": "Choco", "departamento_raw": "CHOCO", "region": "Pacífica", "region_color": "#059669"}}, {"type": "Feature", "geometry": {"type": "Point", "coordinates": [-77.417053, 5.625533]}, "properties": {"id": 1269, "autor": "Diferoch", "nombre": "Landscape of Nuquí, Chocó, Colombia - 22 Oct 2025 - Diferoch - 8.jpg", "fecha": "2026-06-24 23:43:13", "desc": "Coastal zone (Pacific Ocean) of Nuquí, Chocó, Colombia.", "img_url": "https://upload.wikimedia.org/wikipedia/commons/7/71/Landscape_of_Nuqu%C3%AD%2C_Choc%C3%B3%2C_Colombia_-_22_Oct_2025_-_Diferoch_-_8.jpg", "thumb_url": "https://commons.wikimedia.org/wiki/Special:FilePath/Landscape%20of%20Nuqu%C3%AD%2C%20Choc%C3%B3%2C%20Colombia%20-%2022%20Oct%202025%20-%20Diferoch%20-%208.jpg?width=640", "commons_url": "https://commons.wikimedia.org/wiki/File:Landscape_of_Nuqu%C3%AD,_Choc%C3%B3,_Colombia_-_22_Oct_2025_-_Diferoch_-_8.jpg", "map_url": "https://maps.google.com/?q=5.625533,-77.417053", "departamento": "Choco", "departamento_raw": "CHOCO", "region": "Pacífica", "region_color": "#059669"}}, {"type": "Feature", "geometry": {"type": "Point", "coordinates": [-77.42392, 5.623085]}, "properties": {"id": 1270, "autor": "Diferoch", "nombre": "Landscape of Nuquí, Chocó, Colombia - 22 Oct 2025 - Diferoch - 9.jpg", "fecha": "2026-06-24 23:43:16", "desc": "River that flows into the Pacific Ocean in Nuquí, Chocó, Colombia.", "img_url": "https://upload.wikimedia.org/wikipedia/commons/d/db/Landscape_of_Nuqu%C3%AD%2C_Choc%C3%B3%2C_Colombia_-_22_Oct_2025_-_Diferoch_-_9.jpg", "thumb_url": "https://commons.wikimedia.org/wiki/Special:FilePath/Landscape%20of%20Nuqu%C3%AD%2C%20Choc%C3%B3%2C%20Colombia%20-%2022%20Oct%202025%20-%20Diferoch%20-%209.jpg?width=640", "commons_url": "https://commons.wikimedia.org/wiki/File:Landscape_of_Nuqu%C3%AD,_Choc%C3%B3,_Colombia_-_22_Oct_2025_-_Diferoch_-_9.jpg", "map_url": "https://maps.google.com/?q=5.623085,-77.423920", "departamento": "Choco", "departamento_raw": "CHOCO", "region": "Pacífica", "region_color": "#059669"}}, {"type": "Feature", "geometry": {"type": "Point", "coordinates": [-77.438202, 5.60966]}, "properties": {"id": 1271, "autor": "Diferoch", "nombre": "Landscape of Nuquí, Chocó, Colombia - 23 Oct 2025 - Diferoch.jpg", "fecha": "2026-06-25 17:48:59", "desc": "Coastal zone (Pacific Ocean) of Nuquí, Chocó, Colombia.", "img_url": "https://upload.wikimedia.org/wikipedia/commons/4/47/Landscape_of_Nuqu%C3%AD%2C_Choc%C3%B3%2C_Colombia_-_23_Oct_2025_-_Diferoch.jpg", "thumb_url": "https://commons.wikimedia.org/wiki/Special:FilePath/Landscape%20of%20Nuqu%C3%AD%2C%20Choc%C3%B3%2C%20Colombia%20-%2023%20Oct%202025%20-%20Diferoch.jpg?width=640", "commons_url": "https://commons.wikimedia.org/wiki/File:Landscape_of_Nuqu%C3%AD,_Choc%C3%B3,_Colombia_-_23_Oct_2025_-_Diferoch.jpg", "map_url": "https://maps.google.com/?q=5.609660,-77.438202", "departamento": "Choco", "departamento_raw": "CHOCO", "region": "Pacífica", "region_color": "#059669"}}, {"type": "Feature", "geometry": {"type": "Point", "coordinates": [-74.08291, 4.87337]}, "properties": {"id": 1272, "autor": "Rodrigomacrophoto", "nombre": "Larva de crisopa usando camuflaje.jpg", "fecha": "2026-06-23 14:41:01", "desc": "Las larvas de crisopas tienen 3 instares, algunas se cubren con residuos vegetales, restos de sus presas o incluso sus propias exuvias. Es un comportamiento que se ha estudiado poco, algunas lo hacen en todos sus instares, algunas solo en el primero y otros no lo hacen nunca. Lo hacen para pasar desapercibidas para depredadores y acercase mas fácilmente a sus presas. Este individuo de aproximadamente 4mm de longitud fue fotografiado en la zona rural del municipio de Chía, Cundinamarca.", "img_url": "https://upload.wikimedia.org/wikipedia/commons/c/c9/Larva_de_crisopa_usando_camuflaje.jpg", "thumb_url": "https://commons.wikimedia.org/wiki/Special:FilePath/Larva%20de%20crisopa%20usando%20camuflaje.jpg?width=640", "commons_url": "https://commons.wikimedia.org/wiki/File:Larva_de_crisopa_usando_camuflaje.jpg", "map_url": "https://maps.google.com/?q=4.873370,-74.082910", "departamento": "Cundinamarca", "departamento_raw": "CUNDINAMARCA", "region": "Andina", "region_color": "#2563eb"}}, {"type": "Feature", "geometry": {"type": "Point", "coordinates": [-74.278227, 4.984157]}, "properties": {"id": 1273, "autor": "AmiGueko", "nombre": "Larvas de avispa.jpg", "fecha": "2026-05-23 22:13:31", "desc": "larvas de avispa", "img_url": "https://upload.wikimedia.org/wikipedia/commons/4/45/Larvas_de_avispa.jpg", "thumb_url": "https://commons.wikimedia.org/wiki/Special:FilePath/Larvas%20de%20avispa.jpg?width=640", "commons_url": "https://commons.wikimedia.org/wiki/File:Larvas_de_avispa.jpg", "map_url": "https://maps.google.com/?q=4.984157,-74.278227", "departamento": "Cundinamarca", "departamento_raw": "CUNDINAMARCA", "region": "Andina", "region_color": "#2563eb"}}, {"type": "Feature", "geometry": {"type": "Point", "coordinates": [-73.502273, 4.091467]}, "properties": {"id": 1276, "autor": "Alexpanther", "nombre": "Las travesuras del Mono Maicero.png", "fecha": "2026-06-30 12:01:05", "desc": "Esta fotografía capta por completo la actitud audaz y el carisma inigualable del mono maicero (Sapajus apella). Con una pose digna de un acróbata experto y una mirada fija que desborda picardía, este primate parece haber invertido los roles, convirtiendo al observador en el verdadero objeto de estudio. Su imponente destreza para sostenerse con firmeza entre las ramas nos recuerda que él es el verdadero dueño del dosel. Más allá de documentar la riqueza de la fauna en nuestra región, la imagen retrata el lado más alegre y expresivo de la naturaleza colombiana, invitándonos a proteger estos escenarios boscosos donde la vida silvestre se manifiesta con total soltura, espontaneidad y libertad.", "img_url": "https://upload.wikimedia.org/wikipedia/commons/d/d7/Las_travesuras_del_Mono_Maicero.png", "thumb_url": "https://commons.wikimedia.org/wiki/Special:FilePath/Las%20travesuras%20del%20Mono%20Maicero.png?width=640", "commons_url": "https://commons.wikimedia.org/wiki/File:Las_travesuras_del_Mono_Maicero.png", "map_url": "https://maps.google.com/?q=4.091467,-73.502273", "departamento": "Meta", "departamento_raw": "META", "region": "Orinoquía", "region_color": "#d97706"}}, {"type": "Feature", "geometry": {"type": "Point", "coordinates": [-74.784958, 8.073678]}, "properties": {"id": 1277, "autor": "Elprofeta91", "nombre": "Las vacas.jpg", "fecha": "2026-05-05 18:59:27", "desc": "Una finca en Nechí", "img_url": "https://upload.wikimedia.org/wikipedia/commons/a/a6/Las_vacas.jpg", "thumb_url": "https://commons.wikimedia.org/wiki/Special:FilePath/Las%20vacas.jpg?width=640", "commons_url": "https://commons.wikimedia.org/wiki/File:Las_vacas.jpg", "map_url": "https://maps.google.com/?q=8.073678,-74.784958", "departamento": "Antioquia", "departamento_raw": "ANTIOQUIA", "region": "Andina", "region_color": "#2563eb"}}, {"type": "Feature", "geometry": {"type": "Point", "coordinates": [-73.502273, 4.091467]}, "properties": {"id": 1280, "autor": "Alexpanther", "nombre": "Legado en las Alturas, El Mono Zocay y su Cría (Plecturocebus ornatus).png", "fecha": "2026-06-30 12:01:12", "desc": "This photograph captures a touching family moment in the canopy: an ornate titi monkey (Plecturocebus ornatus) cautiously carrying its small offspring, which clings tightly to its back as they explore the high branches. Framed against a soft sky, the composition highlights the primate's characteristic dense, reddish fur, as well as the fragility and curiosity of the little one peering out. Beyond merely documenting the beauty of this encounter, the image portrays tenderness, parental care, and the continuity of life in the wild. As the species is endemic to Colombia, this portrait stands as a testament to the biological value of our forests, reminding us of our shared responsibility to safeguard the habitats where these families strive to thrive in complete freedom.", "img_url": "https://upload.wikimedia.org/wikipedia/commons/4/43/Legado_en_las_Alturas%2C_El_Mono_Zocay_y_su_Cr%C3%ADa_%28Plecturocebus_ornatus%29.png", "thumb_url": "https://commons.wikimedia.org/wiki/Special:FilePath/Legado%20en%20las%20Alturas%2C%20El%20Mono%20Zocay%20y%20su%20Cr%C3%ADa%20%28Plecturocebus%20ornatus%29.png?width=640", "commons_url": "https://commons.wikimedia.org/wiki/File:Legado_en_las_Alturas,_El_Mono_Zocay_y_su_Cr%C3%ADa_(Plecturocebus_ornatus).png", "map_url": "https://maps.google.com/?q=4.091467,-73.502273", "departamento": "Meta", "departamento_raw": "META", "region": "Orinoquía", "region_color": "#d97706"}}, {"type": "Feature", "geometry": {"type": "Point", "coordinates": [-74.292153, 4.877708]}, "properties": {"id": 1282, "autor": "Nbareschu", "nombre": "Lepanthes.jpg", "fecha": "2026-05-07 10:07:05", "desc": "Lephantes sp. Reserva chulajuan", "img_url": "https://upload.wikimedia.org/wikipedia/commons/4/47/Lepanthes.jpg", "thumb_url": "https://commons.wikimedia.org/wiki/Special:FilePath/Lepanthes.jpg?width=640", "commons_url": "https://commons.wikimedia.org/wiki/File:Lepanthes.jpg", "map_url": "https://maps.google.com/?q=4.877708,-74.292153", "departamento": "Cundinamarca", "departamento_raw": "CUNDINAMARCA", "region": "Andina", "region_color": "#2563eb"}}, {"type": "Feature", "geometry": {"type": "Point", "coordinates": [-73.864028, 7.085008]}, "properties": {"id": 1283, "autor": "Diferoch", "nombre": "Lepidoptera - Barrancabermeja, Santander, Colombia.jpg", "fecha": "2026-05-19 20:41:46", "desc": "Lepidoptera of unknown species seen in Barrancabermeja, Santander, Colombia.", "img_url": "https://upload.wikimedia.org/wikipedia/commons/8/8c/Lepidoptera_-_Barrancabermeja%2C_Santander%2C_Colombia.jpg", "thumb_url": "https://commons.wikimedia.org/wiki/Special:FilePath/Lepidoptera%20-%20Barrancabermeja%2C%20Santander%2C%20Colombia.jpg?width=640", "commons_url": "https://commons.wikimedia.org/wiki/File:Lepidoptera_-_Barrancabermeja,_Santander,_Colombia.jpg", "map_url": "https://maps.google.com/?q=7.085008,-73.864028", "departamento": "Santander", "departamento_raw": "SANTANDER", "region": "Andina", "region_color": "#2563eb"}}, {"type": "Feature", "geometry": {"type": "Point", "coordinates": [-73.756088, 7.095882]}, "properties": {"id": 1284, "autor": "Diferoch", "nombre": "Lepidoptera - Barrancabermeja, Santander, Colombia - 14 Jun 2026 - Diferoch.jpg", "fecha": "2026-05-31 18:17:40", "desc": "Adult of unidentified Lepidoptera observed in Barrancabermeja, Santander, Colombia.", "img_url": "https://upload.wikimedia.org/wikipedia/commons/3/33/Lepidoptera_-_Barrancabermeja%2C_Santander%2C_Colombia_-_14_Jun_2026_-_Diferoch.jpg", "thumb_url": "https://commons.wikimedia.org/wiki/Special:FilePath/Lepidoptera%20-%20Barrancabermeja%2C%20Santander%2C%20Colombia%20-%2014%20Jun%202026%20-%20Diferoch.jpg?width=640", "commons_url": "https://commons.wikimedia.org/wiki/File:Lepidoptera_-_Barrancabermeja,_Santander,_Colombia_-_14_Jun_2026_-_Diferoch.jpg", "map_url": "https://maps.google.com/?q=7.095882,-73.756088", "departamento": "Santander", "departamento_raw": "SANTANDER", "region": "Andina", "region_color": "#2563eb"}}, {"type": "Feature", "geometry": {"type": "Point", "coordinates": [-73.864007, 7.084857]}, "properties": {"id": 1285, "autor": "Diferoch", "nombre": "Lepidoptera - Barrancabermeja, Santander, Colombia - 18 Jun 2025 - Diferoch.jpg", "fecha": "2026-06-06 18:48:24", "desc": "Adult individual of unidentified Lepidoptera observed in Barrancabermeja, Santander, Colombia.", "img_url": "https://upload.wikimedia.org/wikipedia/commons/7/75/Lepidoptera_-_Barrancabermeja%2C_Santander%2C_Colombia_-_18_Jun_2025_-_Diferoch.jpg", "thumb_url": "https://commons.wikimedia.org/wiki/Special:FilePath/Lepidoptera%20-%20Barrancabermeja%2C%20Santander%2C%20Colombia%20-%2018%20Jun%202025%20-%20Diferoch.jpg?width=640", "commons_url": "https://commons.wikimedia.org/wiki/File:Lepidoptera_-_Barrancabermeja,_Santander,_Colombia_-_18_Jun_2025_-_Diferoch.jpg", "map_url": "https://maps.google.com/?q=7.084857,-73.864007", "departamento": "Santander", "departamento_raw": "SANTANDER", "region": "Andina", "region_color": "#2563eb"}}, {"type": "Feature", "geometry": {"type": "Point", "coordinates": [-73.863868, 7.084785]}, "properties": {"id": 1286, "autor": "Diferoch", "nombre": "Lepidoptera - Barrancabermeja, Santander, Colombia - 4 Jun 2026 - Diferoch.jpg", "fecha": "2026-05-28 19:53:18", "desc": "Adult individual of unidentified Lepidoptera observed in Barrancabermeja, Santander, Colombia.", "img_url": "https://upload.wikimedia.org/wikipedia/commons/9/94/Lepidoptera_-_Barrancabermeja%2C_Santander%2C_Colombia_-_4_Jun_2026_-_Diferoch.jpg", "thumb_url": "https://commons.wikimedia.org/wiki/Special:FilePath/Lepidoptera%20-%20Barrancabermeja%2C%20Santander%2C%20Colombia%20-%204%20Jun%202026%20-%20Diferoch.jpg?width=640", "commons_url": "https://commons.wikimedia.org/wiki/File:Lepidoptera_-_Barrancabermeja,_Santander,_Colombia_-_4_Jun_2026_-_Diferoch.jpg", "map_url": "https://maps.google.com/?q=7.084785,-73.863868", "departamento": "Santander", "departamento_raw": "SANTANDER", "region": "Andina", "region_color": "#2563eb"}}, {"type": "Feature", "geometry": {"type": "Point", "coordinates": [-73.031532, 6.914278]}, "properties": {"id": 1287, "autor": "Diferoch", "nombre": "Lepidoptera - Piedecuesta, Santander, Colombia - 8 Jun 2026 - Diferoch.jpg", "fecha": "2026-05-29 20:01:59", "desc": "Adult of unidentified Lepidoptera observed in Piedecuesta, Santander, Colombia.", "img_url": "https://upload.wikimedia.org/wikipedia/commons/c/c4/Lepidoptera_-_Piedecuesta%2C_Santander%2C_Colombia_-_8_Jun_2026_-_Diferoch.jpg", "thumb_url": "https://commons.wikimedia.org/wiki/Special:FilePath/Lepidoptera%20-%20Piedecuesta%2C%20Santander%2C%20Colombia%20-%208%20Jun%202026%20-%20Diferoch.jpg?width=640", "commons_url": "https://commons.wikimedia.org/wiki/File:Lepidoptera_-_Piedecuesta,_Santander,_Colombia_-_8_Jun_2026_-_Diferoch.jpg", "map_url": "https://maps.google.com/?q=6.914278,-73.031532", "departamento": "Santander", "departamento_raw": "SANTANDER", "region": "Andina", "region_color": "#2563eb"}}, {"type": "Feature", "geometry": {"type": "Point", "coordinates": [-74.134927, 6.717311]}, "properties": {"id": 1288, "autor": "Diferoch", "nombre": "Leptophis - Cimitarra, Santander, Colombia - 2 Oct 2025 - Diferoch.jpg", "fecha": "2026-06-17 23:09:05", "desc": "Inidividual of Leptophis observed in Cimitarra, Santander, Colombia", "img_url": "https://upload.wikimedia.org/wikipedia/commons/1/11/Leptophis_-_Cimitarra%2C_Santander%2C_Colombia_-_2_Oct_2025_-_Diferoch.jpg", "thumb_url": "https://commons.wikimedia.org/wiki/Special:FilePath/Leptophis%20-%20Cimitarra%2C%20Santander%2C%20Colombia%20-%202%20Oct%202025%20-%20Diferoch.jpg?width=640", "commons_url": "https://commons.wikimedia.org/wiki/File:Leptophis_-_Cimitarra,_Santander,_Colombia_-_2_Oct_2025_-_Diferoch.jpg", "map_url": "https://maps.google.com/?q=6.717311,-74.134927", "departamento": "Santander", "departamento_raw": "SANTANDER", "region": "Andina", "region_color": "#2563eb"}}, {"type": "Feature", "geometry": {"type": "Point", "coordinates": [-77.377861, 3.959697]}, "properties": {"id": 1289, "autor": "Lamoraleja", "nombre": "Let's go fishing.jpg", "fecha": "2026-05-07 14:00:40", "desc": "Estando en el pacifico colombiano, retrate esta lancha en pleno atardecer estos pescadores se iban a adentrar en mar abierto a buscar como alimentar a sus familias o la pesca del día para venderla a sus vecinos.", "img_url": "https://upload.wikimedia.org/wikipedia/commons/e/e4/Let%27s_go_fishing.jpg", "thumb_url": "https://commons.wikimedia.org/wiki/Special:FilePath/Let%27s%20go%20fishing.jpg?width=640", "commons_url": "https://commons.wikimedia.org/wiki/File:Let%27s_go_fishing.jpg", "map_url": "https://maps.google.com/?q=3.959697,-77.377861", "departamento": "Valle del Cauca", "departamento_raw": "VALLE DEL CAUCA", "region": "Pacífica", "region_color": "#059669"}}, {"type": "Feature", "geometry": {"type": "Point", "coordinates": [-74.375931, 4.867725]}, "properties": {"id": 1293, "autor": "Nbareschu", "nombre": "Limoncillo.jpg", "fecha": "2026-05-07 10:06:51", "desc": "Syparuna sp", "img_url": "https://upload.wikimedia.org/wikipedia/commons/d/d6/Limoncillo.jpg", "thumb_url": "https://commons.wikimedia.org/wiki/Special:FilePath/Limoncillo.jpg?width=640", "commons_url": "https://commons.wikimedia.org/wiki/File:Limoncillo.jpg", "map_url": "https://maps.google.com/?q=4.867725,-74.375931", "departamento": "Cundinamarca", "departamento_raw": "CUNDINAMARCA", "region": "Andina", "region_color": "#2563eb"}}, {"type": "Feature", "geometry": {"type": "Point", "coordinates": [-74.34465, 4.868142]}, "properties": {"id": 1295, "autor": "Nbareschu", "nombre": "Liquen amarillo.jpg", "fecha": "2026-05-07 10:06:37", "desc": "Liquen amarillo", "img_url": "https://upload.wikimedia.org/wikipedia/commons/f/f7/Liquen_amarillo.jpg", "thumb_url": "https://commons.wikimedia.org/wiki/Special:FilePath/Liquen%20amarillo.jpg?width=640", "commons_url": "https://commons.wikimedia.org/wiki/File:Liquen_amarillo.jpg", "map_url": "https://maps.google.com/?q=4.868142,-74.344650", "departamento": "Cundinamarca", "departamento_raw": "CUNDINAMARCA", "region": "Andina", "region_color": "#2563eb"}}, {"type": "Feature", "geometry": {"type": "Point", "coordinates": [-74.345467, 4.868622]}, "properties": {"id": 1296, "autor": "Nbareschu", "nombre": "Liquen de sol.jpg", "fecha": "2026-05-07 10:06:38", "desc": "Liquen sobre las ramas delgada y secas de un arrayán", "img_url": "https://upload.wikimedia.org/wikipedia/commons/e/e7/Liquen_de_sol.jpg", "thumb_url": "https://commons.wikimedia.org/wiki/Special:FilePath/Liquen%20de%20sol.jpg?width=640", "commons_url": "https://commons.wikimedia.org/wiki/File:Liquen_de_sol.jpg", "map_url": "https://maps.google.com/?q=4.868622,-74.345467", "departamento": "Cundinamarca", "departamento_raw": "CUNDINAMARCA", "region": "Andina", "region_color": "#2563eb"}}, {"type": "Feature", "geometry": {"type": "Point", "coordinates": [-73.834176, 4.842005]}, "properties": {"id": 1298, "autor": "Estudiante0001", "nombre": "Liquen en un bosque de Guasca.jpg", "fecha": "2026-05-21 13:20:08", "desc": "Liquen en varias ramas de arboles en Guasca - La Reserva El Zoque", "img_url": "https://upload.wikimedia.org/wikipedia/commons/7/75/Liquen_en_un_bosque_de_Guasca.jpg", "thumb_url": "https://commons.wikimedia.org/wiki/Special:FilePath/Liquen%20en%20un%20bosque%20de%20Guasca.jpg?width=640", "commons_url": "https://commons.wikimedia.org/wiki/File:Liquen_en_un_bosque_de_Guasca.jpg", "map_url": "https://maps.google.com/?q=4.842005,-73.834176", "departamento": "Cundinamarca", "departamento_raw": "CUNDINAMARCA", "region": "Andina", "region_color": "#2563eb"}}, {"type": "Feature", "geometry": {"type": "Point", "coordinates": [-74.421989, 4.885303]}, "properties": {"id": 1299, "autor": "Nbareschu", "nombre": "Liquen gelatinoso fertil.jpg", "fecha": "2026-05-07 10:06:41", "desc": "Liquen de los pies del escape occidental de la sabana de Bogotá", "img_url": "https://upload.wikimedia.org/wikipedia/commons/f/f6/Liquen_gelatinoso_fertil.jpg", "thumb_url": "https://commons.wikimedia.org/wiki/Special:FilePath/Liquen%20gelatinoso%20fertil.jpg?width=640", "commons_url": "https://commons.wikimedia.org/wiki/File:Liquen_gelatinoso_fertil.jpg", "map_url": "https://maps.google.com/?q=4.885303,-74.421989", "departamento": "Cundinamarca", "departamento_raw": "CUNDINAMARCA", "region": "Andina", "region_color": "#2563eb"}}, {"type": "Feature", "geometry": {"type": "Point", "coordinates": [-74.146794, 4.172187]}, "properties": {"id": 1302, "autor": "Zolsemiya", "nombre": "Liquén de páramo.jpg", "fecha": "2026-06-30 17:58:45", "desc": "Liquén de páramo", "img_url": "https://upload.wikimedia.org/wikipedia/commons/8/82/Liqu%C3%A9n_de_p%C3%A1ramo.jpg", "thumb_url": "https://commons.wikimedia.org/wiki/Special:FilePath/Liqu%C3%A9n%20de%20p%C3%A1ramo.jpg?width=640", "commons_url": "https://commons.wikimedia.org/wiki/File:Liqu%C3%A9n_de_p%C3%A1ramo.jpg", "map_url": "https://maps.google.com/?q=4.172187,-74.146794", "departamento": "Cundinamarca", "departamento_raw": "CUNDINAMARCA", "region": "Andina", "region_color": "#2563eb"}}, {"type": "Feature", "geometry": {"type": "Point", "coordinates": [-75.550751, 6.242735]}, "properties": {"id": 1308, "autor": "Guiverfer", "nombre": "Llevando los desechos1.jpg", "fecha": "2026-06-26 20:06:37", "desc": "El Carmen Ravine, Medellín, Colombia", "img_url": "https://upload.wikimedia.org/wikipedia/commons/3/34/Llevando_los_desechos1.jpg", "thumb_url": "https://commons.wikimedia.org/wiki/Special:FilePath/Llevando%20los%20desechos1.jpg?width=640", "commons_url": "https://commons.wikimedia.org/wiki/File:Llevando_los_desechos1.jpg", "map_url": "https://maps.google.com/?q=6.242735,-75.550751", "departamento": "Antioquia", "departamento_raw": "ANTIOQUIA", "region": "Andina", "region_color": "#2563eb"}}, {"type": "Feature", "geometry": {"type": "Point", "coordinates": [-75.559639, 10.396081]}, "properties": {"id": 1310, "autor": "Antoniacorralosorio", "nombre": "Lo que nos quedará.jpg", "fecha": "2026-05-25 11:02:01", "desc": "Foto tomada en el sector el Laguito, en Cartagena de Indias, en un recorrido de consistencia por la contaminación ambiental", "img_url": "https://upload.wikimedia.org/wikipedia/commons/2/26/Lo_que_nos_quedar%C3%A1.jpg", "thumb_url": "https://commons.wikimedia.org/wiki/Special:FilePath/Lo%20que%20nos%20quedar%C3%A1.jpg?width=640", "commons_url": "https://commons.wikimedia.org/wiki/File:Lo_que_nos_quedar%C3%A1.jpg", "map_url": "https://maps.google.com/?q=10.396081,-75.559639", "departamento": "Bolivar", "departamento_raw": "BOLIVAR", "region": "Caribe", "region_color": "#0891b2"}}, {"type": "Feature", "geometry": {"type": "Point", "coordinates": [-75.44, 5.07]}, "properties": {"id": 1312, "autor": "Charlesjsharp", "nombre": "Long-tailed sylph (Aglaiocercus kingii kingii) male Caldas 3.jpg", "fecha": "2026-05-29 15:24:36", "desc": "Long-tailed sylph ( Aglaiocercus kingii kingii ) male, Reserva Ecologica Rio Blanco, Manizales, Caldas, Colombia", "img_url": "https://upload.wikimedia.org/wikipedia/commons/9/93/Long-tailed_sylph_%28Aglaiocercus_kingii_kingii%29_male_Caldas_3.jpg", "thumb_url": "https://commons.wikimedia.org/wiki/Special:FilePath/Long-tailed%20sylph%20%28Aglaiocercus%20kingii%20kingii%29%20male%20Caldas%203.jpg?width=640", "commons_url": "https://commons.wikimedia.org/wiki/File:Long-tailed_sylph_(Aglaiocercus_kingii_kingii)_male_Caldas_3.jpg", "map_url": "https://maps.google.com/?q=5.070000,-75.440000", "departamento": "Caldas", "departamento_raw": "CALDAS", "region": "Andina", "region_color": "#2563eb"}}, {"type": "Feature", "geometry": {"type": "Point", "coordinates": [-78.207212, 2.938807]}, "properties": {"id": 1315, "autor": "LentedeBerilo", "nombre": "Los colores del PNN Gorgona.jpg", "fecha": "2026-06-17 17:48:20", "desc": "Sky observed over the \"paso de tascas\" (shallow passage) between Gorgona Island and Gorgonilla during low tide.", "img_url": "https://upload.wikimedia.org/wikipedia/commons/1/18/Los_colores_del_PNN_Gorgona.jpg", "thumb_url": "https://commons.wikimedia.org/wiki/Special:FilePath/Los%20colores%20del%20PNN%20Gorgona.jpg?width=640", "commons_url": "https://commons.wikimedia.org/wiki/File:Los_colores_del_PNN_Gorgona.jpg", "map_url": "https://maps.google.com/?q=2.938807,-78.207212", "departamento": "Cauca", "departamento_raw": "CAUCA", "region": "Pacífica", "region_color": "#059669"}}, {"type": "Feature", "geometry": {"type": "Point", "coordinates": [-74.146794, 4.172187]}, "properties": {"id": 1318, "autor": "Zolsemiya", "nombre": "Los pintos.jpg", "fecha": "2026-06-30 17:58:54", "desc": "Los pintos", "img_url": "https://upload.wikimedia.org/wikipedia/commons/9/9c/Los_pintos.jpg", "thumb_url": "https://commons.wikimedia.org/wiki/Special:FilePath/Los%20pintos.jpg?width=640", "commons_url": "https://commons.wikimedia.org/wiki/File:Los_pintos.jpg", "map_url": "https://maps.google.com/?q=4.172187,-74.146794", "departamento": "Cundinamarca", "departamento_raw": "CUNDINAMARCA", "region": "Andina", "region_color": "#2563eb"}}, {"type": "Feature", "geometry": {"type": "Point", "coordinates": [-73.866101, 7.083168]}, "properties": {"id": 1328, "autor": "Diferoch", "nombre": "Machetornis rixosa flavigularis - Barrancabermeja, Santander, Colombia - 3 Jun 2025 - 1.jpg", "fecha": "2026-05-24 21:01:41", "desc": "Individual of Machetornis rixosa flavigularis in Barrancabermeja, Santander, Colombia.", "img_url": "https://upload.wikimedia.org/wikipedia/commons/b/bf/Machetornis_rixosa_flavigularis_-_Barrancabermeja%2C_Santander%2C_Colombia_-_3_Jun_2025_-_1.jpg", "thumb_url": "https://commons.wikimedia.org/wiki/Special:FilePath/Machetornis%20rixosa%20flavigularis%20-%20Barrancabermeja%2C%20Santander%2C%20Colombia%20-%203%20Jun%202025%20-%201.jpg?width=640", "commons_url": "https://commons.wikimedia.org/wiki/File:Machetornis_rixosa_flavigularis_-_Barrancabermeja,_Santander,_Colombia_-_3_Jun_2025_-_1.jpg", "map_url": "https://maps.google.com/?q=7.083168,-73.866101", "departamento": "Santander", "departamento_raw": "SANTANDER", "region": "Andina", "region_color": "#2563eb"}}, {"type": "Feature", "geometry": {"type": "Point", "coordinates": [-73.866101, 7.083168]}, "properties": {"id": 1329, "autor": "Diferoch", "nombre": "Machetornis rixosa flavigularis - Barrancabermeja, Santander, Colombia - 3 Jun 2025 - 2.jpg", "fecha": "2026-05-24 21:01:41", "desc": "Individual of Machetornis rixosa flavigularis in Barrancabermeja, Santander, Colombia.", "img_url": "https://upload.wikimedia.org/wikipedia/commons/7/78/Machetornis_rixosa_flavigularis_-_Barrancabermeja%2C_Santander%2C_Colombia_-_3_Jun_2025_-_2.jpg", "thumb_url": "https://commons.wikimedia.org/wiki/Special:FilePath/Machetornis%20rixosa%20flavigularis%20-%20Barrancabermeja%2C%20Santander%2C%20Colombia%20-%203%20Jun%202025%20-%202.jpg?width=640", "commons_url": "https://commons.wikimedia.org/wiki/File:Machetornis_rixosa_flavigularis_-_Barrancabermeja,_Santander,_Colombia_-_3_Jun_2025_-_2.jpg", "map_url": "https://maps.google.com/?q=7.083168,-73.866101", "departamento": "Santander", "departamento_raw": "SANTANDER", "region": "Andina", "region_color": "#2563eb"}}, {"type": "Feature", "geometry": {"type": "Point", "coordinates": [-74.09994, 4.66775]}, "properties": {"id": 1332, "autor": "AmiGueko", "nombre": "Madroño 1.jpg", "fecha": "2026-06-04 21:33:40", "desc": "Garcinia madruno - Familia clusiaceae - oriunda de Nicaragua, Bolivia y Brasil", "img_url": "https://upload.wikimedia.org/wikipedia/commons/5/56/Madro%C3%B1o_1.jpg", "thumb_url": "https://commons.wikimedia.org/wiki/Special:FilePath/Madro%C3%B1o%201.jpg?width=640", "commons_url": "https://commons.wikimedia.org/wiki/File:Madro%C3%B1o_1.jpg", "map_url": "https://maps.google.com/?q=4.667750,-74.099940", "departamento": "Bogotá D.C.", "departamento_raw": "SANTAFE DE BOGOTA D.C", "region": "Andina", "region_color": "#2563eb"}}, {"type": "Feature", "geometry": {"type": "Point", "coordinates": [-74.146794, 4.172187]}, "properties": {"id": 1334, "autor": "Zolsemiya", "nombre": "Maices diversos en Sumapaz.jpg", "fecha": "2026-06-30 17:58:42", "desc": "Maices diversos", "img_url": "https://upload.wikimedia.org/wikipedia/commons/2/23/Maices_diversos_en_Sumapaz.jpg", "thumb_url": "https://commons.wikimedia.org/wiki/Special:FilePath/Maices%20diversos%20en%20Sumapaz.jpg?width=640", "commons_url": "https://commons.wikimedia.org/wiki/File:Maices_diversos_en_Sumapaz.jpg", "map_url": "https://maps.google.com/?q=4.172187,-74.146794", "departamento": "Cundinamarca", "departamento_raw": "CUNDINAMARCA", "region": "Andina", "region_color": "#2563eb"}}, {"type": "Feature", "geometry": {"type": "Point", "coordinates": [-74.906831, 5.566908]}, "properties": {"id": 1335, "autor": "JJCL09", "nombre": "Manchas mias.jpg", "fecha": "2026-05-05 21:09:22", "desc": "Butterfly sing to me", "img_url": "https://upload.wikimedia.org/wikipedia/commons/c/c0/Manchas_mias.jpg", "thumb_url": "https://commons.wikimedia.org/wiki/Special:FilePath/Manchas%20mias.jpg?width=640", "commons_url": "https://commons.wikimedia.org/wiki/File:Manchas_mias.jpg", "map_url": "https://maps.google.com/?q=5.566908,-74.906831", "departamento": "Caldas", "departamento_raw": "CALDAS", "region": "Andina", "region_color": "#2563eb"}}, {"type": "Feature", "geometry": {"type": "Point", "coordinates": [-75.02836, 4.983835]}, "properties": {"id": 1337, "autor": "AmiGueko", "nombre": "Mandevilla (16986).jpg", "fecha": "2026-05-24 13:31:30", "desc": "Mandevilla", "img_url": "https://upload.wikimedia.org/wikipedia/commons/f/fe/Mandevilla_%2816986%29.jpg", "thumb_url": "https://commons.wikimedia.org/wiki/Special:FilePath/Mandevilla%20%2816986%29.jpg?width=640", "commons_url": "https://commons.wikimedia.org/wiki/File:Mandevilla_(16986).jpg", "map_url": "https://maps.google.com/?q=4.983835,-75.028360", "departamento": "Tolima", "departamento_raw": "TOLIMA", "region": "Andina", "region_color": "#2563eb"}}, {"type": "Feature", "geometry": {"type": "Point", "coordinates": [-74.1721, 4.5816]}, "properties": {"id": 1339, "autor": "Supertita", "nombre": "Mango pechinegro-colibri.jpg", "fecha": "2026-06-19 18:07:06", "desc": "hummingbird", "img_url": "https://upload.wikimedia.org/wikipedia/commons/f/fa/Mango_pechinegro-colibri.jpg", "thumb_url": "https://commons.wikimedia.org/wiki/Special:FilePath/Mango%20pechinegro-colibri.jpg?width=640", "commons_url": "https://commons.wikimedia.org/wiki/File:Mango_pechinegro-colibri.jpg", "map_url": "https://maps.google.com/?q=4.581600,-7.417210", "departamento": "Bogotá D.C.", "departamento_raw": "SANTAFE DE BOGOTA D.C", "region": "Andina", "region_color": "#2563eb"}}, {"type": "Feature", "geometry": {"type": "Point", "coordinates": [-75.287767, 5.071303]}, "properties": {"id": 1341, "autor": "JJCL09", "nombre": "Manizales fog.jpg", "fecha": "2026-05-05 21:09:13", "desc": "The fog roll and caress the grass", "img_url": "https://upload.wikimedia.org/wikipedia/commons/c/cd/Manizales_fog.jpg", "thumb_url": "https://commons.wikimedia.org/wiki/Special:FilePath/Manizales%20fog.jpg?width=640", "commons_url": "https://commons.wikimedia.org/wiki/File:Manizales_fog.jpg", "map_url": "https://maps.google.com/?q=5.071303,-75.287767", "departamento": "Tolima", "departamento_raw": "TOLIMA", "region": "Andina", "region_color": "#2563eb"}}, {"type": "Feature", "geometry": {"type": "Point", "coordinates": [-73.448769, 11.103655]}, "properties": {"id": 1346, "autor": "AmiGueko", "nombre": "Mar Caribe en Santa Marta.jpg", "fecha": "2026-05-24 14:16:09", "desc": "Mar Caribe en Santa Marta", "img_url": "https://upload.wikimedia.org/wikipedia/commons/c/c7/Mar_Caribe_en_Santa_Marta.jpg", "thumb_url": "https://commons.wikimedia.org/wiki/Special:FilePath/Mar%20Caribe%20en%20Santa%20Marta.jpg?width=640", "commons_url": "https://commons.wikimedia.org/wiki/File:Mar_Caribe_en_Santa_Marta.jpg", "map_url": "https://maps.google.com/?q=11.103655,-73.448769", "departamento": "La Guajira", "departamento_raw": "LA GUAJIRA", "region": "Caribe", "region_color": "#0891b2"}}, {"type": "Feature", "geometry": {"type": "Point", "coordinates": [-73.484968, 11.075204]}, "properties": {"id": 1347, "autor": "AmiGueko", "nombre": "Mar Caribe en Santa Marta (54538).jpg", "fecha": "2026-05-24 14:16:58", "desc": "Mar Caribe en Santa Marta", "img_url": "https://upload.wikimedia.org/wikipedia/commons/2/22/Mar_Caribe_en_Santa_Marta_%2854538%29.jpg", "thumb_url": "https://commons.wikimedia.org/wiki/Special:FilePath/Mar%20Caribe%20en%20Santa%20Marta%20%2854538%29.jpg?width=640", "commons_url": "https://commons.wikimedia.org/wiki/File:Mar_Caribe_en_Santa_Marta_(54538).jpg", "map_url": "https://maps.google.com/?q=11.075204,-73.484968", "departamento": "La Guajira", "departamento_raw": "LA GUAJIRA", "region": "Caribe", "region_color": "#0891b2"}}, {"type": "Feature", "geometry": {"type": "Point", "coordinates": [-73.804088, 11.076104]}, "properties": {"id": 1348, "autor": "AmiGueko", "nombre": "Mar Caribe en Santa Marta (60205).jpg", "fecha": "2026-05-24 14:16:24", "desc": "Mar Caribe en Santa Marta", "img_url": "https://upload.wikimedia.org/wikipedia/commons/d/d5/Mar_Caribe_en_Santa_Marta_%2860205%29.jpg", "thumb_url": "https://commons.wikimedia.org/wiki/Special:FilePath/Mar%20Caribe%20en%20Santa%20Marta%20%2860205%29.jpg?width=640", "commons_url": "https://commons.wikimedia.org/wiki/File:Mar_Caribe_en_Santa_Marta_(60205).jpg", "map_url": "https://maps.google.com/?q=11.076104,-73.804088", "departamento": "Magdalena", "departamento_raw": "MAGDALENA", "region": "Caribe", "region_color": "#0891b2"}}, {"type": "Feature", "geometry": {"type": "Point", "coordinates": [-74.237044, 4.990981]}, "properties": {"id": 1351, "autor": "Nbareschu", "nombre": "Marasmo.jpg", "fecha": "2026-05-07 10:06:17", "desc": "Marasmo en hoja de yema de huevo", "img_url": "https://upload.wikimedia.org/wikipedia/commons/d/de/Marasmo.jpg", "thumb_url": "https://commons.wikimedia.org/wiki/Special:FilePath/Marasmo.jpg?width=640", "commons_url": "https://commons.wikimedia.org/wiki/File:Marasmo.jpg", "map_url": "https://maps.google.com/?q=4.990981,-74.237044", "departamento": "Cundinamarca", "departamento_raw": "CUNDINAMARCA", "region": "Andina", "region_color": "#2563eb"}}, {"type": "Feature", "geometry": {"type": "Point", "coordinates": [-75.552986, 10.42252]}, "properties": {"id": 1356, "autor": "Juanrapave", "nombre": "Mariamulatas en la muralla de Cartagena.jpg", "fecha": "2026-05-24 07:31:01", "desc": "Mariamulatas en la muralla de Cartagena", "img_url": "https://upload.wikimedia.org/wikipedia/commons/f/f6/Mariamulatas_en_la_muralla_de_Cartagena.jpg", "thumb_url": "https://commons.wikimedia.org/wiki/Special:FilePath/Mariamulatas%20en%20la%20muralla%20de%20Cartagena.jpg?width=640", "commons_url": "https://commons.wikimedia.org/wiki/File:Mariamulatas_en_la_muralla_de_Cartagena.jpg", "map_url": "https://maps.google.com/?q=10.422520,-75.552986", "departamento": "Bolivar", "departamento_raw": "BOLIVAR", "region": "Caribe", "region_color": "#0891b2"}}, {"type": "Feature", "geometry": {"type": "Point", "coordinates": [-74.335404, 4.360644]}, "properties": {"id": 1357, "autor": "Natlycu", "nombre": "Mariposa Mesosemia en Paque Verde Y Agua, Fusagasugá, (Cundinamarca).jpg", "fecha": "2026-06-30 00:51:54", "desc": "Mevania Eyed-Metalmark (Mesosemia mevania) in Fusagasugá, (Cundinamarca)", "img_url": "https://upload.wikimedia.org/wikipedia/commons/6/6c/Mariposa_Mesosemia_en_Paque_Verde_Y_Agua%2C_Fusagasug%C3%A1%2C_%28Cundinamarca%29.jpg", "thumb_url": "https://commons.wikimedia.org/wiki/Special:FilePath/Mariposa%20Mesosemia%20en%20Paque%20Verde%20Y%20Agua%2C%20Fusagasug%C3%A1%2C%20%28Cundinamarca%29.jpg?width=640", "commons_url": "https://commons.wikimedia.org/wiki/File:Mariposa_Mesosemia_en_Paque_Verde_Y_Agua,_Fusagasug%C3%A1,_(Cundinamarca).jpg", "map_url": "https://maps.google.com/?q=4.360644,-74.335404", "departamento": "Cundinamarca", "departamento_raw": "CUNDINAMARCA", "region": "Andina", "region_color": "#2563eb"}}, {"type": "Feature", "geometry": {"type": "Point", "coordinates": [-75.528099, 6.25232]}, "properties": {"id": 1369, "autor": "AmiGueko", "nombre": "Mariposa lechuza o búho.jpg", "fecha": "2026-05-14 23:31:31", "desc": "Caligo es un género de lepidópteros ditrisios de la familia Nymphalidae conocidos vulgarmente como mariposas búho. Incluye 20 especies propias de las selvas de Centro y Sudamérica hasta los 1800 m s. n. m., desde el sur de México hasta el sur de Brasil, y en Trinidad y Tobago,y en Colombia, y en Guatemala.", "img_url": "https://upload.wikimedia.org/wikipedia/commons/e/ee/Mariposa_lechuza_o_b%C3%BAho.jpg", "thumb_url": "https://commons.wikimedia.org/wiki/Special:FilePath/Mariposa%20lechuza%20o%20b%C3%BAho.jpg?width=640", "commons_url": "https://commons.wikimedia.org/wiki/File:Mariposa_lechuza_o_b%C3%BAho.jpg", "map_url": "https://maps.google.com/?q=6.252320,-75.528099", "departamento": "Antioquia", "departamento_raw": "ANTIOQUIA", "region": "Andina", "region_color": "#2563eb"}}, {"type": "Feature", "geometry": {"type": "Point", "coordinates": [-74.099944, 4.66775]}, "properties": {"id": 1370, "autor": "AmiGueko", "nombre": "Mariposa monarca mayo 2026.jpg", "fecha": "2026-06-05 09:30:26", "desc": "Dannaus plexippus", "img_url": "https://upload.wikimedia.org/wikipedia/commons/a/ae/Mariposa_monarca_mayo_2026.jpg", "thumb_url": "https://commons.wikimedia.org/wiki/Special:FilePath/Mariposa%20monarca%20mayo%202026.jpg?width=640", "commons_url": "https://commons.wikimedia.org/wiki/File:Mariposa_monarca_mayo_2026.jpg", "map_url": "https://maps.google.com/?q=4.667750,-74.099944", "departamento": "Bogotá D.C.", "departamento_raw": "SANTAFE DE BOGOTA D.C", "region": "Andina", "region_color": "#2563eb"}}, {"type": "Feature", "geometry": {"type": "Point", "coordinates": [-76.185647, 9.123886]}, "properties": {"id": 1374, "autor": "Nbareschu", "nombre": "Mariposa revés.jpg", "fecha": "2026-05-07 10:06:31", "desc": "Lepidóptero que engaña cola-cabeza", "img_url": "https://upload.wikimedia.org/wikipedia/commons/f/f8/Mariposa_rev%C3%A9s.jpg", "thumb_url": "https://commons.wikimedia.org/wiki/Special:FilePath/Mariposa%20rev%C3%A9s.jpg?width=640", "commons_url": "https://commons.wikimedia.org/wiki/File:Mariposa_rev%C3%A9s.jpg", "map_url": "https://maps.google.com/?q=9.123886,-76.185647", "departamento": "Cordoba", "departamento_raw": "CORDOBA", "region": "Caribe", "region_color": "#0891b2"}}, {"type": "Feature", "geometry": {"type": "Point", "coordinates": [-72.335053, 6.481908]}, "properties": {"id": 1377, "autor": "Nbareschu", "nombre": "Marta escondida.jpg", "fecha": "2026-05-07 10:06:53", "desc": "Marta escondida", "img_url": "https://upload.wikimedia.org/wikipedia/commons/e/ec/Marta_escondida.jpg", "thumb_url": "https://commons.wikimedia.org/wiki/Special:FilePath/Marta%20escondida.jpg?width=640", "commons_url": "https://commons.wikimedia.org/wiki/File:Marta_escondida.jpg", "map_url": "https://maps.google.com/?q=6.481908,-72.335053", "departamento": "Boyaca", "departamento_raw": "BOYACA", "region": "Andina", "region_color": "#2563eb"}}, {"type": "Feature", "geometry": {"type": "Point", "coordinates": [-74.367431, 4.870131]}, "properties": {"id": 1378, "autor": "Nbareschu", "nombre": "Masdevallia amanda.jpg", "fecha": "2026-05-07 10:06:50", "desc": "Masdevallia amanda", "img_url": "https://upload.wikimedia.org/wikipedia/commons/a/ac/Masdevallia_amanda.jpg", "thumb_url": "https://commons.wikimedia.org/wiki/Special:FilePath/Masdevallia%20amanda.jpg?width=640", "commons_url": "https://commons.wikimedia.org/wiki/File:Masdevallia_amanda.jpg", "map_url": "https://maps.google.com/?q=4.870131,-74.367431", "departamento": "Cundinamarca", "departamento_raw": "CUNDINAMARCA", "region": "Andina", "region_color": "#2563eb"}}, {"type": "Feature", "geometry": {"type": "Point", "coordinates": [-74.87047, 5.86224]}, "properties": {"id": 1379, "autor": "XimmoY", "nombre": "Mastigodryas danieli.jpg", "fecha": "2026-06-30 20:39:31", "desc": "Specimen of Mastigodryas danieli (racer; guardacaminos) at the Los Monos agroecological reserve, Rio Claro, Antioquia.", "img_url": "https://upload.wikimedia.org/wikipedia/commons/c/cc/Mastigodryas_danieli.jpg", "thumb_url": "https://commons.wikimedia.org/wiki/Special:FilePath/Mastigodryas%20danieli.jpg?width=640", "commons_url": "https://commons.wikimedia.org/wiki/File:Mastigodryas_danieli.jpg", "map_url": "https://maps.google.com/?q=5.862240,-74.870470", "departamento": "Antioquia", "departamento_raw": "ANTIOQUIA", "region": "Andina", "region_color": "#2563eb"}}, {"type": "Feature", "geometry": {"type": "Point", "coordinates": [-74.87047, 5.86224]}, "properties": {"id": 1380, "autor": "XimmoY", "nombre": "Mastigodryas danieli 2026.jpg", "fecha": "2026-06-30 20:39:31", "desc": "Specimen of Mastigodryas danieli (racer; guardacaminos) at the Los Monos agroecological reserve, Rio Claro, Antioquia.", "img_url": "https://upload.wikimedia.org/wikipedia/commons/9/98/Mastigodryas_danieli_2026.jpg", "thumb_url": "https://commons.wikimedia.org/wiki/Special:FilePath/Mastigodryas%20danieli%202026.jpg?width=640", "commons_url": "https://commons.wikimedia.org/wiki/File:Mastigodryas_danieli_2026.jpg", "map_url": "https://maps.google.com/?q=5.862240,-74.870470", "departamento": "Antioquia", "departamento_raw": "ANTIOQUIA", "region": "Andina", "region_color": "#2563eb"}}, {"type": "Feature", "geometry": {"type": "Point", "coordinates": [-75.098773, 5.959975]}, "properties": {"id": 1382, "autor": "AmiGueko", "nombre": "Matacaballos.jpg", "fecha": "2026-05-09 08:12:07", "desc": "Phasmatodea", "img_url": "https://upload.wikimedia.org/wikipedia/commons/5/53/Matacaballos.jpg", "thumb_url": "https://commons.wikimedia.org/wiki/Special:FilePath/Matacaballos.jpg?width=640", "commons_url": "https://commons.wikimedia.org/wiki/File:Matacaballos.jpg", "map_url": "https://maps.google.com/?q=5.959975,-75.098773", "departamento": "Antioquia", "departamento_raw": "ANTIOQUIA", "region": "Andina", "region_color": "#2563eb"}}, {"type": "Feature", "geometry": {"type": "Point", "coordinates": [-73.86396, 7.085098]}, "properties": {"id": 1390, "autor": "Diferoch", "nombre": "Megalopyge lanata - Barrancabermeja, Santander, Colombia - 28 Jul 2025 - Diferoch.jpg", "fecha": "2026-06-16 17:24:28", "desc": "Adult of Megalopyge lanata observed in Barrancabermeja, Santander, Colombia.", "img_url": "https://upload.wikimedia.org/wikipedia/commons/0/0a/Megalopyge_lanata_-_Barrancabermeja%2C_Santander%2C_Colombia_-_28_Jul_2025_-_Diferoch.jpg", "thumb_url": "https://commons.wikimedia.org/wiki/Special:FilePath/Megalopyge%20lanata%20-%20Barrancabermeja%2C%20Santander%2C%20Colombia%20-%2028%20Jul%202025%20-%20Diferoch.jpg?width=640", "commons_url": "https://commons.wikimedia.org/wiki/File:Megalopyge_lanata_-_Barrancabermeja,_Santander,_Colombia_-_28_Jul_2025_-_Diferoch.jpg", "map_url": "https://maps.google.com/?q=7.085098,-73.863960", "departamento": "Santander", "departamento_raw": "SANTANDER", "region": "Andina", "region_color": "#2563eb"}}, {"type": "Feature", "geometry": {"type": "Point", "coordinates": [-77.490096, 5.616402]}, "properties": {"id": 1391, "autor": "Diferoch", "nombre": "Megaptera novaeangliae australis - Nuquí, Chocó, Colombia - 22 Oct 2025 - Diferoch - 1.jpg", "fecha": "2026-06-24 23:43:01", "desc": "Calf of Megaptera novaeangliae australis observed in Nuquí, Chocó, Colombia.", "img_url": "https://upload.wikimedia.org/wikipedia/commons/0/01/Megaptera_novaeangliae_australis_-_Nuqu%C3%AD%2C_Choc%C3%B3%2C_Colombia_-_22_Oct_2025_-_Diferoch_-_1.jpg", "thumb_url": "https://commons.wikimedia.org/wiki/Special:FilePath/Megaptera%20novaeangliae%20australis%20-%20Nuqu%C3%AD%2C%20Choc%C3%B3%2C%20Colombia%20-%2022%20Oct%202025%20-%20Diferoch%20-%201.jpg?width=640", "commons_url": "https://commons.wikimedia.org/wiki/File:Megaptera_novaeangliae_australis_-_Nuqu%C3%AD,_Choc%C3%B3,_Colombia_-_22_Oct_2025_-_Diferoch_-_1.jpg", "map_url": "https://maps.google.com/?q=5.616402,-77.490096", "departamento": "Choco", "departamento_raw": "CHOCO", "region": "Pacífica", "region_color": "#059669"}}, {"type": "Feature", "geometry": {"type": "Point", "coordinates": [-77.496253, 5.61308]}, "properties": {"id": 1392, "autor": "Diferoch", "nombre": "Megaptera novaeangliae australis - Nuquí, Chocó, Colombia - 22 Oct 2025 - Diferoch - 2.jpg", "fecha": "2026-06-24 23:43:03", "desc": "Calf of Megaptera novaeangliae australis observed in Nuquí, Chocó, Colombia.", "img_url": "https://upload.wikimedia.org/wikipedia/commons/f/fb/Megaptera_novaeangliae_australis_-_Nuqu%C3%AD%2C_Choc%C3%B3%2C_Colombia_-_22_Oct_2025_-_Diferoch_-_2.jpg", "thumb_url": "https://commons.wikimedia.org/wiki/Special:FilePath/Megaptera%20novaeangliae%20australis%20-%20Nuqu%C3%AD%2C%20Choc%C3%B3%2C%20Colombia%20-%2022%20Oct%202025%20-%20Diferoch%20-%202.jpg?width=640", "commons_url": "https://commons.wikimedia.org/wiki/File:Megaptera_novaeangliae_australis_-_Nuqu%C3%AD,_Choc%C3%B3,_Colombia_-_22_Oct_2025_-_Diferoch_-_2.jpg", "map_url": "https://maps.google.com/?q=5.613080,-77.496253", "departamento": "Choco", "departamento_raw": "CHOCO", "region": "Pacífica", "region_color": "#059669"}}, {"type": "Feature", "geometry": {"type": "Point", "coordinates": [-77.502007, 5.608528]}, "properties": {"id": 1393, "autor": "Diferoch", "nombre": "Megaptera novaeangliae australis - Nuquí, Chocó, Colombia - 22 Oct 2025 - Diferoch - 3.jpg", "fecha": "2026-06-24 23:43:04", "desc": "Calf of Megaptera novaeangliae australis observed in Nuquí, Chocó, Colombia.", "img_url": "https://upload.wikimedia.org/wikipedia/commons/a/ae/Megaptera_novaeangliae_australis_-_Nuqu%C3%AD%2C_Choc%C3%B3%2C_Colombia_-_22_Oct_2025_-_Diferoch_-_3.jpg", "thumb_url": "https://commons.wikimedia.org/wiki/Special:FilePath/Megaptera%20novaeangliae%20australis%20-%20Nuqu%C3%AD%2C%20Choc%C3%B3%2C%20Colombia%20-%2022%20Oct%202025%20-%20Diferoch%20-%203.jpg?width=640", "commons_url": "https://commons.wikimedia.org/wiki/File:Megaptera_novaeangliae_australis_-_Nuqu%C3%AD,_Choc%C3%B3,_Colombia_-_22_Oct_2025_-_Diferoch_-_3.jpg", "map_url": "https://maps.google.com/?q=5.608528,-77.502007", "departamento": "Choco", "departamento_raw": "CHOCO", "region": "Pacífica", "region_color": "#059669"}}, {"type": "Feature", "geometry": {"type": "Point", "coordinates": [-73.502273, 4.091467]}, "properties": {"id": 1394, "autor": "Alexpanther", "nombre": "Melanerpes cruentatus Little Woodpecker.png", "fecha": "2026-06-30 15:33:35", "desc": "Esta fotografía captura en primer plano a un carpintero de penacho amarillo (Melanerpes cruentatus) en su postura característica de forrajeo sobre el tronco de un árbol. La iluminación natural destaca el llamativo contraste de su plumaje negro azulado, el rojo intenso de su manto inferior y el imponente iris amarillo que define su expresión alerta. La nitidez de la toma permite apreciar las adaptaciones morfológicas de sus garras y cola, diseñadas para mantener la estabilidad vertical mientras busca alimento o construye cavidades. Más allá de documentar la llamativa paleta cromática de esta ave, la obra invita a apreciar la incansable labor de estos carpinteros en la dinámica del bosque, transformando los troncos secos en refugio para múltiples especies y recordándonos la riqueza alada que habita y dinamiza los ecosistemas colombianos.", "img_url": "https://upload.wikimedia.org/wikipedia/commons/4/40/Melanerpes_cruentatus_Little_Woodpecker.png", "thumb_url": "https://commons.wikimedia.org/wiki/Special:FilePath/Melanerpes%20cruentatus%20Little%20Woodpecker.png?width=640", "commons_url": "https://commons.wikimedia.org/wiki/File:Melanerpes_cruentatus_Little_Woodpecker.png", "map_url": "https://maps.google.com/?q=4.091467,-73.502273", "departamento": "Meta", "departamento_raw": "META", "region": "Orinoquía", "region_color": "#d97706"}}, {"type": "Feature", "geometry": {"type": "Point", "coordinates": [-76.5569, 3.5611]}, "properties": {"id": 1399, "autor": "NicolleTorresG", "nombre": "Mielero Verde Hembra - Chlorophanes spiza.jpg", "fecha": "2026-06-26 22:32:05", "desc": "La hembra del mielero verde presenta un plumaje más discreto que el macho, completamente verde y amarillento, una característica común en muchas especies de aves tropicales.", "img_url": "https://upload.wikimedia.org/wikipedia/commons/2/28/Mielero_Verde_Hembra_-_Chlorophanes_spiza.jpg", "thumb_url": "https://commons.wikimedia.org/wiki/Special:FilePath/Mielero%20Verde%20Hembra%20-%20Chlorophanes%20spiza.jpg?width=640", "commons_url": "https://commons.wikimedia.org/wiki/File:Mielero_Verde_Hembra_-_Chlorophanes_spiza.jpg", "map_url": "https://maps.google.com/?q=3.561100,-76.556900", "departamento": "Valle del Cauca", "departamento_raw": "VALLE DEL CAUCA", "region": "Pacífica", "region_color": "#059669"}}, {"type": "Feature", "geometry": {"type": "Point", "coordinates": [-76.5569, 3.5611]}, "properties": {"id": 1400, "autor": "NicolleTorresG", "nombre": "Mielero Verde Macho - Chlorophanes spiza.jpg", "fecha": "2026-06-26 22:32:04", "desc": "Es nativo de México, América Central y del Sur. El mielero verde macho destaca por el intenso color de su plumaje azul-verde con cabeza negra, una adaptación que resalta entre la vegetación del bosque húmedo.", "img_url": "https://upload.wikimedia.org/wikipedia/commons/5/57/Mielero_Verde_Macho_-_Chlorophanes_spiza.jpg", "thumb_url": "https://commons.wikimedia.org/wiki/Special:FilePath/Mielero%20Verde%20Macho%20-%20Chlorophanes%20spiza.jpg?width=640", "commons_url": "https://commons.wikimedia.org/wiki/File:Mielero_Verde_Macho_-_Chlorophanes_spiza.jpg", "map_url": "https://maps.google.com/?q=3.561100,-76.556900", "departamento": "Valle del Cauca", "departamento_raw": "VALLE DEL CAUCA", "region": "Pacífica", "region_color": "#059669"}}, {"type": "Feature", "geometry": {"type": "Point", "coordinates": [-74.09994, 4.66775]}, "properties": {"id": 1402, "autor": "AmiGueko", "nombre": "Mimbre mayo 2026.jpg", "fecha": "2026-06-04 21:33:41", "desc": "Salix Viminalis - Familia Silicaceae - oriunda de Europa, Occidente de Asia e Himalaya", "img_url": "https://upload.wikimedia.org/wikipedia/commons/2/28/Mimbre_mayo_2026.jpg", "thumb_url": "https://commons.wikimedia.org/wiki/Special:FilePath/Mimbre%20mayo%202026.jpg?width=640", "commons_url": "https://commons.wikimedia.org/wiki/File:Mimbre_mayo_2026.jpg", "map_url": "https://maps.google.com/?q=4.667750,-74.099940", "departamento": "Bogotá D.C.", "departamento_raw": "SANTAFE DE BOGOTA D.C", "region": "Andina", "region_color": "#2563eb"}}, {"type": "Feature", "geometry": {"type": "Point", "coordinates": [-72.70398, 2.515034]}, "properties": {"id": 1405, "autor": "Rodrigomacrophoto", "nombre": "Miradas de Meliponinos.jpg", "fecha": "2026-05-04 17:20:24", "desc": "Una gran cantidad de individuos de meliponinos caminando en el suelo, muchos individuos muertos y otros caminano entre el caos, podria haber sido un enfrentamiento entre dos colonias. Puerta de Orión, San José del Guaviare", "img_url": "https://upload.wikimedia.org/wikipedia/commons/f/ff/Miradas_de_Meliponinos.jpg", "thumb_url": "https://commons.wikimedia.org/wiki/Special:FilePath/Miradas%20de%20Meliponinos.jpg?width=640", "commons_url": "https://commons.wikimedia.org/wiki/File:Miradas_de_Meliponinos.jpg", "map_url": "https://maps.google.com/?q=2.515034,-72.703980", "departamento": "Guaviare", "departamento_raw": "GUAVIARE", "region": "Amazonía", "region_color": "#15803d"}}, {"type": "Feature", "geometry": {"type": "Point", "coordinates": [-73.502273, 4.091467]}, "properties": {"id": 1406, "autor": "Alexpanther", "nombre": "Miradas del Bosque Mono Maicero en el Dosel.png", "fecha": "2026-06-30 12:01:05", "desc": "Esta fotografía captura en primer plano la expresión de un mono maicero (Sapajus apella) posado sobre una rama en el estrato medio del bosque. La toma resalta los rasgos faciales definidos del primate, su mirada atenta y la postura de su extremidad superior aferrándose firmemente a la vegetación nativa. A través de este retrato directo, la obra busca generar una reflexión sobre la sensibilidad y la complejidad conductual de la fauna silvestre que habita los ecosistemas colombianos. La imagen pone de relieve la necesidad de conservar los corredores biológicos arbóreos, los cuales garantizan el refugio, el libre desplazamiento y el sustento de estas comunidades de primates en el territorio.", "img_url": "https://upload.wikimedia.org/wikipedia/commons/0/04/Miradas_del_Bosque_Mono_Maicero_en_el_Dosel.png", "thumb_url": "https://commons.wikimedia.org/wiki/Special:FilePath/Miradas%20del%20Bosque%20Mono%20Maicero%20en%20el%20Dosel.png?width=640", "commons_url": "https://commons.wikimedia.org/wiki/File:Miradas_del_Bosque_Mono_Maicero_en_el_Dosel.png", "map_url": "https://maps.google.com/?q=4.091467,-73.502273", "departamento": "Meta", "departamento_raw": "META", "region": "Orinoquía", "region_color": "#d97706"}}, {"type": "Feature", "geometry": {"type": "Point", "coordinates": [-74.049042, 4.73263]}, "properties": {"id": 1413, "autor": "Dalacuel", "nombre": "Mirasol mexicano.jpg", "fecha": "2026-06-21 14:22:17", "desc": "Cosmos (Cosmos bipinnatus) \"A delicate wildflower with feathery foliage and soft pink blooms that sway in the breeze.\"", "img_url": "https://upload.wikimedia.org/wikipedia/commons/4/4d/Mirasol_mexicano.jpg", "thumb_url": "https://commons.wikimedia.org/wiki/Special:FilePath/Mirasol%20mexicano.jpg?width=640", "commons_url": "https://commons.wikimedia.org/wiki/File:Mirasol_mexicano.jpg", "map_url": "https://maps.google.com/?q=4.732630,-74.049042", "departamento": "Bogotá D.C.", "departamento_raw": "SANTAFE DE BOGOTA D.C", "region": "Andina", "region_color": "#2563eb"}}, {"type": "Feature", "geometry": {"type": "Point", "coordinates": [-74.097728, 4.668296]}, "properties": {"id": 1414, "autor": "Natlycu", "nombre": "Mirla patinaranja (Turdus fuscater) en el Jardín Botánico de Bogotá.jpg", "fecha": "2026-06-30 00:09:23", "desc": "Turdus fuscater in Bogotá Botanical Garden", "img_url": "https://upload.wikimedia.org/wikipedia/commons/c/ce/Mirla_patinaranja_%28Turdus_fuscater%29_en_el_Jard%C3%ADn_Bot%C3%A1nico_de_Bogot%C3%A1.jpg", "thumb_url": "https://commons.wikimedia.org/wiki/Special:FilePath/Mirla%20patinaranja%20%28Turdus%20fuscater%29%20en%20el%20Jard%C3%ADn%20Bot%C3%A1nico%20de%20Bogot%C3%A1.jpg?width=640", "commons_url": "https://commons.wikimedia.org/wiki/File:Mirla_patinaranja_(Turdus_fuscater)_en_el_Jard%C3%ADn_Bot%C3%A1nico_de_Bogot%C3%A1.jpg", "map_url": "https://maps.google.com/?q=4.668296,-74.097728", "departamento": "Bogotá D.C.", "departamento_raw": "SANTAFE DE BOGOTA D.C", "region": "Andina", "region_color": "#2563eb"}}, {"type": "Feature", "geometry": {"type": "Point", "coordinates": [-74.097728, 4.668296]}, "properties": {"id": 1415, "autor": "Natlycu", "nombre": "Mirla patinaranja (Turdus fuscater) en el Jardín Botánico de Bogotá 2.jpg", "fecha": "2026-06-30 00:51:54", "desc": "Turdus fuscater in Bogotá Botanical Garden", "img_url": "https://upload.wikimedia.org/wikipedia/commons/2/27/Mirla_patinaranja_%28Turdus_fuscater%29_en_el_Jard%C3%ADn_Bot%C3%A1nico_de_Bogot%C3%A1_2.jpg", "thumb_url": "https://commons.wikimedia.org/wiki/Special:FilePath/Mirla%20patinaranja%20%28Turdus%20fuscater%29%20en%20el%20Jard%C3%ADn%20Bot%C3%A1nico%20de%20Bogot%C3%A1%202.jpg?width=640", "commons_url": "https://commons.wikimedia.org/wiki/File:Mirla_patinaranja_(Turdus_fuscater)_en_el_Jard%C3%ADn_Bot%C3%A1nico_de_Bogot%C3%A1_2.jpg", "map_url": "https://maps.google.com/?q=4.668296,-74.097728", "departamento": "Bogotá D.C.", "departamento_raw": "SANTAFE DE BOGOTA D.C", "region": "Andina", "region_color": "#2563eb"}}, {"type": "Feature", "geometry": {"type": "Point", "coordinates": [-74.075608, 4.610147]}, "properties": {"id": 1416, "autor": "VirginiaClavijo", "nombre": "Mirla patinaranja - turdus fuscater.jpg", "fecha": "2026-05-25 15:56:08", "desc": "Mirla patinaranja", "img_url": "https://upload.wikimedia.org/wikipedia/commons/0/08/Mirla_patinaranja_-_turdus_fuscater.jpg", "thumb_url": "https://commons.wikimedia.org/wiki/Special:FilePath/Mirla%20patinaranja%20-%20turdus%20fuscater.jpg?width=640", "commons_url": "https://commons.wikimedia.org/wiki/File:Mirla_patinaranja_-_turdus_fuscater.jpg", "map_url": "https://maps.google.com/?q=4.610147,-74.075608", "departamento": "Bogotá D.C.", "departamento_raw": "SANTAFE DE BOGOTA D.C", "region": "Andina", "region_color": "#2563eb"}}, {"type": "Feature", "geometry": {"type": "Point", "coordinates": [-74.789261, 8.070706]}, "properties": {"id": 1417, "autor": "Elprofeta91", "nombre": "Mitad del camino.jpg", "fecha": "2026-05-05 18:58:47", "desc": "En esta vía hacemos deporte", "img_url": "https://upload.wikimedia.org/wikipedia/commons/3/33/Mitad_del_camino.jpg", "thumb_url": "https://commons.wikimedia.org/wiki/Special:FilePath/Mitad%20del%20camino.jpg?width=640", "commons_url": "https://commons.wikimedia.org/wiki/File:Mitad_del_camino.jpg", "map_url": "https://maps.google.com/?q=8.070706,-74.789261", "departamento": "Antioquia", "departamento_raw": "ANTIOQUIA", "region": "Andina", "region_color": "#2563eb"}}, {"type": "Feature", "geometry": {"type": "Point", "coordinates": [-74.09994, 4.66775]}, "properties": {"id": 1419, "autor": "AmiGueko", "nombre": "Molinillo.jpg", "fecha": "2026-06-04 21:33:42", "desc": "Chamaedorea tepejilote - Aracaceae - de México y Colombia", "img_url": "https://upload.wikimedia.org/wikipedia/commons/e/eb/Molinillo.jpg", "thumb_url": "https://commons.wikimedia.org/wiki/Special:FilePath/Molinillo.jpg?width=640", "commons_url": "https://commons.wikimedia.org/wiki/File:Molinillo.jpg", "map_url": "https://maps.google.com/?q=4.667750,-74.099940", "departamento": "Bogotá D.C.", "departamento_raw": "SANTAFE DE BOGOTA D.C", "region": "Andina", "region_color": "#2563eb"}}, {"type": "Feature", "geometry": {"type": "Point", "coordinates": [-74.09994, 4.66775]}, "properties": {"id": 1420, "autor": "AmiGueko", "nombre": "Molinillo2.jpg", "fecha": "2026-06-04 21:33:44", "desc": "Chamaedorea tepejilote - Aracaceae - de México y Colombia", "img_url": "https://upload.wikimedia.org/wikipedia/commons/1/15/Molinillo2.jpg", "thumb_url": "https://commons.wikimedia.org/wiki/Special:FilePath/Molinillo2.jpg?width=640", "commons_url": "https://commons.wikimedia.org/wiki/File:Molinillo2.jpg", "map_url": "https://maps.google.com/?q=4.667750,-74.099940", "departamento": "Bogotá D.C.", "departamento_raw": "SANTAFE DE BOGOTA D.C", "region": "Andina", "region_color": "#2563eb"}}, {"type": "Feature", "geometry": {"type": "Point", "coordinates": [-75.30635, 5.714889]}, "properties": {"id": 1448, "autor": "JuanitoCISF", "nombre": "Montes naranjas.jpg", "fecha": "2026-05-28 10:51:52", "desc": "atardecer y flora de Sonsón, Antioquia", "img_url": "https://upload.wikimedia.org/wikipedia/commons/6/60/Montes_naranjas.jpg", "thumb_url": "https://commons.wikimedia.org/wiki/Special:FilePath/Montes%20naranjas.jpg?width=640", "commons_url": "https://commons.wikimedia.org/wiki/File:Montes_naranjas.jpg", "map_url": "https://maps.google.com/?q=5.714889,-75.306350", "departamento": "Antioquia", "departamento_raw": "ANTIOQUIA", "region": "Andina", "region_color": "#2563eb"}}, {"type": "Feature", "geometry": {"type": "Point", "coordinates": [-75.6854, 4.5994]}, "properties": {"id": 1455, "autor": "NicolleTorresG", "nombre": "Mosquero Cardenal - Pyrocephalus rubinus.jpg", "fecha": "2026-06-26 22:32:07", "desc": "El mosquero cardenal permanece atento desde una percha, listo para capturar insectos mediante rápidos vuelos cortos. El macho es famoso por su plumaje rojo escarlata brillante. Habita desde Estados Unidos hasta el sur de Sudamérica", "img_url": "https://upload.wikimedia.org/wikipedia/commons/4/4d/Mosquero_Cardenal_-_Pyrocephalus_rubinus.jpg", "thumb_url": "https://commons.wikimedia.org/wiki/Special:FilePath/Mosquero%20Cardenal%20-%20Pyrocephalus%20rubinus.jpg?width=640", "commons_url": "https://commons.wikimedia.org/wiki/File:Mosquero_Cardenal_-_Pyrocephalus_rubinus.jpg", "map_url": "https://maps.google.com/?q=4.599400,-75.685400", "departamento": "Quindio", "departamento_raw": "QUINDIO", "region": "Andina", "region_color": "#2563eb"}}, {"type": "Feature", "geometry": {"type": "Point", "coordinates": [-73.989778, 4.561828]}, "properties": {"id": 1459, "autor": "Nbareschu", "nombre": "Musgo del Páramo.jpg", "fecha": "2026-05-07 10:06:20", "desc": "Musgo concéntrico", "img_url": "https://upload.wikimedia.org/wikipedia/commons/1/13/Musgo_del_P%C3%A1ramo.jpg", "thumb_url": "https://commons.wikimedia.org/wiki/Special:FilePath/Musgo%20del%20P%C3%A1ramo.jpg?width=640", "commons_url": "https://commons.wikimedia.org/wiki/File:Musgo_del_P%C3%A1ramo.jpg", "map_url": "https://maps.google.com/?q=4.561828,-73.989778", "departamento": "Cundinamarca", "departamento_raw": "CUNDINAMARCA", "region": "Andina", "region_color": "#2563eb"}}, {"type": "Feature", "geometry": {"type": "Point", "coordinates": [-74.349586, 4.873]}, "properties": {"id": 1460, "autor": "Nbareschu", "nombre": "Musgo en espiral.jpg", "fecha": "2026-05-07 10:06:35", "desc": "Musgo donde nace el agua en la reserva Moravia", "img_url": "https://upload.wikimedia.org/wikipedia/commons/4/4a/Musgo_en_espiral.jpg", "thumb_url": "https://commons.wikimedia.org/wiki/Special:FilePath/Musgo%20en%20espiral.jpg?width=640", "commons_url": "https://commons.wikimedia.org/wiki/File:Musgo_en_espiral.jpg", "map_url": "https://maps.google.com/?q=4.873000,-74.349586", "departamento": "Cundinamarca", "departamento_raw": "CUNDINAMARCA", "region": "Andina", "region_color": "#2563eb"}}, {"type": "Feature", "geometry": {"type": "Point", "coordinates": [-74.344575, 4.8681]}, "properties": {"id": 1461, "autor": "Nbareschu", "nombre": "Musgo negro.jpg", "fecha": "2026-05-07 10:06:37", "desc": "Musgo negro en Güican", "img_url": "https://upload.wikimedia.org/wikipedia/commons/b/b9/Musgo_negro.jpg", "thumb_url": "https://commons.wikimedia.org/wiki/Special:FilePath/Musgo%20negro.jpg?width=640", "commons_url": "https://commons.wikimedia.org/wiki/File:Musgo_negro.jpg", "map_url": "https://maps.google.com/?q=4.868100,-74.344575", "departamento": "Cundinamarca", "departamento_raw": "CUNDINAMARCA", "region": "Andina", "region_color": "#2563eb"}}, {"type": "Feature", "geometry": {"type": "Point", "coordinates": [-73.864098, 7.085062]}, "properties": {"id": 1463, "autor": "Diferoch", "nombre": "Myiozetetes - Barrancabermeja, Santander, Colombia - 31 Dec 2025 - Diferoch.jpg", "fecha": "2026-06-29 22:26:22", "desc": "Individual of unidentified Myiozetetes observed in Barrancabermeja, Santander, Colombia.", "img_url": "https://upload.wikimedia.org/wikipedia/commons/8/89/Myiozetetes_-_Barrancabermeja%2C_Santander%2C_Colombia_-_31_Dec_2025_-_Diferoch.jpg", "thumb_url": "https://commons.wikimedia.org/wiki/Special:FilePath/Myiozetetes%20-%20Barrancabermeja%2C%20Santander%2C%20Colombia%20-%2031%20Dec%202025%20-%20Diferoch.jpg?width=640", "commons_url": "https://commons.wikimedia.org/wiki/File:Myiozetetes_-_Barrancabermeja,_Santander,_Colombia_-_31_Dec_2025_-_Diferoch.jpg", "map_url": "https://maps.google.com/?q=7.085062,-73.864098", "departamento": "Santander", "departamento_raw": "SANTANDER", "region": "Andina", "region_color": "#2563eb"}}, {"type": "Feature", "geometry": {"type": "Point", "coordinates": [-73.864173, 7.085007]}, "properties": {"id": 1464, "autor": "Diferoch", "nombre": "Myiozetetes cayanensis hellmayri - Barrancabermeja, Santander, Colombia - 16 Nov 2025 - Diferoch.jpg", "fecha": "2026-06-29 21:46:15", "desc": "Individual of Myiozetetes cayanensis hellmayri observed in Barrancabermeja, Santander, Colombia.", "img_url": "https://upload.wikimedia.org/wikipedia/commons/2/2e/Myiozetetes_cayanensis_hellmayri_-_Barrancabermeja%2C_Santander%2C_Colombia_-_16_Nov_2025_-_Diferoch.jpg", "thumb_url": "https://commons.wikimedia.org/wiki/Special:FilePath/Myiozetetes%20cayanensis%20hellmayri%20-%20Barrancabermeja%2C%20Santander%2C%20Colombia%20-%2016%20Nov%202025%20-%20Diferoch.jpg?width=640", "commons_url": "https://commons.wikimedia.org/wiki/File:Myiozetetes_cayanensis_hellmayri_-_Barrancabermeja,_Santander,_Colombia_-_16_Nov_2025_-_Diferoch.jpg", "map_url": "https://maps.google.com/?q=7.085007,-73.864173", "departamento": "Santander", "departamento_raw": "SANTANDER", "region": "Andina", "region_color": "#2563eb"}}, {"type": "Feature", "geometry": {"type": "Point", "coordinates": [-73.864098, 7.085063]}, "properties": {"id": 1465, "autor": "Diferoch", "nombre": "Myiozetetes cayanensis hellmayri - Barrancabermeja, Santander, Colombia - 31 Dec 2025 - Diferoch.jpg", "fecha": "2026-06-29 22:26:22", "desc": "Individual of Myiozetetes cayanensis hellmayri observed in Barrancabermeja, Santander, Colombia.", "img_url": "https://upload.wikimedia.org/wikipedia/commons/2/22/Myiozetetes_cayanensis_hellmayri_-_Barrancabermeja%2C_Santander%2C_Colombia_-_31_Dec_2025_-_Diferoch.jpg", "thumb_url": "https://commons.wikimedia.org/wiki/Special:FilePath/Myiozetetes%20cayanensis%20hellmayri%20-%20Barrancabermeja%2C%20Santander%2C%20Colombia%20-%2031%20Dec%202025%20-%20Diferoch.jpg?width=640", "commons_url": "https://commons.wikimedia.org/wiki/File:Myiozetetes_cayanensis_hellmayri_-_Barrancabermeja,_Santander,_Colombia_-_31_Dec_2025_-_Diferoch.jpg", "map_url": "https://maps.google.com/?q=7.085063,-73.864098", "departamento": "Santander", "departamento_raw": "SANTANDER", "region": "Andina", "region_color": "#2563eb"}}, {"type": "Feature", "geometry": {"type": "Point", "coordinates": [-74.788883, 8.070789]}, "properties": {"id": 1468, "autor": "Elprofeta91", "nombre": "Más allá del pueblo.jpg", "fecha": "2026-05-05 18:58:58", "desc": "Una finca en Nechí", "img_url": "https://upload.wikimedia.org/wikipedia/commons/7/7b/M%C3%A1s_all%C3%A1_del_pueblo.jpg", "thumb_url": "https://commons.wikimedia.org/wiki/Special:FilePath/M%C3%A1s%20all%C3%A1%20del%20pueblo.jpg?width=640", "commons_url": "https://commons.wikimedia.org/wiki/File:M%C3%A1s_all%C3%A1_del_pueblo.jpg", "map_url": "https://maps.google.com/?q=8.070789,-74.788883", "departamento": "Antioquia", "departamento_raw": "ANTIOQUIA", "region": "Andina", "region_color": "#2563eb"}}, {"type": "Feature", "geometry": {"type": "Point", "coordinates": [-74.09994, 4.66775]}, "properties": {"id": 1476, "autor": "AmiGueko", "nombre": "Neoregelia-Bromeliaceae.jpg", "fecha": "2026-06-04 21:33:43", "desc": "Bromelia", "img_url": "https://upload.wikimedia.org/wikipedia/commons/3/36/Neoregelia-Bromeliaceae.jpg", "thumb_url": "https://commons.wikimedia.org/wiki/Special:FilePath/Neoregelia-Bromeliaceae.jpg?width=640", "commons_url": "https://commons.wikimedia.org/wiki/File:Neoregelia-Bromeliaceae.jpg", "map_url": "https://maps.google.com/?q=4.667750,-74.099940", "departamento": "Bogotá D.C.", "departamento_raw": "SANTAFE DE BOGOTA D.C", "region": "Andina", "region_color": "#2563eb"}}, {"type": "Feature", "geometry": {"type": "Point", "coordinates": [-74.099944, 4.66775]}, "properties": {"id": 1477, "autor": "AmiGueko", "nombre": "Neoregelia-Bromeliaceae mayo de 2026.jpg", "fecha": "2026-06-05 09:30:23", "desc": "Esta planta suele ser lugar de hábitat de ranas, el ambiente acuático que se forma en su base es ambiente propicio para el crecimiento de renacuajos", "img_url": "https://upload.wikimedia.org/wikipedia/commons/3/36/Neoregelia-Bromeliaceae_mayo_de_2026.jpg", "thumb_url": "https://commons.wikimedia.org/wiki/Special:FilePath/Neoregelia-Bromeliaceae%20mayo%20de%202026.jpg?width=640", "commons_url": "https://commons.wikimedia.org/wiki/File:Neoregelia-Bromeliaceae_mayo_de_2026.jpg", "map_url": "https://maps.google.com/?q=4.667750,-74.099944", "departamento": "Bogotá D.C.", "departamento_raw": "SANTAFE DE BOGOTA D.C", "region": "Andina", "region_color": "#2563eb"}}, {"type": "Feature", "geometry": {"type": "Point", "coordinates": [-73.996147, 5.13175]}, "properties": {"id": 1479, "autor": "JuanitoCISF", "nombre": "Neusa desde las alturas.jpg", "fecha": "2026-05-28 10:29:46", "desc": "Embalse del neusa tomada desde el Páramo de Guerrero", "img_url": "https://upload.wikimedia.org/wikipedia/commons/0/00/Neusa_desde_las_alturas.jpg", "thumb_url": "https://commons.wikimedia.org/wiki/Special:FilePath/Neusa%20desde%20las%20alturas.jpg?width=640", "commons_url": "https://commons.wikimedia.org/wiki/File:Neusa_desde_las_alturas.jpg", "map_url": "https://maps.google.com/?q=5.131750,-73.996147", "departamento": "Cundinamarca", "departamento_raw": "CUNDINAMARCA", "region": "Andina", "region_color": "#2563eb"}}, {"type": "Feature", "geometry": {"type": "Point", "coordinates": [-75.502313, 5.065406]}, "properties": {"id": 1481, "autor": "AmiGueko", "nombre": "Nevado del Ruiz a la altura de Manizales.jpg", "fecha": "2026-05-15 20:30:53", "desc": "Nevado del Ruiz a la altura de Manizales", "img_url": "https://upload.wikimedia.org/wikipedia/commons/5/5d/Nevado_del_Ruiz_a_la_altura_de_Manizales.jpg", "thumb_url": "https://commons.wikimedia.org/wiki/Special:FilePath/Nevado%20del%20Ruiz%20a%20la%20altura%20de%20Manizales.jpg?width=640", "commons_url": "https://commons.wikimedia.org/wiki/File:Nevado_del_Ruiz_a_la_altura_de_Manizales.jpg", "map_url": "https://maps.google.com/?q=5.065406,-75.502313", "departamento": "Caldas", "departamento_raw": "CALDAS", "region": "Andina", "region_color": "#2563eb"}}, {"type": "Feature", "geometry": {"type": "Point", "coordinates": [-74.452158, 4.637934]}, "properties": {"id": 1482, "autor": "AntonioEliseo", "nombre": "Nevado del Tolima vista en atardecer.jpg", "fecha": "2026-06-30 20:06:18", "desc": "Nevado del Tolima durante el atardecer tomado desde La Mesa, Cundinamarca", "img_url": "https://upload.wikimedia.org/wikipedia/commons/4/43/Nevado_del_Tolima_vista_en_atardecer.jpg", "thumb_url": "https://commons.wikimedia.org/wiki/Special:FilePath/Nevado%20del%20Tolima%20vista%20en%20atardecer.jpg?width=640", "commons_url": "https://commons.wikimedia.org/wiki/File:Nevado_del_Tolima_vista_en_atardecer.jpg", "map_url": "https://maps.google.com/?q=4.637934,-74.452158", "departamento": "Cundinamarca", "departamento_raw": "CUNDINAMARCA", "region": "Andina", "region_color": "#2563eb"}}, {"type": "Feature", "geometry": {"type": "Point", "coordinates": [-74.335404, 4.360644]}, "properties": {"id": 1483, "autor": "Natlycu", "nombre": "Nevado del Tolima visto desde Fusagasugá.jpg", "fecha": "2026-06-30 00:51:51", "desc": "Nevado del Tolima seen from Paque Verde Y Agua, Fusagasugá", "img_url": "https://upload.wikimedia.org/wikipedia/commons/9/9a/Nevado_del_Tolima_visto_desde_Fusagasug%C3%A1.jpg", "thumb_url": "https://commons.wikimedia.org/wiki/Special:FilePath/Nevado%20del%20Tolima%20visto%20desde%20Fusagasug%C3%A1.jpg?width=640", "commons_url": "https://commons.wikimedia.org/wiki/File:Nevado_del_Tolima_visto_desde_Fusagasug%C3%A1.jpg", "map_url": "https://maps.google.com/?q=4.360644,-74.335404", "departamento": "Cundinamarca", "departamento_raw": "CUNDINAMARCA", "region": "Andina", "region_color": "#2563eb"}}, {"type": "Feature", "geometry": {"type": "Point", "coordinates": [-75.540278, 10.425]}, "properties": {"id": 1486, "autor": "Johannelob", "nombre": "Nido de aves urbano.jpg", "fecha": "2026-06-27 16:20:25", "desc": "En medio de una cuidad tumultuosa muchas especies locales pueden anidar y garantizar su reproduccion de forma pacifica", "img_url": "https://upload.wikimedia.org/wikipedia/commons/7/7a/Nido_de_aves_urbano.jpg", "thumb_url": "https://commons.wikimedia.org/wiki/Special:FilePath/Nido%20de%20aves%20urbano.jpg?width=640", "commons_url": "https://commons.wikimedia.org/wiki/File:Nido_de_aves_urbano.jpg", "map_url": "https://maps.google.com/?q=10.425000,-75.540278", "departamento": "Bolivar", "departamento_raw": "BOLIVAR", "region": "Caribe", "region_color": "#0891b2"}}, {"type": "Feature", "geometry": {"type": "Point", "coordinates": [-72.354976, 6.449751]}, "properties": {"id": 1489, "autor": "Luifereduardoo", "nombre": "Nieve cocuy.jpg", "fecha": "2026-05-22 13:24:33", "desc": "cocuy snow", "img_url": "https://upload.wikimedia.org/wikipedia/commons/2/21/Nieve_cocuy.jpg", "thumb_url": "https://commons.wikimedia.org/wiki/Special:FilePath/Nieve%20cocuy.jpg?width=640", "commons_url": "https://commons.wikimedia.org/wiki/File:Nieve_cocuy.jpg", "map_url": "https://maps.google.com/?q=6.449751,-72.354976", "departamento": "Boyaca", "departamento_raw": "BOYACA", "region": "Andina", "region_color": "#2563eb"}}, {"type": "Feature", "geometry": {"type": "Point", "coordinates": [-72.354976, 6.449751]}, "properties": {"id": 1490, "autor": "Luifereduardoo", "nombre": "Nieve en las montañas.jpg", "fecha": "2026-05-22 13:24:30", "desc": "snow in the mountains", "img_url": "https://upload.wikimedia.org/wikipedia/commons/9/93/Nieve_en_las_monta%C3%B1as.jpg", "thumb_url": "https://commons.wikimedia.org/wiki/Special:FilePath/Nieve%20en%20las%20monta%C3%B1as.jpg?width=640", "commons_url": "https://commons.wikimedia.org/wiki/File:Nieve_en_las_monta%C3%B1as.jpg", "map_url": "https://maps.google.com/?q=6.449751,-72.354976", "departamento": "Boyaca", "departamento_raw": "BOYACA", "region": "Andina", "region_color": "#2563eb"}}, {"type": "Feature", "geometry": {"type": "Point", "coordinates": [-73.859492, 5.384834]}, "properties": {"id": 1491, "autor": "Jaiber.Guzman", "nombre": "Niflheim,Vereda Santuario, Carmen de Carupa, Cundinamarca.jpg", "fecha": "2026-05-13 21:47:38", "desc": "Niflheim", "img_url": "https://upload.wikimedia.org/wikipedia/commons/3/38/Niflheim%2CVereda_Santuario%2C_Carmen_de_Carupa%2C_Cundinamarca.jpg", "thumb_url": "https://commons.wikimedia.org/wiki/Special:FilePath/Niflheim%2CVereda%20Santuario%2C%20Carmen%20de%20Carupa%2C%20Cundinamarca.jpg?width=640", "commons_url": "https://commons.wikimedia.org/wiki/File:Niflheim,Vereda_Santuario,_Carmen_de_Carupa,_Cundinamarca.jpg", "map_url": "https://maps.google.com/?q=5.384834,-73.859492", "departamento": "Cundinamarca", "departamento_raw": "CUNDINAMARCA", "region": "Andina", "region_color": "#2563eb"}}, {"type": "Feature", "geometry": {"type": "Point", "coordinates": [-76.5569, 3.5611]}, "properties": {"id": 1492, "autor": "NicolleTorresG", "nombre": "Ninfa Coronada - Thalurania colombica.jpg", "fecha": "2026-06-26 22:32:08", "desc": "La ninfa coronada exhibe la iridiscencia característica de su corona mientras se alimenta entre flores del bosque andino. Nativa de América Central y del noroeste de América del Sur.", "img_url": "https://upload.wikimedia.org/wikipedia/commons/1/12/Ninfa_Coronada_-_Thalurania_colombica.jpg", "thumb_url": "https://commons.wikimedia.org/wiki/Special:FilePath/Ninfa%20Coronada%20-%20Thalurania%20colombica.jpg?width=640", "commons_url": "https://commons.wikimedia.org/wiki/File:Ninfa_Coronada_-_Thalurania_colombica.jpg", "map_url": "https://maps.google.com/?q=3.561100,-76.556900", "departamento": "Valle del Cauca", "departamento_raw": "VALLE DEL CAUCA", "region": "Pacífica", "region_color": "#059669"}}, {"type": "Feature", "geometry": {"type": "Point", "coordinates": [-74.085761, 4.87102]}, "properties": {"id": 1493, "autor": "Rodrigomacrophoto", "nombre": "Ninfas de chinche. Familia Coreidae.jpg", "fecha": "2026-06-01 13:00:25", "desc": "Grupo numeroso de ninfas de chinche de la familia Coreidae.", "img_url": "https://upload.wikimedia.org/wikipedia/commons/2/23/Ninfas_de_chinche._Familia_Coreidae.jpg", "thumb_url": "https://commons.wikimedia.org/wiki/Special:FilePath/Ninfas%20de%20chinche.%20Familia%20Coreidae.jpg?width=640", "commons_url": "https://commons.wikimedia.org/wiki/File:Ninfas_de_chinche._Familia_Coreidae.jpg", "map_url": "https://maps.google.com/?q=4.871020,-74.085761", "departamento": "Cundinamarca", "departamento_raw": "CUNDINAMARCA", "region": "Andina", "region_color": "#2563eb"}}, {"type": "Feature", "geometry": {"type": "Point", "coordinates": [-72.909094, 11.554478]}, "properties": {"id": 1494, "autor": "TeaBonsai", "nombre": "Niños en la playa de Rioacha al atardecer junio 2026.jpg", "fecha": "2026-06-20 09:21:02", "desc": "Atardecer en el mar caribe en Riohacha en 2026", "img_url": "https://upload.wikimedia.org/wikipedia/commons/4/4b/Ni%C3%B1os_en_la_playa_de_Rioacha_al_atardecer_junio_2026.jpg", "thumb_url": "https://commons.wikimedia.org/wiki/Special:FilePath/Ni%C3%B1os%20en%20la%20playa%20de%20Rioacha%20al%20atardecer%20junio%202026.jpg?width=640", "commons_url": "https://commons.wikimedia.org/wiki/File:Ni%C3%B1os_en_la_playa_de_Rioacha_al_atardecer_junio_2026.jpg", "map_url": "https://maps.google.com/?q=11.554478,-72.909094", "departamento": "La Guajira", "departamento_raw": "LA GUAJIRA", "region": "Caribe", "region_color": "#0891b2"}}, {"type": "Feature", "geometry": {"type": "Point", "coordinates": [-75.554199, 6.243493]}, "properties": {"id": 1495, "autor": "Guiverfer", "nombre": "No apto para bañarse.jpg", "fecha": "2026-06-26 20:06:37", "desc": "Cuerpo de agua en Medellín", "img_url": "https://upload.wikimedia.org/wikipedia/commons/0/07/No_apto_para_ba%C3%B1arse.jpg", "thumb_url": "https://commons.wikimedia.org/wiki/Special:FilePath/No%20apto%20para%20ba%C3%B1arse.jpg?width=640", "commons_url": "https://commons.wikimedia.org/wiki/File:No_apto_para_ba%C3%B1arse.jpg", "map_url": "https://maps.google.com/?q=6.243493,-75.554199", "departamento": "Antioquia", "departamento_raw": "ANTIOQUIA", "region": "Andina", "region_color": "#2563eb"}}, {"type": "Feature", "geometry": {"type": "Point", "coordinates": [-74.896942, 5.571986]}, "properties": {"id": 1498, "autor": "JJCL09", "nombre": "Norcasia natural.jpg", "fecha": "2026-05-05 21:09:19", "desc": "Trees stood tall", "img_url": "https://upload.wikimedia.org/wikipedia/commons/4/4c/Norcasia_natural.jpg", "thumb_url": "https://commons.wikimedia.org/wiki/Special:FilePath/Norcasia%20natural.jpg?width=640", "commons_url": "https://commons.wikimedia.org/wiki/File:Norcasia_natural.jpg", "map_url": "https://maps.google.com/?q=5.571986,-74.896942", "departamento": "Caldas", "departamento_raw": "CALDAS", "region": "Andina", "region_color": "#2563eb"}}, {"type": "Feature", "geometry": {"type": "Point", "coordinates": [-74.907219, 5.566422]}, "properties": {"id": 1499, "autor": "JJCL09", "nombre": "Norcasia verde.jpg", "fecha": "2026-05-05 21:09:26", "desc": "Green of my Emerald", "img_url": "https://upload.wikimedia.org/wikipedia/commons/7/77/Norcasia_verde.jpg", "thumb_url": "https://commons.wikimedia.org/wiki/Special:FilePath/Norcasia%20verde.jpg?width=640", "commons_url": "https://commons.wikimedia.org/wiki/File:Norcasia_verde.jpg", "map_url": "https://maps.google.com/?q=5.566422,-74.907219", "departamento": "Caldas", "departamento_raw": "CALDAS", "region": "Andina", "region_color": "#2563eb"}}, {"type": "Feature", "geometry": {"type": "Point", "coordinates": [-77.438568, 5.609268]}, "properties": {"id": 1502, "autor": "Diferoch", "nombre": "Numenius hudsonicus - Nuquí, Chocó, Colombia - 23 Oct 2025 - Diferoch.jpg", "fecha": "2026-06-25 17:48:58", "desc": "Individual of Numenius hudsonicus observed in the coastal zone (Pacific Ocean) of Nuquí, Chocó, Colombia.", "img_url": "https://upload.wikimedia.org/wikipedia/commons/b/b0/Numenius_hudsonicus_-_Nuqu%C3%AD%2C_Choc%C3%B3%2C_Colombia_-_23_Oct_2025_-_Diferoch.jpg", "thumb_url": "https://commons.wikimedia.org/wiki/Special:FilePath/Numenius%20hudsonicus%20-%20Nuqu%C3%AD%2C%20Choc%C3%B3%2C%20Colombia%20-%2023%20Oct%202025%20-%20Diferoch.jpg?width=640", "commons_url": "https://commons.wikimedia.org/wiki/File:Numenius_hudsonicus_-_Nuqu%C3%AD,_Choc%C3%B3,_Colombia_-_23_Oct_2025_-_Diferoch.jpg", "map_url": "https://maps.google.com/?q=5.609268,-77.438568", "departamento": "Choco", "departamento_raw": "CHOCO", "region": "Pacífica", "region_color": "#059669"}}, {"type": "Feature", "geometry": {"type": "Point", "coordinates": [-73.756257, 7.096358]}, "properties": {"id": 1503, "autor": "Diferoch", "nombre": "Nyctibius grandis - Barrancabermeja, Santander, Colombia - 14 Jun 2026 - Diferoch.jpg", "fecha": "2026-05-31 18:17:44", "desc": "Individual of Nyctibius grandis observed in Barrancabermeja, Santander, Colombia.", "img_url": "https://upload.wikimedia.org/wikipedia/commons/4/4c/Nyctibius_grandis_-_Barrancabermeja%2C_Santander%2C_Colombia_-_14_Jun_2026_-_Diferoch.jpg", "thumb_url": "https://commons.wikimedia.org/wiki/Special:FilePath/Nyctibius%20grandis%20-%20Barrancabermeja%2C%20Santander%2C%20Colombia%20-%2014%20Jun%202026%20-%20Diferoch.jpg?width=640", "commons_url": "https://commons.wikimedia.org/wiki/File:Nyctibius_grandis_-_Barrancabermeja,_Santander,_Colombia_-_14_Jun_2026_-_Diferoch.jpg", "map_url": "https://maps.google.com/?q=7.096358,-73.756257", "departamento": "Santander", "departamento_raw": "SANTANDER", "region": "Andina", "region_color": "#2563eb"}}, {"type": "Feature", "geometry": {"type": "Point", "coordinates": [-74.53792, 4.51316]}, "properties": {"id": 1504, "autor": "Supertita", "nombre": "Nymphaea-nenúfar rosa.jpg", "fecha": "2026-06-18 21:43:46", "desc": "Nymphaea - nenúfar rosa - Nymphaea pubescens o Nymphaea rubra- Nymphaeaceae (Ninfeáceas).", "img_url": "https://upload.wikimedia.org/wikipedia/commons/5/54/Nymphaea-nen%C3%BAfar_rosa.jpg", "thumb_url": "https://commons.wikimedia.org/wiki/Special:FilePath/Nymphaea-nen%C3%BAfar%20rosa.jpg?width=640", "commons_url": "https://commons.wikimedia.org/wiki/File:Nymphaea-nen%C3%BAfar_rosa.jpg", "map_url": "https://maps.google.com/?q=4.513160,-74.537920", "departamento": "Cundinamarca", "departamento_raw": "CUNDINAMARCA", "region": "Andina", "region_color": "#2563eb"}}, {"type": "Feature", "geometry": {"type": "Point", "coordinates": [-73.3132, 5.3759]}, "properties": {"id": 1505, "autor": "Supertita", "nombre": "Nymphaeaceae family-waterlily or lotus - and damselfly.jpg", "fecha": "2026-06-19 14:37:18", "desc": "Nymphaea nouchali-Nymphaeaceae-waterlily or lotus flower-and damselfly (dragonflie)", "img_url": "https://upload.wikimedia.org/wikipedia/commons/2/2f/Nymphaeaceae_family-waterlily_or_lotus_-_and_damselfly.jpg", "thumb_url": "https://commons.wikimedia.org/wiki/Special:FilePath/Nymphaeaceae%20family-waterlily%20or%20lotus%20-%20and%20damselfly.jpg?width=640", "commons_url": "https://commons.wikimedia.org/wiki/File:Nymphaeaceae_family-waterlily_or_lotus_-_and_damselfly.jpg", "map_url": "https://maps.google.com/?q=5.375900,-7.331320", "departamento": "Boyaca", "departamento_raw": "BOYACA", "region": "Andina", "region_color": "#2563eb"}}, {"type": "Feature", "geometry": {"type": "Point", "coordinates": [-77.41819, 5.624793]}, "properties": {"id": 1509, "autor": "Diferoch", "nombre": "Ocypode gaudichaudii - Nuquí, Chocó, Colombia - 22 Oct 2025 - Diferoch.jpg", "fecha": "2026-06-24 23:43:15", "desc": "Individual of Ocypode gaudichaudii observed in Nuquí, Chocó, Colombia.", "img_url": "https://upload.wikimedia.org/wikipedia/commons/e/e2/Ocypode_gaudichaudii_-_Nuqu%C3%AD%2C_Choc%C3%B3%2C_Colombia_-_22_Oct_2025_-_Diferoch.jpg", "thumb_url": "https://commons.wikimedia.org/wiki/Special:FilePath/Ocypode%20gaudichaudii%20-%20Nuqu%C3%AD%2C%20Choc%C3%B3%2C%20Colombia%20-%2022%20Oct%202025%20-%20Diferoch.jpg?width=640", "commons_url": "https://commons.wikimedia.org/wiki/File:Ocypode_gaudichaudii_-_Nuqu%C3%AD,_Choc%C3%B3,_Colombia_-_22_Oct_2025_-_Diferoch.jpg", "map_url": "https://maps.google.com/?q=5.624793,-77.418190", "departamento": "Choco", "departamento_raw": "CHOCO", "region": "Pacífica", "region_color": "#059669"}}, {"type": "Feature", "geometry": {"type": "Point", "coordinates": [-73.75284, 4.52799]}, "properties": {"id": 1512, "autor": "Supertita", "nombre": "Odocoileus goudotii) female.jpg", "fecha": "2026-06-19 16:58:28", "desc": "Páramo deer (Odocoileus goudotii) female-(doe) venado de cola blanca entre bosque y frailejones", "img_url": "https://upload.wikimedia.org/wikipedia/commons/6/6f/Odocoileus_goudotii%29_female.jpg", "thumb_url": "https://commons.wikimedia.org/wiki/Special:FilePath/Odocoileus%20goudotii%29%20female.jpg?width=640", "commons_url": "https://commons.wikimedia.org/wiki/File:Odocoileus_goudotii)_female.jpg", "map_url": "https://maps.google.com/?q=4.527990,-73.752840", "departamento": "Cundinamarca", "departamento_raw": "CUNDINAMARCA", "region": "Andina", "region_color": "#2563eb"}}, {"type": "Feature", "geometry": {"type": "Point", "coordinates": [-73.75284, 4.52799]}, "properties": {"id": 1513, "autor": "Supertita", "nombre": "Odocoileus virginianus-venado de cola blanca.jpg", "fecha": "2026-06-19 16:58:42", "desc": "Odocoileus virginianus-venado de cola blanca", "img_url": "https://upload.wikimedia.org/wikipedia/commons/f/fe/Odocoileus_virginianus-venado_de_cola_blanca.jpg", "thumb_url": "https://commons.wikimedia.org/wiki/Special:FilePath/Odocoileus%20virginianus-venado%20de%20cola%20blanca.jpg?width=640", "commons_url": "https://commons.wikimedia.org/wiki/File:Odocoileus_virginianus-venado_de_cola_blanca.jpg", "map_url": "https://maps.google.com/?q=4.527990,-73.752840", "departamento": "Cundinamarca", "departamento_raw": "CUNDINAMARCA", "region": "Andina", "region_color": "#2563eb"}}, {"type": "Feature", "geometry": {"type": "Point", "coordinates": [-75.538006, 4.316257]}, "properties": {"id": 1517, "autor": "Luisalberto p", "nombre": "Ognorhynchus icterotis, loro orejiamarillo en su nido.jpg", "fecha": "2026-06-02 18:33:50", "desc": "Una pareja de loros descansa resguardada en una cavidad de palma de cera, en el corazón de su hábitat. Si este árbol desaparece, no solo perderán su refugio; es probable que la especie también vea comprometida su supervivencia.", "img_url": "https://upload.wikimedia.org/wikipedia/commons/9/91/Ognorhynchus_icterotis%2C_loro_orejiamarillo_en_su_nido.jpg", "thumb_url": "https://commons.wikimedia.org/wiki/Special:FilePath/Ognorhynchus%20icterotis%2C%20loro%20orejiamarillo%20en%20su%20nido.jpg?width=640", "commons_url": "https://commons.wikimedia.org/wiki/File:Ognorhynchus_icterotis,_loro_orejiamarillo_en_su_nido.jpg", "map_url": "https://maps.google.com/?q=4.316257,-75.538006", "departamento": "Tolima", "departamento_raw": "TOLIMA", "region": "Andina", "region_color": "#2563eb"}}, {"type": "Feature", "geometry": {"type": "Point", "coordinates": [-75.538006, 4.316257]}, "properties": {"id": 1518, "autor": "Luisalberto p", "nombre": "Ognorhynchus icterotis, loro orejiamarillo en su sitio de nidificación habitual.jpg", "fecha": "2026-06-02 18:33:50", "desc": "una pareja de loros en medio de su habitad idoneo, donde si desaparece la palma de cera, es probable que esta especie tambien lo haga", "img_url": "https://upload.wikimedia.org/wikipedia/commons/b/b3/Ognorhynchus_icterotis%2C_loro_orejiamarillo_en_su_sitio_de_nidificaci%C3%B3n_habitual.jpg", "thumb_url": "https://commons.wikimedia.org/wiki/Special:FilePath/Ognorhynchus%20icterotis%2C%20loro%20orejiamarillo%20en%20su%20sitio%20de%20nidificaci%C3%B3n%20habitual.jpg?width=640", "commons_url": "https://commons.wikimedia.org/wiki/File:Ognorhynchus_icterotis,_loro_orejiamarillo_en_su_sitio_de_nidificaci%C3%B3n_habitual.jpg", "map_url": "https://maps.google.com/?q=4.316257,-75.538006", "departamento": "Tolima", "departamento_raw": "TOLIMA", "region": "Andina", "region_color": "#2563eb"}}, {"type": "Feature", "geometry": {"type": "Point", "coordinates": [-75.538006, 4.316257]}, "properties": {"id": 1519, "autor": "Luisalberto p", "nombre": "Ognorhynchus icterotis, loro orejiamarillo saliendo de su nido.jpg", "fecha": "2026-06-02 18:33:51", "desc": "Una pareja de loros saliendo de una cavidad de palma de cera, en el corazón de su hábitat. Si este árbol desaparece, no solo perderán su refugio; es probable que la especie también vea comprometida su supervivencia.", "img_url": "https://upload.wikimedia.org/wikipedia/commons/8/86/Ognorhynchus_icterotis%2C_loro_orejiamarillo_saliendo_de_su_nido.jpg", "thumb_url": "https://commons.wikimedia.org/wiki/Special:FilePath/Ognorhynchus%20icterotis%2C%20loro%20orejiamarillo%20saliendo%20de%20su%20nido.jpg?width=640", "commons_url": "https://commons.wikimedia.org/wiki/File:Ognorhynchus_icterotis,_loro_orejiamarillo_saliendo_de_su_nido.jpg", "map_url": "https://maps.google.com/?q=4.316257,-75.538006", "departamento": "Tolima", "departamento_raw": "TOLIMA", "region": "Andina", "region_color": "#2563eb"}}, {"type": "Feature", "geometry": {"type": "Point", "coordinates": [-75.306769, 5.715806]}, "properties": {"id": 1520, "autor": "JuanitoCISF", "nombre": "Ojo de Poeta.jpg", "fecha": "2026-05-28 10:51:51", "desc": "flor invasora “Ojo de Poeta” llenando la flora de Sonsón, Antioquia", "img_url": "https://upload.wikimedia.org/wikipedia/commons/f/f8/Ojo_de_Poeta.jpg", "thumb_url": "https://commons.wikimedia.org/wiki/Special:FilePath/Ojo%20de%20Poeta.jpg?width=640", "commons_url": "https://commons.wikimedia.org/wiki/File:Ojo_de_Poeta.jpg", "map_url": "https://maps.google.com/?q=5.715806,-75.306769", "departamento": "Antioquia", "departamento_raw": "ANTIOQUIA", "region": "Andina", "region_color": "#2563eb"}}, {"type": "Feature", "geometry": {"type": "Point", "coordinates": [-74.197827, 5.513748]}, "properties": {"id": 1521, "autor": "Halleyuncometafotografo", "nombre": "Ojos nocturnos.jpg", "fecha": "2026-06-30 21:33:49", "desc": "La noche revela a uno de los mamíferos menos vistos de los bosques andinos, sorprendido entre las ramas por la luz de la cámara.", "img_url": "https://upload.wikimedia.org/wikipedia/commons/a/aa/Ojos_nocturnos.jpg", "thumb_url": "https://commons.wikimedia.org/wiki/Special:FilePath/Ojos%20nocturnos.jpg?width=640", "commons_url": "https://commons.wikimedia.org/wiki/File:Ojos_nocturnos.jpg", "map_url": "https://maps.google.com/?q=5.513748,-74.197827", "departamento": "Boyaca", "departamento_raw": "BOYACA", "region": "Andina", "region_color": "#2563eb"}}, {"type": "Feature", "geometry": {"type": "Point", "coordinates": [-73.109657, 7.120676]}, "properties": {"id": 1522, "autor": "Dewinjj", "nombre": "Oranged.jpg", "fecha": "2026-05-16 15:12:10", "desc": "Colombia, land of eternal spring and eternal summers", "img_url": "https://upload.wikimedia.org/wikipedia/commons/a/ac/Oranged.jpg", "thumb_url": "https://commons.wikimedia.org/wiki/Special:FilePath/Oranged.jpg?width=640", "commons_url": "https://commons.wikimedia.org/wiki/File:Oranged.jpg", "map_url": "https://maps.google.com/?q=7.120676,-73.109657", "departamento": "Santander", "departamento_raw": "SANTANDER", "region": "Andina", "region_color": "#2563eb"}}, {"type": "Feature", "geometry": {"type": "Point", "coordinates": [-74.099944, 4.66775]}, "properties": {"id": 1523, "autor": "AmiGueko", "nombre": "Oreja de elefante.jpg", "fecha": "2026-06-05 09:30:09", "desc": "Oreja de elefante en el Jardín Botánico de Bogotá", "img_url": "https://upload.wikimedia.org/wikipedia/commons/3/36/Oreja_de_elefante.jpg", "thumb_url": "https://commons.wikimedia.org/wiki/Special:FilePath/Oreja%20de%20elefante.jpg?width=640", "commons_url": "https://commons.wikimedia.org/wiki/File:Oreja_de_elefante.jpg", "map_url": "https://maps.google.com/?q=4.667750,-74.099944", "departamento": "Bogotá D.C.", "departamento_raw": "SANTAFE DE BOGOTA D.C", "region": "Andina", "region_color": "#2563eb"}}, {"type": "Feature", "geometry": {"type": "Point", "coordinates": [-74.09994, 4.66775]}, "properties": {"id": 1530, "autor": "AmiGueko", "nombre": "Orquidea mayo de 2026.jpg", "fecha": "2026-06-04 21:33:45", "desc": "orquídea", "img_url": "https://upload.wikimedia.org/wikipedia/commons/d/d4/Orquidea_mayo_de_2026.jpg", "thumb_url": "https://commons.wikimedia.org/wiki/Special:FilePath/Orquidea%20mayo%20de%202026.jpg?width=640", "commons_url": "https://commons.wikimedia.org/wiki/File:Orquidea_mayo_de_2026.jpg", "map_url": "https://maps.google.com/?q=4.667750,-74.099940", "departamento": "Bogotá D.C.", "departamento_raw": "SANTAFE DE BOGOTA D.C", "region": "Andina", "region_color": "#2563eb"}}, {"type": "Feature", "geometry": {"type": "Point", "coordinates": [-74.048827, 4.864605]}, "properties": {"id": 1533, "autor": "Dalacuel", "nombre": "Orquídea cactus.jpg", "fecha": "2026-06-21 14:22:17", "desc": "Orchid Cactus (Epiphyllum sp.) \"A spectacular cactus producing large, exotic flowers that bloom for a short but unforgettable time.\"", "img_url": "https://upload.wikimedia.org/wikipedia/commons/8/83/Orqu%C3%ADdea_cactus.jpg", "thumb_url": "https://commons.wikimedia.org/wiki/Special:FilePath/Orqu%C3%ADdea%20cactus.jpg?width=640", "commons_url": "https://commons.wikimedia.org/wiki/File:Orqu%C3%ADdea_cactus.jpg", "map_url": "https://maps.google.com/?q=4.864605,-74.048827", "departamento": "Cundinamarca", "departamento_raw": "CUNDINAMARCA", "region": "Andina", "region_color": "#2563eb"}}, {"type": "Feature", "geometry": {"type": "Point", "coordinates": [-75.603242, 6.202494]}, "properties": {"id": 1534, "autor": "Mpmarula1", "nombre": "Orquídea colombiana.jpg", "fecha": "2026-05-08 23:54:30", "desc": "Orquídea colombiana", "img_url": "https://upload.wikimedia.org/wikipedia/commons/a/a5/Orqu%C3%ADdea_colombiana.jpg", "thumb_url": "https://commons.wikimedia.org/wiki/Special:FilePath/Orqu%C3%ADdea%20colombiana.jpg?width=640", "commons_url": "https://commons.wikimedia.org/wiki/File:Orqu%C3%ADdea_colombiana.jpg", "map_url": "https://maps.google.com/?q=6.202494,-75.603242", "departamento": "Antioquia", "departamento_raw": "ANTIOQUIA", "region": "Andina", "region_color": "#2563eb"}}, {"type": "Feature", "geometry": {"type": "Point", "coordinates": [-73.989136, 4.562114]}, "properties": {"id": 1535, "autor": "Nbareschu", "nombre": "Orquídea de cruz verde.jpg", "fecha": "2026-05-07 10:06:24", "desc": "Orquídea tapizado", "img_url": "https://upload.wikimedia.org/wikipedia/commons/4/45/Orqu%C3%ADdea_de_cruz_verde.jpg", "thumb_url": "https://commons.wikimedia.org/wiki/Special:FilePath/Orqu%C3%ADdea%20de%20cruz%20verde.jpg?width=640", "commons_url": "https://commons.wikimedia.org/wiki/File:Orqu%C3%ADdea_de_cruz_verde.jpg", "map_url": "https://maps.google.com/?q=4.562114,-73.989136", "departamento": "Cundinamarca", "departamento_raw": "CUNDINAMARCA", "region": "Andina", "region_color": "#2563eb"}}, {"type": "Feature", "geometry": {"type": "Point", "coordinates": [-73.989211, 4.56205]}, "properties": {"id": 1536, "autor": "Nbareschu", "nombre": "Orquídea de mata redonda.jpg", "fecha": "2026-05-07 10:06:21", "desc": "Stelis flower", "img_url": "https://upload.wikimedia.org/wikipedia/commons/5/5b/Orqu%C3%ADdea_de_mata_redonda.jpg", "thumb_url": "https://commons.wikimedia.org/wiki/Special:FilePath/Orqu%C3%ADdea%20de%20mata%20redonda.jpg?width=640", "commons_url": "https://commons.wikimedia.org/wiki/File:Orqu%C3%ADdea_de_mata_redonda.jpg", "map_url": "https://maps.google.com/?q=4.562050,-73.989211", "departamento": "Cundinamarca", "departamento_raw": "CUNDINAMARCA", "region": "Andina", "region_color": "#2563eb"}}, {"type": "Feature", "geometry": {"type": "Point", "coordinates": [-74.097702, 4.669437]}, "properties": {"id": 1537, "autor": "NMontoya (WMCO)", "nombre": "Orquídea de tierra - Spathoglottis plicata Blume.jpg", "fecha": "2026-06-18 19:23:15", "desc": "Orquídea de tierra - Spathoglottis plicata Blume – Género Spathoglottis – Familia Orchidaceae", "img_url": "https://upload.wikimedia.org/wikipedia/commons/8/8a/Orqu%C3%ADdea_de_tierra_-_Spathoglottis_plicata_Blume.jpg", "thumb_url": "https://commons.wikimedia.org/wiki/Special:FilePath/Orqu%C3%ADdea%20de%20tierra%20-%20Spathoglottis%20plicata%20Blume.jpg?width=640", "commons_url": "https://commons.wikimedia.org/wiki/File:Orqu%C3%ADdea_de_tierra_-_Spathoglottis_plicata_Blume.jpg", "map_url": "https://maps.google.com/?q=4.669437,-74.097702", "departamento": "Bogotá D.C.", "departamento_raw": "SANTAFE DE BOGOTA D.C", "region": "Andina", "region_color": "#2563eb"}}, {"type": "Feature", "geometry": {"type": "Point", "coordinates": [-75.09543, 4.941262]}, "properties": {"id": 1539, "autor": "AmiGueko", "nombre": "Orquídeas (13744).jpg", "fecha": "2026-05-24 13:43:57", "desc": "Orquídeas", "img_url": "https://upload.wikimedia.org/wikipedia/commons/6/68/Orqu%C3%ADdeas_%2813744%29.jpg", "thumb_url": "https://commons.wikimedia.org/wiki/Special:FilePath/Orqu%C3%ADdeas%20%2813744%29.jpg?width=640", "commons_url": "https://commons.wikimedia.org/wiki/File:Orqu%C3%ADdeas_(13744).jpg", "map_url": "https://maps.google.com/?q=4.941262,-75.095430", "departamento": "Tolima", "departamento_raw": "TOLIMA", "region": "Andina", "region_color": "#2563eb"}}, {"type": "Feature", "geometry": {"type": "Point", "coordinates": [-74.884624, 4.949794]}, "properties": {"id": 1540, "autor": "AmiGueko", "nombre": "Orquídeas (25083).jpg", "fecha": "2026-05-24 13:43:26", "desc": "Orquídeas", "img_url": "https://upload.wikimedia.org/wikipedia/commons/c/c1/Orqu%C3%ADdeas_%2825083%29.jpg", "thumb_url": "https://commons.wikimedia.org/wiki/Special:FilePath/Orqu%C3%ADdeas%20%2825083%29.jpg?width=640", "commons_url": "https://commons.wikimedia.org/wiki/File:Orqu%C3%ADdeas_(25083).jpg", "map_url": "https://maps.google.com/?q=4.949794,-74.884624", "departamento": "Tolima", "departamento_raw": "TOLIMA", "region": "Andina", "region_color": "#2563eb"}}, {"type": "Feature", "geometry": {"type": "Point", "coordinates": [-74.854865, 4.974434]}, "properties": {"id": 1541, "autor": "AmiGueko", "nombre": "Orquídeas (43127).jpg", "fecha": "2026-05-24 13:43:38", "desc": "Orquídeas", "img_url": "https://upload.wikimedia.org/wikipedia/commons/f/fd/Orqu%C3%ADdeas_%2843127%29.jpg", "thumb_url": "https://commons.wikimedia.org/wiki/Special:FilePath/Orqu%C3%ADdeas%20%2843127%29.jpg?width=640", "commons_url": "https://commons.wikimedia.org/wiki/File:Orqu%C3%ADdeas_(43127).jpg", "map_url": "https://maps.google.com/?q=4.974434,-74.854865", "departamento": "Tolima", "departamento_raw": "TOLIMA", "region": "Andina", "region_color": "#2563eb"}}, {"type": "Feature", "geometry": {"type": "Point", "coordinates": [-74.821796, 4.926758]}, "properties": {"id": 1542, "autor": "AmiGueko", "nombre": "Orquídeas (58671).jpg", "fecha": "2026-05-24 13:44:25", "desc": "Orquídeas", "img_url": "https://upload.wikimedia.org/wikipedia/commons/e/e0/Orqu%C3%ADdeas_%2858671%29.jpg", "thumb_url": "https://commons.wikimedia.org/wiki/Special:FilePath/Orqu%C3%ADdeas%20%2858671%29.jpg?width=640", "commons_url": "https://commons.wikimedia.org/wiki/File:Orqu%C3%ADdeas_(58671).jpg", "map_url": "https://maps.google.com/?q=4.926758,-74.821796", "departamento": "Tolima", "departamento_raw": "TOLIMA", "region": "Andina", "region_color": "#2563eb"}}, {"type": "Feature", "geometry": {"type": "Point", "coordinates": [-74.894363, 5.055419]}, "properties": {"id": 1543, "autor": "AmiGueko", "nombre": "Orquídeas (79044).jpg", "fecha": "2026-05-24 13:44:17", "desc": "Orquídeas", "img_url": "https://upload.wikimedia.org/wikipedia/commons/e/ec/Orqu%C3%ADdeas_%2879044%29.jpg", "thumb_url": "https://commons.wikimedia.org/wiki/Special:FilePath/Orqu%C3%ADdeas%20%2879044%29.jpg?width=640", "commons_url": "https://commons.wikimedia.org/wiki/File:Orqu%C3%ADdeas_(79044).jpg", "map_url": "https://maps.google.com/?q=5.055419,-74.894363", "departamento": "Tolima", "departamento_raw": "TOLIMA", "region": "Andina", "region_color": "#2563eb"}}, {"type": "Feature", "geometry": {"type": "Point", "coordinates": [-74.862736, 4.880582]}, "properties": {"id": 1544, "autor": "AmiGueko", "nombre": "Orquídeas (81266).jpg", "fecha": "2026-05-24 13:44:06", "desc": "Orquídeas", "img_url": "https://upload.wikimedia.org/wikipedia/commons/7/77/Orqu%C3%ADdeas_%2881266%29.jpg", "thumb_url": "https://commons.wikimedia.org/wiki/Special:FilePath/Orqu%C3%ADdeas%20%2881266%29.jpg?width=640", "commons_url": "https://commons.wikimedia.org/wiki/File:Orqu%C3%ADdeas_(81266).jpg", "map_url": "https://maps.google.com/?q=4.880582,-74.862736", "departamento": "Tolima", "departamento_raw": "TOLIMA", "region": "Andina", "region_color": "#2563eb"}}, {"type": "Feature", "geometry": {"type": "Point", "coordinates": [-74.850895, 4.925383]}, "properties": {"id": 1545, "autor": "AmiGueko", "nombre": "Orquídeas (81617).jpg", "fecha": "2026-05-24 13:44:34", "desc": "Orquídeas", "img_url": "https://upload.wikimedia.org/wikipedia/commons/0/06/Orqu%C3%ADdeas_%2881617%29.jpg", "thumb_url": "https://commons.wikimedia.org/wiki/Special:FilePath/Orqu%C3%ADdeas%20%2881617%29.jpg?width=640", "commons_url": "https://commons.wikimedia.org/wiki/File:Orqu%C3%ADdeas_(81617).jpg", "map_url": "https://maps.google.com/?q=4.925383,-74.850895", "departamento": "Tolima", "departamento_raw": "TOLIMA", "region": "Andina", "region_color": "#2563eb"}}, {"type": "Feature", "geometry": {"type": "Point", "coordinates": [-74.845714, 4.943229]}, "properties": {"id": 1546, "autor": "AmiGueko", "nombre": "Orquídeas (86734).jpg", "fecha": "2026-05-24 13:43:49", "desc": "Orquídeas", "img_url": "https://upload.wikimedia.org/wikipedia/commons/a/ae/Orqu%C3%ADdeas_%2886734%29.jpg", "thumb_url": "https://commons.wikimedia.org/wiki/Special:FilePath/Orqu%C3%ADdeas%20%2886734%29.jpg?width=640", "commons_url": "https://commons.wikimedia.org/wiki/File:Orqu%C3%ADdeas_(86734).jpg", "map_url": "https://maps.google.com/?q=4.943229,-74.845714", "departamento": "Tolima", "departamento_raw": "TOLIMA", "region": "Andina", "region_color": "#2563eb"}}, {"type": "Feature", "geometry": {"type": "Point", "coordinates": [-74.14618, 6.711032]}, "properties": {"id": 1547, "autor": "Diferoch", "nombre": "Orthoptera - Cimitarra, Santander, Colombia - 30 Sep 2025 - Diferoch.jpg", "fecha": "2026-06-17 20:16:26", "desc": "Individual of unidentified Orthoptera observed in Cimitarra, Santander, Colombia.", "img_url": "https://upload.wikimedia.org/wikipedia/commons/7/7c/Orthoptera_-_Cimitarra%2C_Santander%2C_Colombia_-_30_Sep_2025_-_Diferoch.jpg", "thumb_url": "https://commons.wikimedia.org/wiki/Special:FilePath/Orthoptera%20-%20Cimitarra%2C%20Santander%2C%20Colombia%20-%2030%20Sep%202025%20-%20Diferoch.jpg?width=640", "commons_url": "https://commons.wikimedia.org/wiki/File:Orthoptera_-_Cimitarra,_Santander,_Colombia_-_30_Sep_2025_-_Diferoch.jpg", "map_url": "https://maps.google.com/?q=6.711032,-74.146180", "departamento": "Santander", "departamento_raw": "SANTANDER", "region": "Andina", "region_color": "#2563eb"}}, {"type": "Feature", "geometry": {"type": "Point", "coordinates": [-73.1175, 5.78]}, "properties": {"id": 1551, "autor": "Pilarrb9286", "nombre": "Oruga Paipa.jpg", "fecha": "2026-05-08 20:28:49", "desc": "Caterpillar_Paipa", "img_url": "https://upload.wikimedia.org/wikipedia/commons/8/8e/Oruga_Paipa.jpg", "thumb_url": "https://commons.wikimedia.org/wiki/Special:FilePath/Oruga%20Paipa.jpg?width=640", "commons_url": "https://commons.wikimedia.org/wiki/File:Oruga_Paipa.jpg", "map_url": "https://maps.google.com/?q=5.780000,-73.117500", "departamento": "Boyaca", "departamento_raw": "BOYACA", "region": "Andina", "region_color": "#2563eb"}}, {"type": "Feature", "geometry": {"type": "Point", "coordinates": [-72.636197, 2.494485]}, "properties": {"id": 1552, "autor": "Rodrigomacrophoto", "nombre": "Oruga de polilla cesta de oro.jpg", "fecha": "2026-05-04 17:20:24", "desc": "Oruga de polilla cesta de oro, pertenece a la familia Urodidae, construyen esta estructura con seda, en la cual pasan parte de su ciclo de vida. Imagen tomada en la reserva El Diamante de las Aguas. San José del Guaviare.", "img_url": "https://upload.wikimedia.org/wikipedia/commons/a/a3/Oruga_de_polilla_cesta_de_oro.jpg", "thumb_url": "https://commons.wikimedia.org/wiki/Special:FilePath/Oruga%20de%20polilla%20cesta%20de%20oro.jpg?width=640", "commons_url": "https://commons.wikimedia.org/wiki/File:Oruga_de_polilla_cesta_de_oro.jpg", "map_url": "https://maps.google.com/?q=2.494485,-72.636197", "departamento": "Guaviare", "departamento_raw": "GUAVIARE", "region": "Amazonía", "region_color": "#15803d"}}, {"type": "Feature", "geometry": {"type": "Point", "coordinates": [-74.290662, 4.972394]}, "properties": {"id": 1553, "autor": "AmiGueko", "nombre": "Oruga en San Francisco, Cundinamarca.jpg", "fecha": "2026-05-14 23:08:32", "desc": "Oruga en San Francisco, Cundinamarca", "img_url": "https://upload.wikimedia.org/wikipedia/commons/d/d1/Oruga_en_San_Francisco%2C_Cundinamarca.jpg", "thumb_url": "https://commons.wikimedia.org/wiki/Special:FilePath/Oruga%20en%20San%20Francisco%2C%20Cundinamarca.jpg?width=640", "commons_url": "https://commons.wikimedia.org/wiki/File:Oruga_en_San_Francisco,_Cundinamarca.jpg", "map_url": "https://maps.google.com/?q=4.972394,-74.290662", "departamento": "Cundinamarca", "departamento_raw": "CUNDINAMARCA", "region": "Andina", "region_color": "#2563eb"}}, {"type": "Feature", "geometry": {"type": "Point", "coordinates": [-74.295378, 4.976074]}, "properties": {"id": 1554, "autor": "AmiGueko", "nombre": "Orugas.jpg", "fecha": "2026-05-24 14:11:50", "desc": "orugas", "img_url": "https://upload.wikimedia.org/wikipedia/commons/7/70/Orugas.jpg", "thumb_url": "https://commons.wikimedia.org/wiki/Special:FilePath/Orugas.jpg?width=640", "commons_url": "https://commons.wikimedia.org/wiki/File:Orugas.jpg", "map_url": "https://maps.google.com/?q=4.976074,-74.295378", "departamento": "Cundinamarca", "departamento_raw": "CUNDINAMARCA", "region": "Andina", "region_color": "#2563eb"}}, {"type": "Feature", "geometry": {"type": "Point", "coordinates": [-74.786069, 8.072294]}, "properties": {"id": 1555, "autor": "Elprofeta91", "nombre": "Otro día.jpg", "fecha": "2026-05-05 18:59:25", "desc": "Una finca en Nechí", "img_url": "https://upload.wikimedia.org/wikipedia/commons/1/14/Otro_d%C3%ADa.jpg", "thumb_url": "https://commons.wikimedia.org/wiki/Special:FilePath/Otro%20d%C3%ADa.jpg?width=640", "commons_url": "https://commons.wikimedia.org/wiki/File:Otro_d%C3%ADa.jpg", "map_url": "https://maps.google.com/?q=8.072294,-74.786069", "departamento": "Antioquia", "departamento_raw": "ANTIOQUIA", "region": "Andina", "region_color": "#2563eb"}}, {"type": "Feature", "geometry": {"type": "Point", "coordinates": [-74.786572, 8.071933]}, "properties": {"id": 1556, "autor": "Elprofeta91", "nombre": "Otro día normal.jpg", "fecha": "2026-05-05 18:59:18", "desc": "Una finca en Nechí", "img_url": "https://upload.wikimedia.org/wikipedia/commons/9/9c/Otro_d%C3%ADa_normal.jpg", "thumb_url": "https://commons.wikimedia.org/wiki/Special:FilePath/Otro%20d%C3%ADa%20normal.jpg?width=640", "commons_url": "https://commons.wikimedia.org/wiki/File:Otro_d%C3%ADa_normal.jpg", "map_url": "https://maps.google.com/?q=8.071933,-74.786572", "departamento": "Antioquia", "departamento_raw": "ANTIOQUIA", "region": "Andina", "region_color": "#2563eb"}}, {"type": "Feature", "geometry": {"type": "Point", "coordinates": [-77.420753, 5.625032]}, "properties": {"id": 1557, "autor": "Diferoch", "nombre": "Pacific Ocean - Nuquí, Chocó, Colombia - 22 Oct 2025 - Diferoch.jpg", "fecha": "2026-06-24 23:42:57", "desc": "Pacific Ocean observed from Nuquí, Chocó, Colombia.", "img_url": "https://upload.wikimedia.org/wikipedia/commons/0/0e/Pacific_Ocean_-_Nuqu%C3%AD%2C_Choc%C3%B3%2C_Colombia_-_22_Oct_2025_-_Diferoch.jpg", "thumb_url": "https://commons.wikimedia.org/wiki/Special:FilePath/Pacific%20Ocean%20-%20Nuqu%C3%AD%2C%20Choc%C3%B3%2C%20Colombia%20-%2022%20Oct%202025%20-%20Diferoch.jpg?width=640", "commons_url": "https://commons.wikimedia.org/wiki/File:Pacific_Ocean_-_Nuqu%C3%AD,_Choc%C3%B3,_Colombia_-_22_Oct_2025_-_Diferoch.jpg", "map_url": "https://maps.google.com/?q=5.625032,-77.420753", "departamento": "Choco", "departamento_raw": "CHOCO", "region": "Pacífica", "region_color": "#059669"}}, {"type": "Feature", "geometry": {"type": "Point", "coordinates": [-77.44574, 5.633037]}, "properties": {"id": 1558, "autor": "Diferoch", "nombre": "Pacific Ocean - Nuquí, Chocó, Colombia - 23 Oct 2025 - Diferoch.jpg", "fecha": "2026-06-25 17:49:05", "desc": "Rainbow over Pacific Ocean in Nuquí, Chocó, Colombia.", "img_url": "https://upload.wikimedia.org/wikipedia/commons/b/bc/Pacific_Ocean_-_Nuqu%C3%AD%2C_Choc%C3%B3%2C_Colombia_-_23_Oct_2025_-_Diferoch.jpg", "thumb_url": "https://commons.wikimedia.org/wiki/Special:FilePath/Pacific%20Ocean%20-%20Nuqu%C3%AD%2C%20Choc%C3%B3%2C%20Colombia%20-%2023%20Oct%202025%20-%20Diferoch.jpg?width=640", "commons_url": "https://commons.wikimedia.org/wiki/File:Pacific_Ocean_-_Nuqu%C3%AD,_Choc%C3%B3,_Colombia_-_23_Oct_2025_-_Diferoch.jpg", "map_url": "https://maps.google.com/?q=5.633037,-77.445740", "departamento": "Choco", "departamento_raw": "CHOCO", "region": "Pacífica", "region_color": "#059669"}}, {"type": "Feature", "geometry": {"type": "Point", "coordinates": [-74.8442, 11.0467]}, "properties": {"id": 1563, "autor": "Project5443", "nombre": "Paisaje Ciénaga de Mallorquín.jpg", "fecha": "2026-05-21 12:39:37", "desc": "Paisaje del Ecparque Cienaga de mallorquín en Barranquilla, Colombia donde el verde de los manglares y el azul del agua crean el escape pefecto", "img_url": "https://upload.wikimedia.org/wikipedia/commons/0/09/Paisaje_Ci%C3%A9naga_de_Mallorqu%C3%ADn.jpg", "thumb_url": "https://commons.wikimedia.org/wiki/Special:FilePath/Paisaje%20Ci%C3%A9naga%20de%20Mallorqu%C3%ADn.jpg?width=640", "commons_url": "https://commons.wikimedia.org/wiki/File:Paisaje_Ci%C3%A9naga_de_Mallorqu%C3%ADn.jpg", "map_url": "https://maps.google.com/?q=11.046700,-74.844200", "departamento": "Atlantico", "departamento_raw": "ATLANTICO", "region": "Caribe", "region_color": "#0891b2"}}, {"type": "Feature", "geometry": {"type": "Point", "coordinates": [-75.34723, 4.934704]}, "properties": {"id": 1572, "autor": "SergioM01", "nombre": "Paisaje de Frailejones.jpg", "fecha": "2026-06-24 16:50:32", "desc": "Panorámica de alta montaña que logra visualizar la inmensidad del páramo bajo un cielo parcialmente nublado, la ladera está poblada por frailejones (Género espeletia), con un piso de pajonales y pastos andinos adaptados a la altura, bajas temperaturas y alta radiación. Al fondo se observa una pared de roca. La foto fue tomada a 4.000 metros sobre el nivel de mar en el Parque Nacional Natural Los Nevados", "img_url": "https://upload.wikimedia.org/wikipedia/commons/e/e8/Paisaje_de_Frailejones.jpg", "thumb_url": "https://commons.wikimedia.org/wiki/Special:FilePath/Paisaje%20de%20Frailejones.jpg?width=640", "commons_url": "https://commons.wikimedia.org/wiki/File:Paisaje_de_Frailejones.jpg", "map_url": "https://maps.google.com/?q=4.934704,-75.347230", "departamento": "Tolima", "departamento_raw": "TOLIMA", "region": "Andina", "region_color": "#2563eb"}}, {"type": "Feature", "geometry": {"type": "Point", "coordinates": [-73.834041, 4.842005]}, "properties": {"id": 1573, "autor": "Estudiante0001", "nombre": "Paisaje de Guasca.jpg", "fecha": "2026-05-21 13:20:04", "desc": "Fotografía de un paisaje en Guasca en La Reserva El zoque.", "img_url": "https://upload.wikimedia.org/wikipedia/commons/4/47/Paisaje_de_Guasca.jpg", "thumb_url": "https://commons.wikimedia.org/wiki/Special:FilePath/Paisaje%20de%20Guasca.jpg?width=640", "commons_url": "https://commons.wikimedia.org/wiki/File:Paisaje_de_Guasca.jpg", "map_url": "https://maps.google.com/?q=4.842005,-73.834041", "departamento": "Cundinamarca", "departamento_raw": "CUNDINAMARCA", "region": "Andina", "region_color": "#2563eb"}}, {"type": "Feature", "geometry": {"type": "Point", "coordinates": [-73.834124, 4.84197]}, "properties": {"id": 1574, "autor": "Estudiante0001", "nombre": "Paisaje de Guasca - La Reserva El Zoque.jpg", "fecha": "2026-05-21 13:20:05", "desc": "Fotografía de un paisaje en Guasca en La Reserva El zoque.", "img_url": "https://upload.wikimedia.org/wikipedia/commons/4/43/Paisaje_de_Guasca_-_La_Reserva_El_Zoque.jpg", "thumb_url": "https://commons.wikimedia.org/wiki/Special:FilePath/Paisaje%20de%20Guasca%20-%20La%20Reserva%20El%20Zoque.jpg?width=640", "commons_url": "https://commons.wikimedia.org/wiki/File:Paisaje_de_Guasca_-_La_Reserva_El_Zoque.jpg", "map_url": "https://maps.google.com/?q=4.841970,-73.834124", "departamento": "Cundinamarca", "departamento_raw": "CUNDINAMARCA", "region": "Andina", "region_color": "#2563eb"}}, {"type": "Feature", "geometry": {"type": "Point", "coordinates": [-74.288956, 4.978491]}, "properties": {"id": 1578, "autor": "AmiGueko", "nombre": "Paisaje de San Francisco, Cundinamarca (87853).jpg", "fecha": "2026-05-14 22:40:00", "desc": "Paisaje de San Francisco, Cundinamarca", "img_url": "https://upload.wikimedia.org/wikipedia/commons/a/ac/Paisaje_de_San_Francisco%2C_Cundinamarca_%2887853%29.jpg", "thumb_url": "https://commons.wikimedia.org/wiki/Special:FilePath/Paisaje%20de%20San%20Francisco%2C%20Cundinamarca%20%2887853%29.jpg?width=640", "commons_url": "https://commons.wikimedia.org/wiki/File:Paisaje_de_San_Francisco,_Cundinamarca_(87853).jpg", "map_url": "https://maps.google.com/?q=4.978491,-74.288956", "departamento": "Cundinamarca", "departamento_raw": "CUNDINAMARCA", "region": "Andina", "region_color": "#2563eb"}}, {"type": "Feature", "geometry": {"type": "Point", "coordinates": [-74.1721, 4.5816]}, "properties": {"id": 1580, "autor": "Supertita", "nombre": "Paisaje de montaña de San Francisco entre neblina.jpg", "fecha": "2026-06-19 18:07:10", "desc": "Paisaje de montaña de San Francisco entre neblina", "img_url": "https://upload.wikimedia.org/wikipedia/commons/a/aa/Paisaje_de_monta%C3%B1a_de_San_Francisco_entre_neblina.jpg", "thumb_url": "https://commons.wikimedia.org/wiki/Special:FilePath/Paisaje%20de%20monta%C3%B1a%20de%20San%20Francisco%20entre%20neblina.jpg?width=640", "commons_url": "https://commons.wikimedia.org/wiki/File:Paisaje_de_monta%C3%B1a_de_San_Francisco_entre_neblina.jpg", "map_url": "https://maps.google.com/?q=4.581600,-7.417210", "departamento": "Bogotá D.C.", "departamento_raw": "SANTAFE DE BOGOTA D.C", "region": "Andina", "region_color": "#2563eb"}}, {"type": "Feature", "geometry": {"type": "Point", "coordinates": [-75.531478, 5.06889]}, "properties": {"id": 1584, "autor": "AmiGueko", "nombre": "Paisaje en Cocorná, Antioquia (12306).jpg", "fecha": "2026-05-14 23:19:42", "desc": "Paisaje en Cocorná, Antioquia", "img_url": "https://upload.wikimedia.org/wikipedia/commons/a/a4/Paisaje_en_Cocorn%C3%A1%2C_Antioquia_%2812306%29.jpg", "thumb_url": "https://commons.wikimedia.org/wiki/Special:FilePath/Paisaje%20en%20Cocorn%C3%A1%2C%20Antioquia%20%2812306%29.jpg?width=640", "commons_url": "https://commons.wikimedia.org/wiki/File:Paisaje_en_Cocorn%C3%A1,_Antioquia_(12306).jpg", "map_url": "https://maps.google.com/?q=5.068890,-75.531478", "departamento": "Caldas", "departamento_raw": "CALDAS", "region": "Andina", "region_color": "#2563eb"}}, {"type": "Feature", "geometry": {"type": "Point", "coordinates": [-75.197948, 6.052822]}, "properties": {"id": 1593, "autor": "AmiGueko", "nombre": "Paisaje en Cocorná, Antioquia (99320).jpg", "fecha": "2026-05-14 23:15:02", "desc": "Paisaje en Cocorná, Antioquia", "img_url": "https://upload.wikimedia.org/wikipedia/commons/b/b4/Paisaje_en_Cocorn%C3%A1%2C_Antioquia_%2899320%29.jpg", "thumb_url": "https://commons.wikimedia.org/wiki/Special:FilePath/Paisaje%20en%20Cocorn%C3%A1%2C%20Antioquia%20%2899320%29.jpg?width=640", "commons_url": "https://commons.wikimedia.org/wiki/File:Paisaje_en_Cocorn%C3%A1,_Antioquia_(99320).jpg", "map_url": "https://maps.google.com/?q=6.052822,-75.197948", "departamento": "Antioquia", "departamento_raw": "ANTIOQUIA", "region": "Andina", "region_color": "#2563eb"}}, {"type": "Feature", "geometry": {"type": "Point", "coordinates": [-74.2902, 4.974942]}, "properties": {"id": 1604, "autor": "AmiGueko", "nombre": "Paisaje San Francisco, Cundinamarca.jpg", "fecha": "2026-05-08 22:47:45", "desc": "Paisaje del bosque tropical húmedo de dicho municipio", "img_url": "https://upload.wikimedia.org/wikipedia/commons/f/f5/Paisaje_San_Francisco%2C_Cundinamarca.jpg", "thumb_url": "https://commons.wikimedia.org/wiki/Special:FilePath/Paisaje%20San%20Francisco%2C%20Cundinamarca.jpg?width=640", "commons_url": "https://commons.wikimedia.org/wiki/File:Paisaje_San_Francisco,_Cundinamarca.jpg", "map_url": "https://maps.google.com/?q=4.974942,-74.290200", "departamento": "Cundinamarca", "departamento_raw": "CUNDINAMARCA", "region": "Andina", "region_color": "#2563eb"}}, {"type": "Feature", "geometry": {"type": "Point", "coordinates": [-74.0435, 4.75467]}, "properties": {"id": 1605, "autor": "Project5443", "nombre": "Paisaje Sede Norte Unisalle.jpg", "fecha": "2026-05-21 13:34:50", "desc": "Laguna en la sede norte de La Universidad de la Salle con gaviotas sobrevolando", "img_url": "https://upload.wikimedia.org/wikipedia/commons/3/38/Paisaje_Sede_Norte_Unisalle.jpg", "thumb_url": "https://commons.wikimedia.org/wiki/Special:FilePath/Paisaje%20Sede%20Norte%20Unisalle.jpg?width=640", "commons_url": "https://commons.wikimedia.org/wiki/File:Paisaje_Sede_Norte_Unisalle.jpg", "map_url": "https://maps.google.com/?q=4.754670,-74.043500", "departamento": "Bogotá D.C.", "departamento_raw": "SANTAFE DE BOGOTA D.C", "region": "Andina", "region_color": "#2563eb"}}, {"type": "Feature", "geometry": {"type": "Point", "coordinates": [-72.337036, 6.479683]}, "properties": {"id": 1613, "autor": "Nbareschu", "nombre": "Paisaje ritacua.jpg", "fecha": "2026-05-07 10:06:56", "desc": "Pajonal de Páramo, ritacua", "img_url": "https://upload.wikimedia.org/wikipedia/commons/2/2b/Paisaje_ritacua.jpg", "thumb_url": "https://commons.wikimedia.org/wiki/Special:FilePath/Paisaje%20ritacua.jpg?width=640", "commons_url": "https://commons.wikimedia.org/wiki/File:Paisaje_ritacua.jpg", "map_url": "https://maps.google.com/?q=6.479683,-72.337036", "departamento": "Boyaca", "departamento_raw": "BOYACA", "region": "Andina", "region_color": "#2563eb"}}, {"type": "Feature", "geometry": {"type": "Point", "coordinates": [-74.15267, 3.979794]}, "properties": {"id": 1614, "autor": "Karl Alberto chanc", "nombre": "Paisaje sumapaz.jpg", "fecha": "2026-06-28 20:50:56", "desc": "Nacimiento Río ariari zumapaz", "img_url": "https://upload.wikimedia.org/wikipedia/commons/7/78/Paisaje_sumapaz.jpg", "thumb_url": "https://commons.wikimedia.org/wiki/Special:FilePath/Paisaje%20sumapaz.jpg?width=640", "commons_url": "https://commons.wikimedia.org/wiki/File:Paisaje_sumapaz.jpg", "map_url": "https://maps.google.com/?q=3.979794,7.415267", "departamento": "Meta", "departamento_raw": "META", "region": "Orinoquía", "region_color": "#d97706"}}, {"type": "Feature", "geometry": {"type": "Point", "coordinates": [-75.125627, 10.495412]}, "properties": {"id": 1620, "autor": "Luifereduardoo", "nombre": "Pajaro en un cactus en el atardecer.png", "fecha": "2026-05-22 13:34:55", "desc": "bird on a cactus at sunset", "img_url": "https://upload.wikimedia.org/wikipedia/commons/7/7f/Pajaro_en_un_cactus_en_el_atardecer.png", "thumb_url": "https://commons.wikimedia.org/wiki/Special:FilePath/Pajaro%20en%20un%20cactus%20en%20el%20atardecer.png?width=640", "commons_url": "https://commons.wikimedia.org/wiki/File:Pajaro_en_un_cactus_en_el_atardecer.png", "map_url": "https://maps.google.com/?q=10.495412,-75.125627", "departamento": "Atlantico", "departamento_raw": "ATLANTICO", "region": "Caribe", "region_color": "#0891b2"}}, {"type": "Feature", "geometry": {"type": "Point", "coordinates": [-74.1721, 4.5816]}, "properties": {"id": 1621, "autor": "Supertita", "nombre": "Palm Tanager Bird (Thraupis palmarum).jpg", "fecha": "2026-06-19 18:07:11", "desc": "La tangara palmera​ es una especie de ave paseriforme de la familia Thraupidae, perteneciente al género Thraupis.", "img_url": "https://upload.wikimedia.org/wikipedia/commons/c/c5/Palm_Tanager_Bird_%28Thraupis_palmarum%29.jpg", "thumb_url": "https://commons.wikimedia.org/wiki/Special:FilePath/Palm%20Tanager%20Bird%20%28Thraupis%20palmarum%29.jpg?width=640", "commons_url": "https://commons.wikimedia.org/wiki/File:Palm_Tanager_Bird_(Thraupis_palmarum).jpg", "map_url": "https://maps.google.com/?q=4.581600,-7.417210", "departamento": "Bogotá D.C.", "departamento_raw": "SANTAFE DE BOGOTA D.C", "region": "Andina", "region_color": "#2563eb"}}, {"type": "Feature", "geometry": {"type": "Point", "coordinates": [-74.097702, 4.669437]}, "properties": {"id": 1624, "autor": "NMontoya (WMCO)", "nombre": "Palma de Corozo - Familia Arecaceae.jpg", "fecha": "2026-06-18 19:23:09", "desc": "Mararay - Palma de Corozo - Familia Arecaceae", "img_url": "https://upload.wikimedia.org/wikipedia/commons/8/8a/Palma_de_Corozo_-_Familia_Arecaceae.jpg", "thumb_url": "https://commons.wikimedia.org/wiki/Special:FilePath/Palma%20de%20Corozo%20-%20Familia%20Arecaceae.jpg?width=640", "commons_url": "https://commons.wikimedia.org/wiki/File:Palma_de_Corozo_-_Familia_Arecaceae.jpg", "map_url": "https://maps.google.com/?q=4.669437,-74.097702", "departamento": "Bogotá D.C.", "departamento_raw": "SANTAFE DE BOGOTA D.C", "region": "Andina", "region_color": "#2563eb"}}, {"type": "Feature", "geometry": {"type": "Point", "coordinates": [-72.53127, 7.883198]}, "properties": {"id": 1626, "autor": "Leo123qwerty", "nombre": "Palma de coco (Cocos nucifera).jpg", "fecha": "2026-06-28 17:51:14", "desc": "Ejemplar de palmera tropical con un estípite (tronco) delgado y una copa densa compuesta por frondas pinnadas de color verde brillante y tonalidades amarillentas. En el centro de la copa se aprecian algunos frutos (cocos) en desarrollo.", "img_url": "https://upload.wikimedia.org/wikipedia/commons/7/7e/Palma_de_coco_%28Cocos_nucifera%29.jpg", "thumb_url": "https://commons.wikimedia.org/wiki/Special:FilePath/Palma%20de%20coco%20%28Cocos%20nucifera%29.jpg?width=640", "commons_url": "https://commons.wikimedia.org/wiki/File:Palma_de_coco_(Cocos_nucifera).jpg", "map_url": "https://maps.google.com/?q=-7.883198,-72.531270", "departamento": "Norte de Santander", "departamento_raw": "NORTE DE SANTANDER", "region": "Andina", "region_color": "#2563eb"}}, {"type": "Feature", "geometry": {"type": "Point", "coordinates": [-74.282561, 5.02991]}, "properties": {"id": 1627, "autor": "Supertita", "nombre": "Palma de moriche.jpg", "fecha": "2026-06-18 19:23:16", "desc": "palma moriche, canangucha, palmera", "img_url": "https://upload.wikimedia.org/wikipedia/commons/8/83/Palma_de_moriche.jpg", "thumb_url": "https://commons.wikimedia.org/wiki/Special:FilePath/Palma%20de%20moriche.jpg?width=640", "commons_url": "https://commons.wikimedia.org/wiki/File:Palma_de_moriche.jpg", "map_url": "https://maps.google.com/?q=5.029910,-74.282561", "departamento": "Cundinamarca", "departamento_raw": "CUNDINAMARCA", "region": "Andina", "region_color": "#2563eb"}}, {"type": "Feature", "geometry": {"type": "Point", "coordinates": [-74.897072, 5.571886]}, "properties": {"id": 1632, "autor": "JJCL09", "nombre": "Palmas de sol.jpg", "fecha": "2026-05-05 21:09:19", "desc": "Shadows of a memory", "img_url": "https://upload.wikimedia.org/wikipedia/commons/1/17/Palmas_de_sol.jpg", "thumb_url": "https://commons.wikimedia.org/wiki/Special:FilePath/Palmas%20de%20sol.jpg?width=640", "commons_url": "https://commons.wikimedia.org/wiki/File:Palmas_de_sol.jpg", "map_url": "https://maps.google.com/?q=5.571886,-74.897072", "departamento": "Caldas", "departamento_raw": "CALDAS", "region": "Andina", "region_color": "#2563eb"}}, {"type": "Feature", "geometry": {"type": "Point", "coordinates": [-74.09994, 4.66775]}, "properties": {"id": 1642, "autor": "AmiGueko", "nombre": "Panama Queen.jpg", "fecha": "2026-06-04 21:33:47", "desc": "Planta en el Jardín Botánico de Bogotá", "img_url": "https://upload.wikimedia.org/wikipedia/commons/9/98/Panama_Queen.jpg", "thumb_url": "https://commons.wikimedia.org/wiki/Special:FilePath/Panama%20Queen.jpg?width=640", "commons_url": "https://commons.wikimedia.org/wiki/File:Panama_Queen.jpg", "map_url": "https://maps.google.com/?q=4.667750,-74.099940", "departamento": "Bogotá D.C.", "departamento_raw": "SANTAFE DE BOGOTA D.C", "region": "Andina", "region_color": "#2563eb"}}, {"type": "Feature", "geometry": {"type": "Point", "coordinates": [-76.6096, 3.3229]}, "properties": {"id": 1644, "autor": "PapisitoDeEmmanuel", "nombre": "Pance River, Cali, Colombia.jpg", "fecha": "2026-05-12 21:59:57", "desc": "Pance Rive, Cali, Colombia. The entire area and surroundings are biodiversity pretected.", "img_url": "https://upload.wikimedia.org/wikipedia/commons/6/60/Pance_River%2C_Cali%2C_Colombia.jpg", "thumb_url": "https://commons.wikimedia.org/wiki/Special:FilePath/Pance%20River%2C%20Cali%2C%20Colombia.jpg?width=640", "commons_url": "https://commons.wikimedia.org/wiki/File:Pance_River,_Cali,_Colombia.jpg", "map_url": "https://maps.google.com/?q=3.322900,-76.609600", "departamento": "Valle del Cauca", "departamento_raw": "VALLE DEL CAUCA", "region": "Pacífica", "region_color": "#059669"}}, {"type": "Feature", "geometry": {"type": "Point", "coordinates": [-74.294787, 4.578887]}, "properties": {"id": 1646, "autor": "Johan Andrés Toro", "nombre": "Panorámica aérea del cañón del Río Bogotá tras el Salto del Tequendama.jpg", "fecha": "2026-05-29 15:02:43", "desc": "Vista panorámica con dron que documenta la fractura geológica del terreno posterior a la gran cascada. Se aprecia el curso del río abriéndose paso en el fondo del abismo, enmarcado por acantilados cubiertos de vegetación nativa y nubes bajas dispersas.", "img_url": "https://upload.wikimedia.org/wikipedia/commons/3/39/Panor%C3%A1mica_a%C3%A9rea_del_ca%C3%B1%C3%B3n_del_R%C3%ADo_Bogot%C3%A1_tras_el_Salto_del_Tequendama.jpg", "thumb_url": "https://commons.wikimedia.org/wiki/Special:FilePath/Panor%C3%A1mica%20a%C3%A9rea%20del%20ca%C3%B1%C3%B3n%20del%20R%C3%ADo%20Bogot%C3%A1%20tras%20el%20Salto%20del%20Tequendama.jpg?width=640", "commons_url": "https://commons.wikimedia.org/wiki/File:Panor%C3%A1mica_a%C3%A9rea_del_ca%C3%B1%C3%B3n_del_R%C3%ADo_Bogot%C3%A1_tras_el_Salto_del_Tequendama.jpg", "map_url": "https://maps.google.com/?q=4.578887,-74.294787", "departamento": "Cundinamarca", "departamento_raw": "CUNDINAMARCA", "region": "Andina", "region_color": "#2563eb"}}, {"type": "Feature", "geometry": {"type": "Point", "coordinates": [-74.097702, 4.669437]}, "properties": {"id": 1656, "autor": "NMontoya (WMCO)", "nombre": "Papiro - Cyperus papyrus - Cyperaceae.jpg", "fecha": "2026-06-18 19:23:17", "desc": "El papiro (Cyperus papyrus) es una planta palustre de la familia de las ciperáceas, con tallos erguidos de sección triangular que pueden alcanzar entre 3 y 6 metros en su hábitat natural", "img_url": "https://upload.wikimedia.org/wikipedia/commons/5/58/Papiro_-_Cyperus_papyrus_-_Cyperaceae.jpg", "thumb_url": "https://commons.wikimedia.org/wiki/Special:FilePath/Papiro%20-%20Cyperus%20papyrus%20-%20Cyperaceae.jpg?width=640", "commons_url": "https://commons.wikimedia.org/wiki/File:Papiro_-_Cyperus_papyrus_-_Cyperaceae.jpg", "map_url": "https://maps.google.com/?q=4.669437,-74.097702", "departamento": "Bogotá D.C.", "departamento_raw": "SANTAFE DE BOGOTA D.C", "region": "Andina", "region_color": "#2563eb"}}, {"type": "Feature", "geometry": {"type": "Point", "coordinates": [-73.75284, 4.52799]}, "properties": {"id": 1658, "autor": "Supertita", "nombre": "Paramo Chingaza con neblina.jpg", "fecha": "2026-06-19 16:58:44", "desc": "Paramo Chingaza con neblina y frailejones", "img_url": "https://upload.wikimedia.org/wikipedia/commons/e/e7/Paramo_Chingaza_con_neblina.jpg", "thumb_url": "https://commons.wikimedia.org/wiki/Special:FilePath/Paramo%20Chingaza%20con%20neblina.jpg?width=640", "commons_url": "https://commons.wikimedia.org/wiki/File:Paramo_Chingaza_con_neblina.jpg", "map_url": "https://maps.google.com/?q=4.527990,-73.752840", "departamento": "Cundinamarca", "departamento_raw": "CUNDINAMARCA", "region": "Andina", "region_color": "#2563eb"}}, {"type": "Feature", "geometry": {"type": "Point", "coordinates": [-74.0, 4.55]}, "properties": {"id": 1664, "autor": "Diferoch", "nombre": "Parque Ecológico Matarredonda - 23-May-2025.jpg", "fecha": "2026-05-04 12:01:36", "desc": "Parque Ecológico Matarredonda", "img_url": "https://upload.wikimedia.org/wikipedia/commons/7/73/Parque_Ecol%C3%B3gico_Matarredonda_-_23-May-2025.jpg", "thumb_url": "https://commons.wikimedia.org/wiki/Special:FilePath/Parque%20Ecol%C3%B3gico%20Matarredonda%20-%2023-May-2025.jpg?width=640", "commons_url": "https://commons.wikimedia.org/wiki/File:Parque_Ecol%C3%B3gico_Matarredonda_-_23-May-2025.jpg", "map_url": "https://maps.google.com/?q=4.550000,-74.000000", "departamento": "Cundinamarca", "departamento_raw": "CUNDINAMARCA", "region": "Andina", "region_color": "#2563eb"}}, {"type": "Feature", "geometry": {"type": "Point", "coordinates": [-74.0, 4.55]}, "properties": {"id": 1665, "autor": "Diferoch", "nombre": "Parque Ecológico Matarredonda 2 - 23-May-2025.jpg", "fecha": "2026-05-04 12:19:33", "desc": "Landscape of Parque Ecológico Matarredonda, Cundinamarca, Colombia.", "img_url": "https://upload.wikimedia.org/wikipedia/commons/0/01/Parque_Ecol%C3%B3gico_Matarredonda_2_-_23-May-2025.jpg", "thumb_url": "https://commons.wikimedia.org/wiki/Special:FilePath/Parque%20Ecol%C3%B3gico%20Matarredonda%202%20-%2023-May-2025.jpg?width=640", "commons_url": "https://commons.wikimedia.org/wiki/File:Parque_Ecol%C3%B3gico_Matarredonda_2_-_23-May-2025.jpg", "map_url": "https://maps.google.com/?q=4.550000,-74.000000", "departamento": "Cundinamarca", "departamento_raw": "CUNDINAMARCA", "region": "Andina", "region_color": "#2563eb"}}, {"type": "Feature", "geometry": {"type": "Point", "coordinates": [-74.0, 4.55]}, "properties": {"id": 1666, "autor": "Diferoch", "nombre": "Parque Ecológico Matarredonda 3 - 23-May-2025.jpg", "fecha": "2026-05-04 12:19:38", "desc": "Landscape of Parque Ecológico Matarredonda, Cundinamarca, Colombia.", "img_url": "https://upload.wikimedia.org/wikipedia/commons/9/96/Parque_Ecol%C3%B3gico_Matarredonda_3_-_23-May-2025.jpg", "thumb_url": "https://commons.wikimedia.org/wiki/Special:FilePath/Parque%20Ecol%C3%B3gico%20Matarredonda%203%20-%2023-May-2025.jpg?width=640", "commons_url": "https://commons.wikimedia.org/wiki/File:Parque_Ecol%C3%B3gico_Matarredonda_3_-_23-May-2025.jpg", "map_url": "https://maps.google.com/?q=4.550000,-74.000000", "departamento": "Cundinamarca", "departamento_raw": "CUNDINAMARCA", "region": "Andina", "region_color": "#2563eb"}}, {"type": "Feature", "geometry": {"type": "Point", "coordinates": [-73.99667, 4.54835]}, "properties": {"id": 1667, "autor": "Diferoch", "nombre": "Parque Ecológico Matarredonda 4 - 23-May-2025.jpg", "fecha": "2026-05-04 12:19:34", "desc": "Landscape of Parque Ecológico Matarredonda, Cundinamarca, Colombia.", "img_url": "https://upload.wikimedia.org/wikipedia/commons/9/9e/Parque_Ecol%C3%B3gico_Matarredonda_4_-_23-May-2025.jpg", "thumb_url": "https://commons.wikimedia.org/wiki/Special:FilePath/Parque%20Ecol%C3%B3gico%20Matarredonda%204%20-%2023-May-2025.jpg?width=640", "commons_url": "https://commons.wikimedia.org/wiki/File:Parque_Ecol%C3%B3gico_Matarredonda_4_-_23-May-2025.jpg", "map_url": "https://maps.google.com/?q=4.548350,-73.996670", "departamento": "Cundinamarca", "departamento_raw": "CUNDINAMARCA", "region": "Andina", "region_color": "#2563eb"}}, {"type": "Feature", "geometry": {"type": "Point", "coordinates": [-74.183333, 11.283333]}, "properties": {"id": 1709, "autor": "Supertita", "nombre": "Parque Tayrona y montaña de la Sierra Nevada de Santa Marta.jpg", "fecha": "2026-06-19 16:25:32", "desc": "Parque Tayrona y montaña de la Sierra Nevada de Santa Marta", "img_url": "https://upload.wikimedia.org/wikipedia/commons/8/83/Parque_Tayrona_y_monta%C3%B1a_de_la_Sierra_Nevada_de_Santa_Marta.jpg", "thumb_url": "https://commons.wikimedia.org/wiki/Special:FilePath/Parque%20Tayrona%20y%20monta%C3%B1a%20de%20la%20Sierra%20Nevada%20de%20Santa%20Marta.jpg?width=640", "commons_url": "https://commons.wikimedia.org/wiki/File:Parque_Tayrona_y_monta%C3%B1a_de_la_Sierra_Nevada_de_Santa_Marta.jpg", "map_url": "https://maps.google.com/?q=11.283333,-74.183333", "departamento": "Magdalena", "departamento_raw": "MAGDALENA", "region": "Caribe", "region_color": "#0891b2"}}, {"type": "Feature", "geometry": {"type": "Point", "coordinates": [-74.394333, 5.197833]}, "properties": {"id": 1710, "autor": "Romauribe", "nombre": "Parte de la cordillera oriental, Colombia.jpg", "fecha": "2026-06-08 11:18:53", "desc": "View of part of the eastern mountain range of Colombia from La Peña, Cundinamarca", "img_url": "https://upload.wikimedia.org/wikipedia/commons/8/8b/Parte_de_la_cordillera_oriental%2C_Colombia.jpg", "thumb_url": "https://commons.wikimedia.org/wiki/Special:FilePath/Parte%20de%20la%20cordillera%20oriental%2C%20Colombia.jpg?width=640", "commons_url": "https://commons.wikimedia.org/wiki/File:Parte_de_la_cordillera_oriental,_Colombia.jpg", "map_url": "https://maps.google.com/?q=5.197833,-74.394333", "departamento": "Cundinamarca", "departamento_raw": "CUNDINAMARCA", "region": "Andina", "region_color": "#2563eb"}}, {"type": "Feature", "geometry": {"type": "Point", "coordinates": [-74.325517, 4.850792]}, "properties": {"id": 1711, "autor": "Nbareschu", "nombre": "Parásita de raíz.jpg", "fecha": "2026-05-07 10:06:41", "desc": "Inflorescencia masculina de Lagsdophia", "img_url": "https://upload.wikimedia.org/wikipedia/commons/0/00/Par%C3%A1sita_de_ra%C3%ADz.jpg", "thumb_url": "https://commons.wikimedia.org/wiki/Special:FilePath/Par%C3%A1sita%20de%20ra%C3%ADz.jpg?width=640", "commons_url": "https://commons.wikimedia.org/wiki/File:Par%C3%A1sita_de_ra%C3%ADz.jpg", "map_url": "https://maps.google.com/?q=4.850792,-74.325517", "departamento": "Cundinamarca", "departamento_raw": "CUNDINAMARCA", "region": "Andina", "region_color": "#2563eb"}}, {"type": "Feature", "geometry": {"type": "Point", "coordinates": [-75.640814, 6.226906]}, "properties": {"id": 1726, "autor": "AmiGueko", "nombre": "Pava Andina.jpg", "fecha": "2026-05-14 23:28:23", "desc": "Pava Andina", "img_url": "https://upload.wikimedia.org/wikipedia/commons/f/f5/Pava_Andina.jpg", "thumb_url": "https://commons.wikimedia.org/wiki/Special:FilePath/Pava%20Andina.jpg?width=640", "commons_url": "https://commons.wikimedia.org/wiki/File:Pava_Andina.jpg", "map_url": "https://maps.google.com/?q=6.226906,-75.640814", "departamento": "Antioquia", "departamento_raw": "ANTIOQUIA", "region": "Andina", "region_color": "#2563eb"}}, {"type": "Feature", "geometry": {"type": "Point", "coordinates": [-74.335404, 4.360644]}, "properties": {"id": 1729, "autor": "Natlycu", "nombre": "Payador canela (Diglossa sittoides) en Paque Verde Y Agua, Fusagasugá, (Cundinamarca).jpg", "fecha": "2026-06-30 00:09:21", "desc": "Diglossa sittoides in Fusagasugá, (Cundinamarca)", "img_url": "https://upload.wikimedia.org/wikipedia/commons/b/b4/Payador_canela_%28Diglossa_sittoides%29_en_Paque_Verde_Y_Agua%2C_Fusagasug%C3%A1%2C_%28Cundinamarca%29.jpg", "thumb_url": "https://commons.wikimedia.org/wiki/Special:FilePath/Payador%20canela%20%28Diglossa%20sittoides%29%20en%20Paque%20Verde%20Y%20Agua%2C%20Fusagasug%C3%A1%2C%20%28Cundinamarca%29.jpg?width=640", "commons_url": "https://commons.wikimedia.org/wiki/File:Payador_canela_(Diglossa_sittoides)_en_Paque_Verde_Y_Agua,_Fusagasug%C3%A1,_(Cundinamarca).jpg", "map_url": "https://maps.google.com/?q=4.360644,-74.335404", "departamento": "Cundinamarca", "departamento_raw": "CUNDINAMARCA", "region": "Andina", "region_color": "#2563eb"}}, {"type": "Feature", "geometry": {"type": "Point", "coordinates": [-74.0479, 4.575927]}, "properties": {"id": 1731, "autor": "Sophy Martinez", "nombre": "Pedo de lobo (Lycoperdon sp.).jpg", "fecha": "2026-06-29 01:40:02", "desc": "Una nube de esporas en espera: pedo de lobo (Lycoperdon sp.) entre un bosque de pino de los Cerros Orientales de Bogotá.", "img_url": "https://upload.wikimedia.org/wikipedia/commons/7/7e/Pedo_de_lobo_%28Lycoperdon_sp.%29.jpg", "thumb_url": "https://commons.wikimedia.org/wiki/Special:FilePath/Pedo%20de%20lobo%20%28Lycoperdon%20sp.%29.jpg?width=640", "commons_url": "https://commons.wikimedia.org/wiki/File:Pedo_de_lobo_(Lycoperdon_sp.).jpg", "map_url": "https://maps.google.com/?q=4.575927,-74.047900", "departamento": "Bogotá D.C.", "departamento_raw": "SANTAFE DE BOGOTA D.C", "region": "Andina", "region_color": "#2563eb"}}, {"type": "Feature", "geometry": {"type": "Point", "coordinates": [-74.099779, 4.66788]}, "properties": {"id": 1732, "autor": "Project5443", "nombre": "Pelargonium en Jardín Botanico.jpg", "fecha": "2026-05-21 13:34:53", "desc": "Photo taken at the Botanical Garden of Bogotá of a double-flowered fuchsia-colored geranium", "img_url": "https://upload.wikimedia.org/wikipedia/commons/0/0c/Pelargonium_en_Jard%C3%ADn_Botanico.jpg", "thumb_url": "https://commons.wikimedia.org/wiki/Special:FilePath/Pelargonium%20en%20Jard%C3%ADn%20Botanico.jpg?width=640", "commons_url": "https://commons.wikimedia.org/wiki/File:Pelargonium_en_Jard%C3%ADn_Botanico.jpg", "map_url": "https://maps.google.com/?q=4.667880,-74.099779", "departamento": "Bogotá D.C.", "departamento_raw": "SANTAFE DE BOGOTA D.C", "region": "Andina", "region_color": "#2563eb"}}, {"type": "Feature", "geometry": {"type": "Point", "coordinates": [-74.226852, 11.141583]}, "properties": {"id": 1733, "autor": "Diferoch", "nombre": "Pelecanus occidentalis - Santa Marta, Magdalena, Colombia - 24 Jun 2025 - Diferoch - 1.jpg", "fecha": "2026-06-06 23:19:41", "desc": "Adult individual of Pelecanus occidentalis observed in Santa Marta, Magdalena, Colombia.", "img_url": "https://upload.wikimedia.org/wikipedia/commons/6/6c/Pelecanus_occidentalis_-_Santa_Marta%2C_Magdalena%2C_Colombia_-_24_Jun_2025_-_Diferoch_-_1.jpg", "thumb_url": "https://commons.wikimedia.org/wiki/Special:FilePath/Pelecanus%20occidentalis%20-%20Santa%20Marta%2C%20Magdalena%2C%20Colombia%20-%2024%20Jun%202025%20-%20Diferoch%20-%201.jpg?width=640", "commons_url": "https://commons.wikimedia.org/wiki/File:Pelecanus_occidentalis_-_Santa_Marta,_Magdalena,_Colombia_-_24_Jun_2025_-_Diferoch_-_1.jpg", "map_url": "https://maps.google.com/?q=11.141583,-74.226852", "departamento": "Magdalena", "departamento_raw": "MAGDALENA", "region": "Caribe", "region_color": "#0891b2"}}, {"type": "Feature", "geometry": {"type": "Point", "coordinates": [-74.226943, 11.141598]}, "properties": {"id": 1734, "autor": "Diferoch", "nombre": "Pelecanus occidentalis - Santa Marta, Magdalena, Colombia - 24 Jun 2025 - Diferoch - 2.jpg", "fecha": "2026-06-06 23:19:42", "desc": "Adult individual of Pelecanus occidentalis observed in Santa Marta, Magdalena, Colombia.", "img_url": "https://upload.wikimedia.org/wikipedia/commons/5/5d/Pelecanus_occidentalis_-_Santa_Marta%2C_Magdalena%2C_Colombia_-_24_Jun_2025_-_Diferoch_-_2.jpg", "thumb_url": "https://commons.wikimedia.org/wiki/Special:FilePath/Pelecanus%20occidentalis%20-%20Santa%20Marta%2C%20Magdalena%2C%20Colombia%20-%2024%20Jun%202025%20-%20Diferoch%20-%202.jpg?width=640", "commons_url": "https://commons.wikimedia.org/wiki/File:Pelecanus_occidentalis_-_Santa_Marta,_Magdalena,_Colombia_-_24_Jun_2025_-_Diferoch_-_2.jpg", "map_url": "https://maps.google.com/?q=11.141598,-74.226943", "departamento": "Magdalena", "departamento_raw": "MAGDALENA", "region": "Caribe", "region_color": "#0891b2"}}, {"type": "Feature", "geometry": {"type": "Point", "coordinates": [-74.226943, 11.141598]}, "properties": {"id": 1735, "autor": "Diferoch", "nombre": "Pelecanus occidentalis - Santa Marta, Magdalena, Colombia - 24 Jun 2025 - Diferoch - 3.jpg", "fecha": "2026-06-06 23:19:44", "desc": "Adult individual of Pelecanus occidentalis observed in Santa Marta, Magdalena, Colombia.", "img_url": "https://upload.wikimedia.org/wikipedia/commons/6/6f/Pelecanus_occidentalis_-_Santa_Marta%2C_Magdalena%2C_Colombia_-_24_Jun_2025_-_Diferoch_-_3.jpg", "thumb_url": "https://commons.wikimedia.org/wiki/Special:FilePath/Pelecanus%20occidentalis%20-%20Santa%20Marta%2C%20Magdalena%2C%20Colombia%20-%2024%20Jun%202025%20-%20Diferoch%20-%203.jpg?width=640", "commons_url": "https://commons.wikimedia.org/wiki/File:Pelecanus_occidentalis_-_Santa_Marta,_Magdalena,_Colombia_-_24_Jun_2025_-_Diferoch_-_3.jpg", "map_url": "https://maps.google.com/?q=11.141598,-74.226943", "departamento": "Magdalena", "departamento_raw": "MAGDALENA", "region": "Caribe", "region_color": "#0891b2"}}, {"type": "Feature", "geometry": {"type": "Point", "coordinates": [-77.269982, 5.705548]}, "properties": {"id": 1736, "autor": "Diferoch", "nombre": "Pelecanus occidentalis murphyi - Nuquí, Chocó, Colombia - 24 Oct 2025 - Diferoch.jpg", "fecha": "2026-06-26 20:22:26", "desc": "Juvenile of Pelecanus occidentalis murphyi observed in Nuquí, Chocó, Colombia.", "img_url": "https://upload.wikimedia.org/wikipedia/commons/4/4b/Pelecanus_occidentalis_murphyi_-_Nuqu%C3%AD%2C_Choc%C3%B3%2C_Colombia_-_24_Oct_2025_-_Diferoch.jpg", "thumb_url": "https://commons.wikimedia.org/wiki/Special:FilePath/Pelecanus%20occidentalis%20murphyi%20-%20Nuqu%C3%AD%2C%20Choc%C3%B3%2C%20Colombia%20-%2024%20Oct%202025%20-%20Diferoch.jpg?width=640", "commons_url": "https://commons.wikimedia.org/wiki/File:Pelecanus_occidentalis_murphyi_-_Nuqu%C3%AD,_Choc%C3%B3,_Colombia_-_24_Oct_2025_-_Diferoch.jpg", "map_url": "https://maps.google.com/?q=5.705548,-77.269982", "departamento": "Choco", "departamento_raw": "CHOCO", "region": "Pacífica", "region_color": "#059669"}}, {"type": "Feature", "geometry": {"type": "Point", "coordinates": [-74.235886, 4.991258]}, "properties": {"id": 1738, "autor": "Nbareschu", "nombre": "Pepino silvestre.jpg", "fecha": "2026-05-07 10:06:20", "desc": "Flor y fruto de pepino silvestre", "img_url": "https://upload.wikimedia.org/wikipedia/commons/9/91/Pepino_silvestre.jpg", "thumb_url": "https://commons.wikimedia.org/wiki/Special:FilePath/Pepino%20silvestre.jpg?width=640", "commons_url": "https://commons.wikimedia.org/wiki/File:Pepino_silvestre.jpg", "map_url": "https://maps.google.com/?q=4.991258,-74.235886", "departamento": "Cundinamarca", "departamento_raw": "CUNDINAMARCA", "region": "Andina", "region_color": "#2563eb"}}, {"type": "Feature", "geometry": {"type": "Point", "coordinates": [-73.502273, 4.091467]}, "properties": {"id": 1741, "autor": "Alexpanther", "nombre": "Pequeño Mono Maicero.png", "fecha": "2026-06-30 12:01:00", "desc": "Esta obra captura un instante dinámico en la vida silvestre, mostrando a un mono maicero (Sapajus apella) en plena acción mientras se desplaza con destreza a través del dosel forestal. La iluminación natural resalta las texturas de su pelaje denso y sus extremidades adaptadas para la vida arbórea, enmarcadas por la vegetación nativa que lo rodea. Más allá de documentar la agilidad de la especie, la fotografía busca evocar una conexión profunda con nuestros parientes silvestres, recordándonos que cada rincón de los bosques colombianos alberga vidas complejas e interconectadas. Su presencia en las ramas es un recordatorio de la salud de las coberturas vegetales y del papel que desempeñan estos primates como dispersores de semillas y arquitectos de la biodiversidad en el territorio.", "img_url": "https://upload.wikimedia.org/wikipedia/commons/8/86/Peque%C3%B1o_Mono_Maicero.png", "thumb_url": "https://commons.wikimedia.org/wiki/Special:FilePath/Peque%C3%B1o%20Mono%20Maicero.png?width=640", "commons_url": "https://commons.wikimedia.org/wiki/File:Peque%C3%B1o_Mono_Maicero.png", "map_url": "https://maps.google.com/?q=4.091467,-73.502273", "departamento": "Meta", "departamento_raw": "META", "region": "Orinoquía", "region_color": "#d97706"}}, {"type": "Feature", "geometry": {"type": "Point", "coordinates": [-74.87047, 5.86224]}, "properties": {"id": 1755, "autor": "XimmoY", "nombre": "Phyllomedusa venusta 2026.jpg", "fecha": "2026-06-30 19:00:12", "desc": "An adult specimen of Phyllomedusa venusta (monkey frog) perched on a branch in the rainforest of the Los Monos agroforestry reserve, Rio Claro, Antioquia.", "img_url": "https://upload.wikimedia.org/wikipedia/commons/4/4c/Phyllomedusa_venusta_2026.jpg", "thumb_url": "https://commons.wikimedia.org/wiki/Special:FilePath/Phyllomedusa%20venusta%202026.jpg?width=640", "commons_url": "https://commons.wikimedia.org/wiki/File:Phyllomedusa_venusta_2026.jpg", "map_url": "https://maps.google.com/?q=5.862240,-74.870470", "departamento": "Antioquia", "departamento_raw": "ANTIOQUIA", "region": "Andina", "region_color": "#2563eb"}}, {"type": "Feature", "geometry": {"type": "Point", "coordinates": [-73.756287, 7.096085]}, "properties": {"id": 1756, "autor": "Diferoch", "nombre": "Phyllostomus hastatus - Barrancabermeja, Santander, Colombia - 14 Jun 2026 - Diferoch.jpg", "fecha": "2026-05-31 18:17:37", "desc": "Individual of Phyllostomus hastatus observed in Barrancabermeja, Santander, Colombia.", "img_url": "https://upload.wikimedia.org/wikipedia/commons/8/89/Phyllostomus_hastatus_-_Barrancabermeja%2C_Santander%2C_Colombia_-_14_Jun_2026_-_Diferoch.jpg", "thumb_url": "https://commons.wikimedia.org/wiki/Special:FilePath/Phyllostomus%20hastatus%20-%20Barrancabermeja%2C%20Santander%2C%20Colombia%20-%2014%20Jun%202026%20-%20Diferoch.jpg?width=640", "commons_url": "https://commons.wikimedia.org/wiki/File:Phyllostomus_hastatus_-_Barrancabermeja,_Santander,_Colombia_-_14_Jun_2026_-_Diferoch.jpg", "map_url": "https://maps.google.com/?q=7.096085,-73.756287", "departamento": "Santander", "departamento_raw": "SANTANDER", "region": "Andina", "region_color": "#2563eb"}}, {"type": "Feature", "geometry": {"type": "Point", "coordinates": [-74.950556, 10.983889]}, "properties": {"id": 1758, "autor": "Chars21", "nombre": "Pico más alto en piojo-atlantico.jpg", "fecha": "2026-05-01 09:52:40", "desc": "Foto tomada con celular, retrara la densa vegetación desde el punto más alto del municipio de piojo- Atlántico (colombia)", "img_url": "https://upload.wikimedia.org/wikipedia/commons/c/c2/Pico_m%C3%A1s_alto_en_piojo-atlantico.jpg", "thumb_url": "https://commons.wikimedia.org/wiki/Special:FilePath/Pico%20m%C3%A1s%20alto%20en%20piojo-atlantico.jpg?width=640", "commons_url": "https://commons.wikimedia.org/wiki/File:Pico_m%C3%A1s_alto_en_piojo-atlantico.jpg", "map_url": "https://maps.google.com/?q=10.983889,-74.950556", "departamento": "Atlantico", "departamento_raw": "ATLANTICO", "region": "Caribe", "region_color": "#0891b2"}}, {"type": "Feature", "geometry": {"type": "Point", "coordinates": [-73.320335, 4.546453]}, "properties": {"id": 1759, "autor": "Bioedna.ro", "nombre": "Piedemonte llanero, Medina, Colombia.jpg", "fecha": "2026-06-30 15:06:36", "desc": "Vista panorámica del Piedemonte llanero en Medina, Cundinamarca, Colombia", "img_url": "https://upload.wikimedia.org/wikipedia/commons/e/e5/Piedemonte_llanero%2C_Medina%2C_Colombia.jpg", "thumb_url": "https://commons.wikimedia.org/wiki/Special:FilePath/Piedemonte%20llanero%2C%20Medina%2C%20Colombia.jpg?width=640", "commons_url": "https://commons.wikimedia.org/wiki/File:Piedemonte_llanero,_Medina,_Colombia.jpg", "map_url": "https://maps.google.com/?q=4.546453,-73.320335", "departamento": "Cundinamarca", "departamento_raw": "CUNDINAMARCA", "region": "Andina", "region_color": "#2563eb"}}, {"type": "Feature", "geometry": {"type": "Point", "coordinates": [-73.868921, 4.862098]}, "properties": {"id": 1761, "autor": "Estudiante0001", "nombre": "Piedra en una mini cueva.jpg", "fecha": "2026-05-21 13:20:09", "desc": "Piedra rodeada de agua en un pequeño menisco de una gran piedra ubicada en Guasca - La Reserva El Zoque", "img_url": "https://upload.wikimedia.org/wikipedia/commons/4/4e/Piedra_en_una_mini_cueva.jpg", "thumb_url": "https://commons.wikimedia.org/wiki/Special:FilePath/Piedra%20en%20una%20mini%20cueva.jpg?width=640", "commons_url": "https://commons.wikimedia.org/wiki/File:Piedra_en_una_mini_cueva.jpg", "map_url": "https://maps.google.com/?q=4.862098,-73.868921", "departamento": "Cundinamarca", "departamento_raw": "CUNDINAMARCA", "region": "Andina", "region_color": "#2563eb"}}, {"type": "Feature", "geometry": {"type": "Point", "coordinates": [-74.969861, 4.987165]}, "properties": {"id": 1766, "autor": "AmiGueko", "nombre": "Pino romerón.jpg", "fecha": "2026-05-24 09:51:32", "desc": "Pino romerón", "img_url": "https://upload.wikimedia.org/wikipedia/commons/7/76/Pino_romer%C3%B3n.jpg", "thumb_url": "https://commons.wikimedia.org/wiki/Special:FilePath/Pino%20romer%C3%B3n.jpg?width=640", "commons_url": "https://commons.wikimedia.org/wiki/File:Pino_romer%C3%B3n.jpg", "map_url": "https://maps.google.com/?q=4.987165,-74.969861", "departamento": "Tolima", "departamento_raw": "TOLIMA", "region": "Andina", "region_color": "#2563eb"}}, {"type": "Feature", "geometry": {"type": "Point", "coordinates": [-75.15355, 4.940995]}, "properties": {"id": 1767, "autor": "AmiGueko", "nombre": "Pino romerón (26809).jpg", "fecha": "2026-05-24 09:52:38", "desc": "Pino romerón", "img_url": "https://upload.wikimedia.org/wikipedia/commons/f/fd/Pino_romer%C3%B3n_%2826809%29.jpg", "thumb_url": "https://commons.wikimedia.org/wiki/Special:FilePath/Pino%20romer%C3%B3n%20%2826809%29.jpg?width=640", "commons_url": "https://commons.wikimedia.org/wiki/File:Pino_romer%C3%B3n_(26809).jpg", "map_url": "https://maps.google.com/?q=4.940995,-75.153550", "departamento": "Tolima", "departamento_raw": "TOLIMA", "region": "Andina", "region_color": "#2563eb"}}, {"type": "Feature", "geometry": {"type": "Point", "coordinates": [-74.277323, 4.969457]}, "properties": {"id": 1770, "autor": "AmiGueko", "nombre": "Pitahaya (74055).jpg", "fecha": "2026-05-24 14:03:32", "desc": "Pitahaya", "img_url": "https://upload.wikimedia.org/wikipedia/commons/3/39/Pitahaya_%2874055%29.jpg", "thumb_url": "https://commons.wikimedia.org/wiki/Special:FilePath/Pitahaya%20%2874055%29.jpg?width=640", "commons_url": "https://commons.wikimedia.org/wiki/File:Pitahaya_(74055).jpg", "map_url": "https://maps.google.com/?q=4.969457,-74.277323", "departamento": "Cundinamarca", "departamento_raw": "CUNDINAMARCA", "region": "Andina", "region_color": "#2563eb"}}, {"type": "Feature", "geometry": {"type": "Point", "coordinates": [-74.259897, 4.97198]}, "properties": {"id": 1771, "autor": "AmiGueko", "nombre": "Pitahaya (82733).jpg", "fecha": "2026-05-24 14:03:52", "desc": "Pitahaya", "img_url": "https://upload.wikimedia.org/wikipedia/commons/a/a4/Pitahaya_%2882733%29.jpg", "thumb_url": "https://commons.wikimedia.org/wiki/Special:FilePath/Pitahaya%20%2882733%29.jpg?width=640", "commons_url": "https://commons.wikimedia.org/wiki/File:Pitahaya_(82733).jpg", "map_url": "https://maps.google.com/?q=4.971980,-74.259897", "departamento": "Cundinamarca", "departamento_raw": "CUNDINAMARCA", "region": "Andina", "region_color": "#2563eb"}}, {"type": "Feature", "geometry": {"type": "Point", "coordinates": [-74.275899, 4.968622]}, "properties": {"id": 1772, "autor": "AmiGueko", "nombre": "Pitahaya (84472).jpg", "fecha": "2026-05-24 14:03:21", "desc": "Pitahaya", "img_url": "https://upload.wikimedia.org/wikipedia/commons/4/4e/Pitahaya_%2884472%29.jpg", "thumb_url": "https://commons.wikimedia.org/wiki/Special:FilePath/Pitahaya%20%2884472%29.jpg?width=640", "commons_url": "https://commons.wikimedia.org/wiki/File:Pitahaya_(84472).jpg", "map_url": "https://maps.google.com/?q=4.968622,-74.275899", "departamento": "Cundinamarca", "departamento_raw": "CUNDINAMARCA", "region": "Andina", "region_color": "#2563eb"}}, {"type": "Feature", "geometry": {"type": "Point", "coordinates": [-74.243028, 4.969461]}, "properties": {"id": 1773, "autor": "AmiGueko", "nombre": "Pitahaya (88608).jpg", "fecha": "2026-05-24 14:03:43", "desc": "Pitahaya", "img_url": "https://upload.wikimedia.org/wikipedia/commons/4/41/Pitahaya_%2888608%29.jpg", "thumb_url": "https://commons.wikimedia.org/wiki/Special:FilePath/Pitahaya%20%2888608%29.jpg?width=640", "commons_url": "https://commons.wikimedia.org/wiki/File:Pitahaya_(88608).jpg", "map_url": "https://maps.google.com/?q=4.969461,-74.243028", "departamento": "Cundinamarca", "departamento_raw": "CUNDINAMARCA", "region": "Andina", "region_color": "#2563eb"}}, {"type": "Feature", "geometry": {"type": "Point", "coordinates": [-74.09994, 4.66775]}, "properties": {"id": 1774, "autor": "AmiGueko", "nombre": "Piña de Danta.jpg", "fecha": "2026-06-04 21:33:48", "desc": "Piña de Danta en Jardín Botánico de Bogotá - Piña Brava - ananas nanus - Bromeliaceae", "img_url": "https://upload.wikimedia.org/wikipedia/commons/3/3b/Pi%C3%B1a_de_Danta.jpg", "thumb_url": "https://commons.wikimedia.org/wiki/Special:FilePath/Pi%C3%B1a%20de%20Danta.jpg?width=640", "commons_url": "https://commons.wikimedia.org/wiki/File:Pi%C3%B1a_de_Danta.jpg", "map_url": "https://maps.google.com/?q=4.667750,-74.099940", "departamento": "Bogotá D.C.", "departamento_raw": "SANTAFE DE BOGOTA D.C", "region": "Andina", "region_color": "#2563eb"}}, {"type": "Feature", "geometry": {"type": "Point", "coordinates": [-74.09994, 4.66775]}, "properties": {"id": 1775, "autor": "AmiGueko", "nombre": "Piña de Danta1.jpg", "fecha": "2026-06-04 21:33:48", "desc": "Piña de Danta en Jardín Botánico de Bogotá - Piña Brava - ananas nanus - Bromeliaceae", "img_url": "https://upload.wikimedia.org/wikipedia/commons/c/c8/Pi%C3%B1a_de_Danta1.jpg", "thumb_url": "https://commons.wikimedia.org/wiki/Special:FilePath/Pi%C3%B1a%20de%20Danta1.jpg?width=640", "commons_url": "https://commons.wikimedia.org/wiki/File:Pi%C3%B1a_de_Danta1.jpg", "map_url": "https://maps.google.com/?q=4.667750,-74.099940", "departamento": "Bogotá D.C.", "departamento_raw": "SANTAFE DE BOGOTA D.C", "region": "Andina", "region_color": "#2563eb"}}, {"type": "Feature", "geometry": {"type": "Point", "coordinates": [-72.3307, 6.3368]}, "properties": {"id": 1783, "autor": "AntonioEliseo", "nombre": "PNN El Cocuy.jpg", "fecha": "2026-06-30 19:55:09", "desc": "Diferentes ecosistemas altos andinos presentes en el Parque Nacional Natural El Cocuy, donde se observa Paramo, Turbas, Morrenas y Galciales", "img_url": "https://upload.wikimedia.org/wikipedia/commons/d/d0/PNN_El_Cocuy.jpg", "thumb_url": "https://commons.wikimedia.org/wiki/Special:FilePath/PNN%20El%20Cocuy.jpg?width=640", "commons_url": "https://commons.wikimedia.org/wiki/File:PNN_El_Cocuy.jpg", "map_url": "https://maps.google.com/?q=6.336800,-72.330700", "departamento": "Arauca", "departamento_raw": "ARAUCA", "region": "Orinoquía", "region_color": "#d97706"}}, {"type": "Feature", "geometry": {"type": "Point", "coordinates": [-72.53127, 7.883198]}, "properties": {"id": 1785, "autor": "Leo123qwerty", "nombre": "Planta trepadora en flor sobre tronco.jpg", "fecha": "2026-06-28 19:00:10", "desc": "Planta de guía o enredadera con pequeñas flores blancas creciendo sobre el tronco texturizado de un árbol maduro.", "img_url": "https://upload.wikimedia.org/wikipedia/commons/f/f1/Planta_trepadora_en_flor_sobre_tronco.jpg", "thumb_url": "https://commons.wikimedia.org/wiki/Special:FilePath/Planta%20trepadora%20en%20flor%20sobre%20tronco.jpg?width=640", "commons_url": "https://commons.wikimedia.org/wiki/File:Planta_trepadora_en_flor_sobre_tronco.jpg", "map_url": "https://maps.google.com/?q=7.883198,-72.531270", "departamento": "Norte de Santander", "departamento_raw": "NORTE DE SANTANDER", "region": "Andina", "region_color": "#2563eb"}}, {"type": "Feature", "geometry": {"type": "Point", "coordinates": [-74.183333, 11.283333]}, "properties": {"id": 1790, "autor": "Supertita", "nombre": "Playa Parque Tayrona.jpg", "fecha": "2026-06-19 16:25:32", "desc": "Playa Parque Tayrona", "img_url": "https://upload.wikimedia.org/wikipedia/commons/d/d4/Playa_Parque_Tayrona.jpg", "thumb_url": "https://commons.wikimedia.org/wiki/Special:FilePath/Playa%20Parque%20Tayrona.jpg?width=640", "commons_url": "https://commons.wikimedia.org/wiki/File:Playa_Parque_Tayrona.jpg", "map_url": "https://maps.google.com/?q=11.283333,-74.183333", "departamento": "Magdalena", "departamento_raw": "MAGDALENA", "region": "Caribe", "region_color": "#0891b2"}}, {"type": "Feature", "geometry": {"type": "Point", "coordinates": [-74.219582, 11.235728]}, "properties": {"id": 1791, "autor": "CA3avellaneda", "nombre": "Playa en Santa Marta, Colombia, sept 2024.jpg", "fecha": "2026-06-26 14:39:27", "desc": "Playa en Santa Marta, Colombia, sept 2024, vista aerea desde un balcón", "img_url": "https://upload.wikimedia.org/wikipedia/commons/3/3a/Playa_en_Santa_Marta%2C_Colombia%2C_sept_2024.jpg", "thumb_url": "https://commons.wikimedia.org/wiki/Special:FilePath/Playa%20en%20Santa%20Marta%2C%20Colombia%2C%20sept%202024.jpg?width=640", "commons_url": "https://commons.wikimedia.org/wiki/File:Playa_en_Santa_Marta,_Colombia,_sept_2024.jpg", "map_url": "https://maps.google.com/?q=11.235728,-74.219582", "departamento": "Magdalena", "departamento_raw": "MAGDALENA", "region": "Caribe", "region_color": "#0891b2"}}, {"type": "Feature", "geometry": {"type": "Point", "coordinates": [-75.6825, 10.14389]}, "properties": {"id": 1794, "autor": "Project5443", "nombre": "Playas de Barú.jpg", "fecha": "2026-05-21 13:34:52", "desc": "Photo taken facing the sea on the beaches of Barú Island in Cartagena, Colombia", "img_url": "https://upload.wikimedia.org/wikipedia/commons/7/72/Playas_de_Bar%C3%BA.jpg", "thumb_url": "https://commons.wikimedia.org/wiki/Special:FilePath/Playas%20de%20Bar%C3%BA.jpg?width=640", "commons_url": "https://commons.wikimedia.org/wiki/File:Playas_de_Bar%C3%BA.jpg", "map_url": "https://maps.google.com/?q=10.143890,-75.682500", "departamento": "Bolivar", "departamento_raw": "BOLIVAR", "region": "Caribe", "region_color": "#0891b2"}}, {"type": "Feature", "geometry": {"type": "Point", "coordinates": [-74.323989, 4.847964]}, "properties": {"id": 1795, "autor": "Nbareschu", "nombre": "Pleurothallis.jpg", "fecha": "2026-05-07 10:06:43", "desc": "Flor de orquídea presente en la reserva Moravia", "img_url": "https://upload.wikimedia.org/wikipedia/commons/4/4e/Pleurothallis.jpg", "thumb_url": "https://commons.wikimedia.org/wiki/Special:FilePath/Pleurothallis.jpg?width=640", "commons_url": "https://commons.wikimedia.org/wiki/File:Pleurothallis.jpg", "map_url": "https://maps.google.com/?q=4.847964,-74.323989", "departamento": "Cundinamarca", "departamento_raw": "CUNDINAMARCA", "region": "Andina", "region_color": "#2563eb"}}, {"type": "Feature", "geometry": {"type": "Point", "coordinates": [-74.945026, 4.888844]}, "properties": {"id": 1797, "autor": "AmiGueko", "nombre": "Polilla (80986).jpg", "fecha": "2026-05-24 13:50:29", "desc": "Polilla", "img_url": "https://upload.wikimedia.org/wikipedia/commons/b/b5/Polilla_%2880986%29.jpg", "thumb_url": "https://commons.wikimedia.org/wiki/Special:FilePath/Polilla%20%2880986%29.jpg?width=640", "commons_url": "https://commons.wikimedia.org/wiki/File:Polilla_(80986).jpg", "map_url": "https://maps.google.com/?q=4.888844,-74.945026", "departamento": "Tolima", "departamento_raw": "TOLIMA", "region": "Andina", "region_color": "#2563eb"}}, {"type": "Feature", "geometry": {"type": "Point", "coordinates": [-74.81597, 4.945124]}, "properties": {"id": 1798, "autor": "AmiGueko", "nombre": "Polilla (93650).jpg", "fecha": "2026-05-24 13:50:22", "desc": "Polilla", "img_url": "https://upload.wikimedia.org/wikipedia/commons/5/51/Polilla_%2893650%29.jpg", "thumb_url": "https://commons.wikimedia.org/wiki/Special:FilePath/Polilla%20%2893650%29.jpg?width=640", "commons_url": "https://commons.wikimedia.org/wiki/File:Polilla_(93650).jpg", "map_url": "https://maps.google.com/?q=4.945124,-74.815970", "departamento": "Tolima", "departamento_raw": "TOLIMA", "region": "Andina", "region_color": "#2563eb"}}, {"type": "Feature", "geometry": {"type": "Point", "coordinates": [-76.65, 7.7667]}, "properties": {"id": 1799, "autor": "XimmoY", "nombre": "Polilla de solapa.jpg", "fecha": "2026-06-30 21:53:21", "desc": "A macro detail of a moth from the Lasiocampidae family. It highlights the velvety texture and complex morphology of this nocturnal lepidopteran, observed at the Tulenapa Reserve in Antioquia.", "img_url": "https://upload.wikimedia.org/wikipedia/commons/f/f8/Polilla_de_solapa.jpg", "thumb_url": "https://commons.wikimedia.org/wiki/Special:FilePath/Polilla%20de%20solapa.jpg?width=640", "commons_url": "https://commons.wikimedia.org/wiki/File:Polilla_de_solapa.jpg", "map_url": "https://maps.google.com/?q=7.766700,-76.650000", "departamento": "Antioquia", "departamento_raw": "ANTIOQUIA", "region": "Andina", "region_color": "#2563eb"}}, {"type": "Feature", "geometry": {"type": "Point", "coordinates": [-73.775556, 4.977222]}, "properties": {"id": 1800, "autor": "Jcast07", "nombre": "Polinización en páramos.png", "fecha": "2026-06-25 19:21:35", "desc": "Pollination process in moorlands (páramos) with the presence of competing species", "img_url": "https://upload.wikimedia.org/wikipedia/commons/4/4e/Polinizaci%C3%B3n_en_p%C3%A1ramos.png", "thumb_url": "https://commons.wikimedia.org/wiki/Special:FilePath/Polinizaci%C3%B3n%20en%20p%C3%A1ramos.png?width=640", "commons_url": "https://commons.wikimedia.org/wiki/File:Polinizaci%C3%B3n_en_p%C3%A1ramos.png", "map_url": "https://maps.google.com/?q=4.977222,-73.775556", "departamento": "Cundinamarca", "departamento_raw": "CUNDINAMARCA", "region": "Andina", "region_color": "#2563eb"}}, {"type": "Feature", "geometry": {"type": "Point", "coordinates": [-75.268737, 4.982199]}, "properties": {"id": 1808, "autor": "AmiGueko", "nombre": "Primaveras (75682).jpg", "fecha": "2026-05-24 13:29:06", "desc": "Primaveras", "img_url": "https://upload.wikimedia.org/wikipedia/commons/8/89/Primaveras_%2875682%29.jpg", "thumb_url": "https://commons.wikimedia.org/wiki/Special:FilePath/Primaveras%20%2875682%29.jpg?width=640", "commons_url": "https://commons.wikimedia.org/wiki/File:Primaveras_(75682).jpg", "map_url": "https://maps.google.com/?q=4.982199,-75.268737", "departamento": "Tolima", "departamento_raw": "TOLIMA", "region": "Andina", "region_color": "#2563eb"}}, {"type": "Feature", "geometry": {"type": "Point", "coordinates": [-75.324914, 4.933819]}, "properties": {"id": 1809, "autor": "Adrianvargasag", "nombre": "Productores de vida.jpg", "fecha": "2026-05-02 03:03:01", "desc": "En los páramos colombianos se alzan majestuosos Frailejones, una especies endémica que atrapa el agua de niebla y poco a poco la distribuye creando a su paso vida, sustento y belleza", "img_url": "https://upload.wikimedia.org/wikipedia/commons/d/d6/Productores_de_vida.jpg", "thumb_url": "https://commons.wikimedia.org/wiki/Special:FilePath/Productores%20de%20vida.jpg?width=640", "commons_url": "https://commons.wikimedia.org/wiki/File:Productores_de_vida.jpg", "map_url": "https://maps.google.com/?q=4.933819,-75.324914", "departamento": "Tolima", "departamento_raw": "TOLIMA", "region": "Andina", "region_color": "#2563eb"}}, {"type": "Feature", "geometry": {"type": "Point", "coordinates": [-74.306983, 4.972243]}, "properties": {"id": 1810, "autor": "AmiGueko", "nombre": "Proliferación del escarabajo de hoja de menta azul.jpg", "fecha": "2026-05-14 22:31:38", "desc": "Chrysolina coerulans. Este escarabajo se encuentra en diferentes zonas templadas, su color azul es una advertencia para sus depredadores, que quiere decir que no tiene buen sabor.", "img_url": "https://upload.wikimedia.org/wikipedia/commons/7/7a/Proliferaci%C3%B3n_del_escarabajo_de_hoja_de_menta_azul.jpg", "thumb_url": "https://commons.wikimedia.org/wiki/Special:FilePath/Proliferaci%C3%B3n%20del%20escarabajo%20de%20hoja%20de%20menta%20azul.jpg?width=640", "commons_url": "https://commons.wikimedia.org/wiki/File:Proliferaci%C3%B3n_del_escarabajo_de_hoja_de_menta_azul.jpg", "map_url": "https://maps.google.com/?q=4.972243,-74.306983", "departamento": "Cundinamarca", "departamento_raw": "CUNDINAMARCA", "region": "Andina", "region_color": "#2563eb"}}, {"type": "Feature", "geometry": {"type": "Point", "coordinates": [-73.86396, 7.084777]}, "properties": {"id": 1811, "autor": "Diferoch", "nombre": "Proscopiidae - Barrancabermeja, Santander, Colombia - 11 Jun 2025 - Diferoch.jpg", "fecha": "2026-05-29 21:22:36", "desc": "Individual of unidentified Proscopiidae observed in Barrancabermeja, Santander, Colombia.", "img_url": "https://upload.wikimedia.org/wikipedia/commons/8/84/Proscopiidae_-_Barrancabermeja%2C_Santander%2C_Colombia_-_11_Jun_2025_-_Diferoch.jpg", "thumb_url": "https://commons.wikimedia.org/wiki/Special:FilePath/Proscopiidae%20-%20Barrancabermeja%2C%20Santander%2C%20Colombia%20-%2011%20Jun%202025%20-%20Diferoch.jpg?width=640", "commons_url": "https://commons.wikimedia.org/wiki/File:Proscopiidae_-_Barrancabermeja,_Santander,_Colombia_-_11_Jun_2025_-_Diferoch.jpg", "map_url": "https://maps.google.com/?q=7.084777,-73.863960", "departamento": "Santander", "departamento_raw": "SANTANDER", "region": "Andina", "region_color": "#2563eb"}}, {"type": "Feature", "geometry": {"type": "Point", "coordinates": [-74.320167, 4.89705]}, "properties": {"id": 1812, "autor": "Nbareschu", "nombre": "Psammisia.jpg", "fecha": "2026-05-07 10:06:48", "desc": "Vista nadiral de uva de monte", "img_url": "https://upload.wikimedia.org/wikipedia/commons/f/fc/Psammisia.jpg", "thumb_url": "https://commons.wikimedia.org/wiki/Special:FilePath/Psammisia.jpg?width=640", "commons_url": "https://commons.wikimedia.org/wiki/File:Psammisia.jpg", "map_url": "https://maps.google.com/?q=4.897050,-74.320167", "departamento": "Cundinamarca", "departamento_raw": "CUNDINAMARCA", "region": "Andina", "region_color": "#2563eb"}}, {"type": "Feature", "geometry": {"type": "Point", "coordinates": [-74.099944, 4.66775]}, "properties": {"id": 1821, "autor": "AmiGueko", "nombre": "PXL 20260530 165408587.MP.jpg", "fecha": "2026-06-05 09:30:16", "desc": "Familia Araceae", "img_url": "https://upload.wikimedia.org/wikipedia/commons/f/f4/PXL_20260530_165408587.MP.jpg", "thumb_url": "https://commons.wikimedia.org/wiki/Special:FilePath/PXL%2020260530%20165408587.MP.jpg?width=640", "commons_url": "https://commons.wikimedia.org/wiki/File:PXL_20260530_165408587.MP.jpg", "map_url": "https://maps.google.com/?q=4.667750,-74.099944", "departamento": "Bogotá D.C.", "departamento_raw": "SANTAFE DE BOGOTA D.C", "region": "Andina", "region_color": "#2563eb"}}, {"type": "Feature", "geometry": {"type": "Point", "coordinates": [-75.637169, 10.189183]}, "properties": {"id": 1825, "autor": "Antoniacorralosorio", "nombre": "Pulmones.jpg", "fecha": "2026-05-25 11:02:04", "desc": "Zona de conservación de manglares", "img_url": "https://upload.wikimedia.org/wikipedia/commons/c/cf/Pulmones.jpg", "thumb_url": "https://commons.wikimedia.org/wiki/Special:FilePath/Pulmones.jpg?width=640", "commons_url": "https://commons.wikimedia.org/wiki/File:Pulmones.jpg", "map_url": "https://maps.google.com/?q=10.189183,-75.637169", "departamento": "Bolivar", "departamento_raw": "BOLIVAR", "region": "Caribe", "region_color": "#0891b2"}}, {"type": "Feature", "geometry": {"type": "Point", "coordinates": [-76.18, 5.85]}, "properties": {"id": 1827, "autor": "Charlesjsharp", "nombre": "Purple-throated woodstar (Philodice mitchellii) male in flight Las Tangaras 2.jpg", "fecha": "2026-05-29 15:24:36", "desc": "Purple-throated woodstar ( Philodice mitchellii ) male, Reserva Las Tangaras, Colombia ( Calliphlox mitchellii )", "img_url": "https://upload.wikimedia.org/wikipedia/commons/e/ea/Purple-throated_woodstar_%28Philodice_mitchellii%29_male_in_flight_Las_Tangaras_2.jpg", "thumb_url": "https://commons.wikimedia.org/wiki/Special:FilePath/Purple-throated%20woodstar%20%28Philodice%20mitchellii%29%20male%20in%20flight%20Las%20Tangaras%202.jpg?width=640", "commons_url": "https://commons.wikimedia.org/wiki/File:Purple-throated_woodstar_(Philodice_mitchellii)_male_in_flight_Las_Tangaras_2.jpg", "map_url": "https://maps.google.com/?q=5.850000,-76.180000", "departamento": "Choco", "departamento_raw": "CHOCO", "region": "Pacífica", "region_color": "#059669"}}, {"type": "Feature", "geometry": {"type": "Point", "coordinates": [-75.643356, 4.736361]}, "properties": {"id": 1828, "autor": "JJCL09", "nombre": "Purple march.jpg", "fecha": "2026-05-05 21:09:12", "desc": "Little purple fairies", "img_url": "https://upload.wikimedia.org/wikipedia/commons/3/35/Purple_march.jpg", "thumb_url": "https://commons.wikimedia.org/wiki/Special:FilePath/Purple%20march.jpg?width=640", "commons_url": "https://commons.wikimedia.org/wiki/File:Purple_march.jpg", "map_url": "https://maps.google.com/?q=4.736361,-75.643356", "departamento": "Risaralda", "departamento_raw": "RISARALDA", "region": "Andina", "region_color": "#2563eb"}}, {"type": "Feature", "geometry": {"type": "Point", "coordinates": [-73.864022, 7.085035]}, "properties": {"id": 1832, "autor": "Diferoch", "nombre": "Pyrocephalus rubinus piurae - Barrancabermeja, Santander, Colombia - 31 Dec 2025 - Diferoch.jpg", "fecha": "2026-06-29 22:26:22", "desc": "Adult male of Pyrocephalus rubinus piurae observed in Barrancabermeja, Santander, Colombia.", "img_url": "https://upload.wikimedia.org/wikipedia/commons/d/d9/Pyrocephalus_rubinus_piurae_-_Barrancabermeja%2C_Santander%2C_Colombia_-_31_Dec_2025_-_Diferoch.jpg", "thumb_url": "https://commons.wikimedia.org/wiki/Special:FilePath/Pyrocephalus%20rubinus%20piurae%20-%20Barrancabermeja%2C%20Santander%2C%20Colombia%20-%2031%20Dec%202025%20-%20Diferoch.jpg?width=640", "commons_url": "https://commons.wikimedia.org/wiki/File:Pyrocephalus_rubinus_piurae_-_Barrancabermeja,_Santander,_Colombia_-_31_Dec_2025_-_Diferoch.jpg", "map_url": "https://maps.google.com/?q=7.085035,-73.864022", "departamento": "Santander", "departamento_raw": "SANTANDER", "region": "Andina", "region_color": "#2563eb"}}, {"type": "Feature", "geometry": {"type": "Point", "coordinates": [-72.31685, 6.496114]}, "properties": {"id": 1835, "autor": "Nbareschu", "nombre": "Pájaro güican.jpg", "fecha": "2026-05-07 10:06:53", "desc": "Pájaro en nieve perpetua del cocuy", "img_url": "https://upload.wikimedia.org/wikipedia/commons/a/ad/P%C3%A1jaro_g%C3%BCican.jpg", "thumb_url": "https://commons.wikimedia.org/wiki/Special:FilePath/P%C3%A1jaro%20g%C3%BCican.jpg?width=640", "commons_url": "https://commons.wikimedia.org/wiki/File:P%C3%A1jaro_g%C3%BCican.jpg", "map_url": "https://maps.google.com/?q=6.496114,-72.316850", "departamento": "Boyaca", "departamento_raw": "BOYACA", "region": "Andina", "region_color": "#2563eb"}}, {"type": "Feature", "geometry": {"type": "Point", "coordinates": [-73.996431, 5.131525]}, "properties": {"id": 1837, "autor": "JuanitoCISF", "nombre": "Páramo Guerrero.jpg", "fecha": "2026-05-28 10:29:46", "desc": "Las vistas hermosas que tiene el Páramo Guerrero", "img_url": "https://upload.wikimedia.org/wikipedia/commons/c/cb/P%C3%A1ramo_Guerrero.jpg", "thumb_url": "https://commons.wikimedia.org/wiki/Special:FilePath/P%C3%A1ramo%20Guerrero.jpg?width=640", "commons_url": "https://commons.wikimedia.org/wiki/File:P%C3%A1ramo_Guerrero.jpg", "map_url": "https://maps.google.com/?q=5.131525,-73.996431", "departamento": "Cundinamarca", "departamento_raw": "CUNDINAMARCA", "region": "Andina", "region_color": "#2563eb"}}, {"type": "Feature", "geometry": {"type": "Point", "coordinates": [-74.227403, 11.138283]}, "properties": {"id": 1844, "autor": "JuanitoCISF", "nombre": "Péguela amiga.jpg", "fecha": "2026-05-28 10:51:44", "desc": "Lo que creo que es una pequeña salamandra haciéndome compañía", "img_url": "https://upload.wikimedia.org/wikipedia/commons/3/36/P%C3%A9guela_amiga.jpg", "thumb_url": "https://commons.wikimedia.org/wiki/Special:FilePath/P%C3%A9guela%20amiga.jpg?width=640", "commons_url": "https://commons.wikimedia.org/wiki/File:P%C3%A9guela_amiga.jpg", "map_url": "https://maps.google.com/?q=11.138283,-74.227403", "departamento": "Magdalena", "departamento_raw": "MAGDALENA", "region": "Caribe", "region_color": "#0891b2"}}, {"type": "Feature", "geometry": {"type": "Point", "coordinates": [-74.146794, 4.172187]}, "properties": {"id": 1852, "autor": "Zolsemiya", "nombre": "Quinoa florecida.jpg", "fecha": "2026-06-30 17:58:45", "desc": "Quinoa florecida", "img_url": "https://upload.wikimedia.org/wikipedia/commons/5/50/Quinoa_florecida.jpg", "thumb_url": "https://commons.wikimedia.org/wiki/Special:FilePath/Quinoa%20florecida.jpg?width=640", "commons_url": "https://commons.wikimedia.org/wiki/File:Quinoa_florecida.jpg", "map_url": "https://maps.google.com/?q=4.172187,-74.146794", "departamento": "Cundinamarca", "departamento_raw": "CUNDINAMARCA", "region": "Andina", "region_color": "#2563eb"}}, {"type": "Feature", "geometry": {"type": "Point", "coordinates": [-74.22628, 11.141678]}, "properties": {"id": 1853, "autor": "Diferoch", "nombre": "Quiscalus mexicanus peruvianus - Santa Marta, Magdalena, Colombia - 22 Jun 2025 - Diferoch - 1.jpg", "fecha": "2026-06-06 21:52:19", "desc": "Juvenile individual of Quiscalus mexicanus peruvianus observed in Santa Marta, Magdalena, Colombia.", "img_url": "https://upload.wikimedia.org/wikipedia/commons/8/84/Quiscalus_mexicanus_peruvianus_-_Santa_Marta%2C_Magdalena%2C_Colombia_-_22_Jun_2025_-_Diferoch_-_1.jpg", "thumb_url": "https://commons.wikimedia.org/wiki/Special:FilePath/Quiscalus%20mexicanus%20peruvianus%20-%20Santa%20Marta%2C%20Magdalena%2C%20Colombia%20-%2022%20Jun%202025%20-%20Diferoch%20-%201.jpg?width=640", "commons_url": "https://commons.wikimedia.org/wiki/File:Quiscalus_mexicanus_peruvianus_-_Santa_Marta,_Magdalena,_Colombia_-_22_Jun_2025_-_Diferoch_-_1.jpg", "map_url": "https://maps.google.com/?q=11.141678,-74.226280", "departamento": "Magdalena", "departamento_raw": "MAGDALENA", "region": "Caribe", "region_color": "#0891b2"}}, {"type": "Feature", "geometry": {"type": "Point", "coordinates": [-74.22628, 11.141678]}, "properties": {"id": 1854, "autor": "Diferoch", "nombre": "Quiscalus mexicanus peruvianus - Santa Marta, Magdalena, Colombia - 22 Jun 2025 - Diferoch - 2.jpg", "fecha": "2026-06-06 21:52:19", "desc": "Adult male of Quiscalus mexicanus peruvianus observed in Santa Marta, Magdalena, Colombia.", "img_url": "https://upload.wikimedia.org/wikipedia/commons/8/86/Quiscalus_mexicanus_peruvianus_-_Santa_Marta%2C_Magdalena%2C_Colombia_-_22_Jun_2025_-_Diferoch_-_2.jpg", "thumb_url": "https://commons.wikimedia.org/wiki/Special:FilePath/Quiscalus%20mexicanus%20peruvianus%20-%20Santa%20Marta%2C%20Magdalena%2C%20Colombia%20-%2022%20Jun%202025%20-%20Diferoch%20-%202.jpg?width=640", "commons_url": "https://commons.wikimedia.org/wiki/File:Quiscalus_mexicanus_peruvianus_-_Santa_Marta,_Magdalena,_Colombia_-_22_Jun_2025_-_Diferoch_-_2.jpg", "map_url": "https://maps.google.com/?q=11.141678,-74.226280", "departamento": "Magdalena", "departamento_raw": "MAGDALENA", "region": "Caribe", "region_color": "#0891b2"}}, {"type": "Feature", "geometry": {"type": "Point", "coordinates": [-74.22628, 11.141678]}, "properties": {"id": 1855, "autor": "Diferoch", "nombre": "Quiscalus mexicanus peruvianus - Santa Marta, Magdalena, Colombia - 22 Jun 2025 - Diferoch - 3.jpg", "fecha": "2026-06-06 21:52:19", "desc": "Adult female of Quiscalus mexicanus peruvianus observed in Santa Marta, Magdalena, Colombia.", "img_url": "https://upload.wikimedia.org/wikipedia/commons/4/47/Quiscalus_mexicanus_peruvianus_-_Santa_Marta%2C_Magdalena%2C_Colombia_-_22_Jun_2025_-_Diferoch_-_3.jpg", "thumb_url": "https://commons.wikimedia.org/wiki/Special:FilePath/Quiscalus%20mexicanus%20peruvianus%20-%20Santa%20Marta%2C%20Magdalena%2C%20Colombia%20-%2022%20Jun%202025%20-%20Diferoch%20-%203.jpg?width=640", "commons_url": "https://commons.wikimedia.org/wiki/File:Quiscalus_mexicanus_peruvianus_-_Santa_Marta,_Magdalena,_Colombia_-_22_Jun_2025_-_Diferoch_-_3.jpg", "map_url": "https://maps.google.com/?q=11.141678,-74.226280", "departamento": "Magdalena", "departamento_raw": "MAGDALENA", "region": "Caribe", "region_color": "#0891b2"}}, {"type": "Feature", "geometry": {"type": "Point", "coordinates": [-74.87047, 5.86224]}, "properties": {"id": 1859, "autor": "XimmoY", "nombre": "Ramphastos vitellinus 2026.jpg", "fecha": "2026-06-30 22:37:11", "desc": "A specimen of Ramphastos vitellinus (channel-billed toucan) at the Los Monos Agroecological Reserve in Río Claro, Antioquia. The characteristic morphology of its bill and its vibrant plumage are highlighted as it rests in the forest canopy.", "img_url": "https://upload.wikimedia.org/wikipedia/commons/2/2c/Ramphastos_vitellinus_2026.jpg", "thumb_url": "https://commons.wikimedia.org/wiki/Special:FilePath/Ramphastos%20vitellinus%202026.jpg?width=640", "commons_url": "https://commons.wikimedia.org/wiki/File:Ramphastos_vitellinus_2026.jpg", "map_url": "https://maps.google.com/?q=5.862240,-74.870470", "departamento": "Antioquia", "departamento_raw": "ANTIOQUIA", "region": "Andina", "region_color": "#2563eb"}}, {"type": "Feature", "geometry": {"type": "Point", "coordinates": [-75.928643, 4.257092]}, "properties": {"id": 1861, "autor": "AmiGueko", "nombre": "Rana Rubí.jpg", "fecha": "2026-05-23 22:39:47", "desc": "Rana Rubí", "img_url": "https://upload.wikimedia.org/wikipedia/commons/b/bf/Rana_Rub%C3%AD.jpg", "thumb_url": "https://commons.wikimedia.org/wiki/Special:FilePath/Rana%20Rub%C3%AD.jpg?width=640", "commons_url": "https://commons.wikimedia.org/wiki/File:Rana_Rub%C3%AD.jpg", "map_url": "https://maps.google.com/?q=4.257092,-75.928643", "departamento": "Valle del Cauca", "departamento_raw": "VALLE DEL CAUCA", "region": "Pacífica", "region_color": "#059669"}}, {"type": "Feature", "geometry": {"type": "Point", "coordinates": [-75.922112, 4.261861]}, "properties": {"id": 1862, "autor": "AmiGueko", "nombre": "Rana Rubí (24588).jpg", "fecha": "2026-05-23 22:39:56", "desc": "Rana Rubí", "img_url": "https://upload.wikimedia.org/wikipedia/commons/4/4a/Rana_Rub%C3%AD_%2824588%29.jpg", "thumb_url": "https://commons.wikimedia.org/wiki/Special:FilePath/Rana%20Rub%C3%AD%20%2824588%29.jpg?width=640", "commons_url": "https://commons.wikimedia.org/wiki/File:Rana_Rub%C3%AD_(24588).jpg", "map_url": "https://maps.google.com/?q=4.261861,-75.922112", "departamento": "Valle del Cauca", "departamento_raw": "VALLE DEL CAUCA", "region": "Pacífica", "region_color": "#059669"}}, {"type": "Feature", "geometry": {"type": "Point", "coordinates": [-75.961996, 4.273815]}, "properties": {"id": 1863, "autor": "AmiGueko", "nombre": "Rana Rubí (26812).jpg", "fecha": "2026-05-23 22:40:03", "desc": "Rana Rubí", "img_url": "https://upload.wikimedia.org/wikipedia/commons/a/a8/Rana_Rub%C3%AD_%2826812%29.jpg", "thumb_url": "https://commons.wikimedia.org/wiki/Special:FilePath/Rana%20Rub%C3%AD%20%2826812%29.jpg?width=640", "commons_url": "https://commons.wikimedia.org/wiki/File:Rana_Rub%C3%AD_(26812).jpg", "map_url": "https://maps.google.com/?q=4.273815,-75.961996", "departamento": "Valle del Cauca", "departamento_raw": "VALLE DEL CAUCA", "region": "Pacífica", "region_color": "#059669"}}, {"type": "Feature", "geometry": {"type": "Point", "coordinates": [-75.96969, 4.258829]}, "properties": {"id": 1864, "autor": "AmiGueko", "nombre": "Rana Rubí (28931).jpg", "fecha": "2026-05-23 22:40:29", "desc": "Rana Rubí", "img_url": "https://upload.wikimedia.org/wikipedia/commons/c/ca/Rana_Rub%C3%AD_%2828931%29.jpg", "thumb_url": "https://commons.wikimedia.org/wiki/Special:FilePath/Rana%20Rub%C3%AD%20%2828931%29.jpg?width=640", "commons_url": "https://commons.wikimedia.org/wiki/File:Rana_Rub%C3%AD_(28931).jpg", "map_url": "https://maps.google.com/?q=4.258829,-75.969690", "departamento": "Valle del Cauca", "departamento_raw": "VALLE DEL CAUCA", "region": "Pacífica", "region_color": "#059669"}}, {"type": "Feature", "geometry": {"type": "Point", "coordinates": [-75.958368, 4.263937]}, "properties": {"id": 1865, "autor": "AmiGueko", "nombre": "Rana Rubí (34016).jpg", "fecha": "2026-05-23 22:41:51", "desc": "Rana Rubí", "img_url": "https://upload.wikimedia.org/wikipedia/commons/6/62/Rana_Rub%C3%AD_%2834016%29.jpg", "thumb_url": "https://commons.wikimedia.org/wiki/Special:FilePath/Rana%20Rub%C3%AD%20%2834016%29.jpg?width=640", "commons_url": "https://commons.wikimedia.org/wiki/File:Rana_Rub%C3%AD_(34016).jpg", "map_url": "https://maps.google.com/?q=4.263937,-75.958368", "departamento": "Valle del Cauca", "departamento_raw": "VALLE DEL CAUCA", "region": "Pacífica", "region_color": "#059669"}}, {"type": "Feature", "geometry": {"type": "Point", "coordinates": [-75.947994, 4.259998]}, "properties": {"id": 1866, "autor": "AmiGueko", "nombre": "Rana Rubí (41626).jpg", "fecha": "2026-05-23 22:40:11", "desc": "Rana Rubí", "img_url": "https://upload.wikimedia.org/wikipedia/commons/9/9e/Rana_Rub%C3%AD_%2841626%29.jpg", "thumb_url": "https://commons.wikimedia.org/wiki/Special:FilePath/Rana%20Rub%C3%AD%20%2841626%29.jpg?width=640", "commons_url": "https://commons.wikimedia.org/wiki/File:Rana_Rub%C3%AD_(41626).jpg", "map_url": "https://maps.google.com/?q=4.259998,-75.947994", "departamento": "Valle del Cauca", "departamento_raw": "VALLE DEL CAUCA", "region": "Pacífica", "region_color": "#059669"}}, {"type": "Feature", "geometry": {"type": "Point", "coordinates": [-75.940237, 4.268976]}, "properties": {"id": 1867, "autor": "AmiGueko", "nombre": "Rana Rubí (44273).jpg", "fecha": "2026-05-23 22:40:37", "desc": "Rana Rubí", "img_url": "https://upload.wikimedia.org/wikipedia/commons/2/24/Rana_Rub%C3%AD_%2844273%29.jpg", "thumb_url": "https://commons.wikimedia.org/wiki/Special:FilePath/Rana%20Rub%C3%AD%20%2844273%29.jpg?width=640", "commons_url": "https://commons.wikimedia.org/wiki/File:Rana_Rub%C3%AD_(44273).jpg", "map_url": "https://maps.google.com/?q=4.268976,-75.940237", "departamento": "Valle del Cauca", "departamento_raw": "VALLE DEL CAUCA", "region": "Pacífica", "region_color": "#059669"}}, {"type": "Feature", "geometry": {"type": "Point", "coordinates": [-75.94938, 4.277292]}, "properties": {"id": 1868, "autor": "AmiGueko", "nombre": "Rana Rubí (54775).jpg", "fecha": "2026-05-23 22:40:58", "desc": "Rana Rubí", "img_url": "https://upload.wikimedia.org/wikipedia/commons/5/57/Rana_Rub%C3%AD_%2854775%29.jpg", "thumb_url": "https://commons.wikimedia.org/wiki/Special:FilePath/Rana%20Rub%C3%AD%20%2854775%29.jpg?width=640", "commons_url": "https://commons.wikimedia.org/wiki/File:Rana_Rub%C3%AD_(54775).jpg", "map_url": "https://maps.google.com/?q=4.277292,-75.949380", "departamento": "Valle del Cauca", "departamento_raw": "VALLE DEL CAUCA", "region": "Pacífica", "region_color": "#059669"}}, {"type": "Feature", "geometry": {"type": "Point", "coordinates": [-75.961495, 4.253054]}, "properties": {"id": 1869, "autor": "AmiGueko", "nombre": "Rana Rubí (55608).jpg", "fecha": "2026-05-23 22:42:07", "desc": "Rana Rubí", "img_url": "https://upload.wikimedia.org/wikipedia/commons/b/b1/Rana_Rub%C3%AD_%2855608%29.jpg", "thumb_url": "https://commons.wikimedia.org/wiki/Special:FilePath/Rana%20Rub%C3%AD%20%2855608%29.jpg?width=640", "commons_url": "https://commons.wikimedia.org/wiki/File:Rana_Rub%C3%AD_(55608).jpg", "map_url": "https://maps.google.com/?q=4.253054,-75.961495", "departamento": "Valle del Cauca", "departamento_raw": "VALLE DEL CAUCA", "region": "Pacífica", "region_color": "#059669"}}, {"type": "Feature", "geometry": {"type": "Point", "coordinates": [-75.949435, 4.261136]}, "properties": {"id": 1870, "autor": "AmiGueko", "nombre": "Rana Rubí (58777).jpg", "fecha": "2026-05-23 22:41:14", "desc": "Rana Rubí", "img_url": "https://upload.wikimedia.org/wikipedia/commons/a/a0/Rana_Rub%C3%AD_%2858777%29.jpg", "thumb_url": "https://commons.wikimedia.org/wiki/Special:FilePath/Rana%20Rub%C3%AD%20%2858777%29.jpg?width=640", "commons_url": "https://commons.wikimedia.org/wiki/File:Rana_Rub%C3%AD_(58777).jpg", "map_url": "https://maps.google.com/?q=4.261136,-75.949435", "departamento": "Valle del Cauca", "departamento_raw": "VALLE DEL CAUCA", "region": "Pacífica", "region_color": "#059669"}}, {"type": "Feature", "geometry": {"type": "Point", "coordinates": [-75.951812, 4.251154]}, "properties": {"id": 1871, "autor": "AmiGueko", "nombre": "Rana Rubí (64246).jpg", "fecha": "2026-05-23 22:41:35", "desc": "Rana Rubí", "img_url": "https://upload.wikimedia.org/wikipedia/commons/c/c5/Rana_Rub%C3%AD_%2864246%29.jpg", "thumb_url": "https://commons.wikimedia.org/wiki/Special:FilePath/Rana%20Rub%C3%AD%20%2864246%29.jpg?width=640", "commons_url": "https://commons.wikimedia.org/wiki/File:Rana_Rub%C3%AD_(64246).jpg", "map_url": "https://maps.google.com/?q=4.251154,-75.951812", "departamento": "Valle del Cauca", "departamento_raw": "VALLE DEL CAUCA", "region": "Pacífica", "region_color": "#059669"}}, {"type": "Feature", "geometry": {"type": "Point", "coordinates": [-74.526271, 4.563949]}, "properties": {"id": 1873, "autor": "Andresdflorez23", "nombre": "Rana arboricola Scinax.jpg", "fecha": "2026-06-30 10:44:26", "desc": "rana arborícola trompuda del genero scinax", "img_url": "https://upload.wikimedia.org/wikipedia/commons/e/ee/Rana_arboricola_Scinax.jpg", "thumb_url": "https://commons.wikimedia.org/wiki/Special:FilePath/Rana%20arboricola%20Scinax.jpg?width=640", "commons_url": "https://commons.wikimedia.org/wiki/File:Rana_arboricola_Scinax.jpg", "map_url": "https://maps.google.com/?q=4.563949,-74.526271", "departamento": "Cundinamarca", "departamento_raw": "CUNDINAMARCA", "region": "Andina", "region_color": "#2563eb"}}, {"type": "Feature", "geometry": {"type": "Point", "coordinates": [-74.87047, 5.86224]}, "properties": {"id": 1876, "autor": "XimmoY", "nombre": "Rana de torrente de Palmer.jpg", "fecha": "2026-06-25 21:13:33", "desc": "A specimen of Hyloscirtus palmeri (Palmer's torrent frog) on a leaf near a stream in the Los Monos Agroforestry Reserve, Rio Claro, Antioquia.", "img_url": "https://upload.wikimedia.org/wikipedia/commons/a/ab/Rana_de_torrente_de_Palmer.jpg", "thumb_url": "https://commons.wikimedia.org/wiki/Special:FilePath/Rana%20de%20torrente%20de%20Palmer.jpg?width=640", "commons_url": "https://commons.wikimedia.org/wiki/File:Rana_de_torrente_de_Palmer.jpg", "map_url": "https://maps.google.com/?q=5.862240,-74.870470", "departamento": "Antioquia", "departamento_raw": "ANTIOQUIA", "region": "Andina", "region_color": "#2563eb"}}, {"type": "Feature", "geometry": {"type": "Point", "coordinates": [-75.934309, 4.272512]}, "properties": {"id": 1879, "autor": "AmiGueko", "nombre": "Rana rubí (34374).jpg", "fecha": "2026-05-23 22:39:31", "desc": "Los machos de las ranas rubíes cargan los renacuajos en la espalda casi como \"maternando\". Son los machos quienes llevan a los renacuajos a buen lugar en una bromelia que les sirve de hogar.", "img_url": "https://upload.wikimedia.org/wikipedia/commons/d/dc/Rana_rub%C3%AD_%2834374%29.jpg", "thumb_url": "https://commons.wikimedia.org/wiki/Special:FilePath/Rana%20rub%C3%AD%20%2834374%29.jpg?width=640", "commons_url": "https://commons.wikimedia.org/wiki/File:Rana_rub%C3%AD_(34374).jpg", "map_url": "https://maps.google.com/?q=4.272512,-75.934309", "departamento": "Valle del Cauca", "departamento_raw": "VALLE DEL CAUCA", "region": "Pacífica", "region_color": "#059669"}}, {"type": "Feature", "geometry": {"type": "Point", "coordinates": [-76.18, 5.85]}, "properties": {"id": 1887, "autor": "Charlesjsharp", "nombre": "Red-crowned woodpecker (Melanerpes rubricapillus) male Las Tangaras 2.jpg", "fecha": "2026-05-29 15:43:21", "desc": "Red-crowned woodpecker ( Melanerpes rubricapillus ) male, Reserva Las Tangaras, Chocó, Colombia", "img_url": "https://upload.wikimedia.org/wikipedia/commons/a/ac/Red-crowned_woodpecker_%28Melanerpes_rubricapillus%29_male_Las_Tangaras_2.jpg", "thumb_url": "https://commons.wikimedia.org/wiki/Special:FilePath/Red-crowned%20woodpecker%20%28Melanerpes%20rubricapillus%29%20male%20Las%20Tangaras%202.jpg?width=640", "commons_url": "https://commons.wikimedia.org/wiki/File:Red-crowned_woodpecker_(Melanerpes_rubricapillus)_male_Las_Tangaras_2.jpg", "map_url": "https://maps.google.com/?q=5.850000,-76.180000", "departamento": "Choco", "departamento_raw": "CHOCO", "region": "Pacífica", "region_color": "#059669"}}, {"type": "Feature", "geometry": {"type": "Point", "coordinates": [-75.44, 5.07]}, "properties": {"id": 1888, "autor": "Charlesjsharp", "nombre": "Red-tailed squirrel (Sciurus granatensis chrysuros) Caldas 2.jpg", "fecha": "2026-05-29 15:52:20", "desc": "Red-tailed squirrel ( Sciurus granatensis chrysuros ), Reserva Ecologica Rio Blanco, Manizales, Caldas, Colombia", "img_url": "https://upload.wikimedia.org/wikipedia/commons/4/49/Red-tailed_squirrel_%28Sciurus_granatensis_chrysuros%29_Caldas_2.jpg", "thumb_url": "https://commons.wikimedia.org/wiki/Special:FilePath/Red-tailed%20squirrel%20%28Sciurus%20granatensis%20chrysuros%29%20Caldas%202.jpg?width=640", "commons_url": "https://commons.wikimedia.org/wiki/File:Red-tailed_squirrel_(Sciurus_granatensis_chrysuros)_Caldas_2.jpg", "map_url": "https://maps.google.com/?q=5.070000,-75.440000", "departamento": "Caldas", "departamento_raw": "CALDAS", "region": "Andina", "region_color": "#2563eb"}}, {"type": "Feature", "geometry": {"type": "Point", "coordinates": [-72.636197, 2.494485]}, "properties": {"id": 1890, "autor": "Rodrigomacrophoto", "nombre": "Reduviidae depredando una abeja.jpg", "fecha": "2026-05-04 17:20:24", "desc": "Hemíptero de la familia Reduviidae, alimentándose de una abeja que capturó. Imagen tomada en la reserva El Diamante de las Aguas. San José del Guaviare.", "img_url": "https://upload.wikimedia.org/wikipedia/commons/6/6c/Reduviidae_depredando_una_abeja.jpg", "thumb_url": "https://commons.wikimedia.org/wiki/Special:FilePath/Reduviidae%20depredando%20una%20abeja.jpg?width=640", "commons_url": "https://commons.wikimedia.org/wiki/File:Reduviidae_depredando_una_abeja.jpg", "map_url": "https://maps.google.com/?q=2.494485,-72.636197", "departamento": "Guaviare", "departamento_raw": "GUAVIARE", "region": "Amazonía", "region_color": "#15803d"}}, {"type": "Feature", "geometry": {"type": "Point", "coordinates": [-74.097702, 4.669437]}, "properties": {"id": 1895, "autor": "NMontoya (WMCO)", "nombre": "Reina de la noche sudamericana y Ucle (tornillo) – Género Cereus – Familia Cactaceae.png", "fecha": "2026-06-18 19:23:15", "desc": "Cactus Reina de la noche sudamericana y Ucle (tornillo) – Género Cereus – Familia Cactaceae", "img_url": "https://upload.wikimedia.org/wikipedia/commons/1/1b/Reina_de_la_noche_sudamericana_y_Ucle_%28tornillo%29_%E2%80%93_G%C3%A9nero_Cereus_%E2%80%93_Familia_Cactaceae.png", "thumb_url": "https://commons.wikimedia.org/wiki/Special:FilePath/Reina%20de%20la%20noche%20sudamericana%20y%20Ucle%20%28tornillo%29%20%E2%80%93%20G%C3%A9nero%20Cereus%20%E2%80%93%20Familia%20Cactaceae.png?width=640", "commons_url": "https://commons.wikimedia.org/wiki/File:Reina_de_la_noche_sudamericana_y_Ucle_(tornillo)_%E2%80%93_G%C3%A9nero_Cereus_%E2%80%93_Familia_Cactaceae.png", "map_url": "https://maps.google.com/?q=4.669437,-74.097702", "departamento": "Bogotá D.C.", "departamento_raw": "SANTAFE DE BOGOTA D.C", "region": "Andina", "region_color": "#2563eb"}}, {"type": "Feature", "geometry": {"type": "Point", "coordinates": [-77.433403, 5.613725]}, "properties": {"id": 1897, "autor": "Diferoch", "nombre": "Release of Lepidochelys olivacea - Nuquí, Chocó, Colombia - 23 Oct 2025 - Diferoch - 1.jpg", "fecha": "2026-06-25 17:48:54", "desc": "Hatchlings of Lepidochelys olivacea about to be released to the wild in Nuquí, Chocó, Colombia.", "img_url": "https://upload.wikimedia.org/wikipedia/commons/c/c0/Release_of_Lepidochelys_olivacea_-_Nuqu%C3%AD%2C_Choc%C3%B3%2C_Colombia_-_23_Oct_2025_-_Diferoch_-_1.jpg", "thumb_url": "https://commons.wikimedia.org/wiki/Special:FilePath/Release%20of%20Lepidochelys%20olivacea%20-%20Nuqu%C3%AD%2C%20Choc%C3%B3%2C%20Colombia%20-%2023%20Oct%202025%20-%20Diferoch%20-%201.jpg?width=640", "commons_url": "https://commons.wikimedia.org/wiki/File:Release_of_Lepidochelys_olivacea_-_Nuqu%C3%AD,_Choc%C3%B3,_Colombia_-_23_Oct_2025_-_Diferoch_-_1.jpg", "map_url": "https://maps.google.com/?q=5.613725,-77.433403", "departamento": "Choco", "departamento_raw": "CHOCO", "region": "Pacífica", "region_color": "#059669"}}, {"type": "Feature", "geometry": {"type": "Point", "coordinates": [-77.433433, 5.613982]}, "properties": {"id": 1898, "autor": "Diferoch", "nombre": "Release of Lepidochelys olivacea - Nuquí, Chocó, Colombia - 23 Oct 2025 - Diferoch - 2.jpg", "fecha": "2026-06-25 17:48:55", "desc": "Hatchlings of Lepidochelys olivacea released to the wild in Nuquí, Chocó, Colombia.", "img_url": "https://upload.wikimedia.org/wikipedia/commons/b/b1/Release_of_Lepidochelys_olivacea_-_Nuqu%C3%AD%2C_Choc%C3%B3%2C_Colombia_-_23_Oct_2025_-_Diferoch_-_2.jpg", "thumb_url": "https://commons.wikimedia.org/wiki/Special:FilePath/Release%20of%20Lepidochelys%20olivacea%20-%20Nuqu%C3%AD%2C%20Choc%C3%B3%2C%20Colombia%20-%2023%20Oct%202025%20-%20Diferoch%20-%202.jpg?width=640", "commons_url": "https://commons.wikimedia.org/wiki/File:Release_of_Lepidochelys_olivacea_-_Nuqu%C3%AD,_Choc%C3%B3,_Colombia_-_23_Oct_2025_-_Diferoch_-_2.jpg", "map_url": "https://maps.google.com/?q=5.613982,-77.433433", "departamento": "Choco", "departamento_raw": "CHOCO", "region": "Pacífica", "region_color": "#059669"}}, {"type": "Feature", "geometry": {"type": "Point", "coordinates": [-77.433572, 5.614262]}, "properties": {"id": 1899, "autor": "Diferoch", "nombre": "Release of Lepidochelys olivacea - Nuquí, Chocó, Colombia - 23 Oct 2025 - Diferoch - 3.jpg", "fecha": "2026-06-25 17:48:54", "desc": "Hatchling of Lepidochelys olivacea released to the wild in Nuquí, Chocó, Colombia.", "img_url": "https://upload.wikimedia.org/wikipedia/commons/4/48/Release_of_Lepidochelys_olivacea_-_Nuqu%C3%AD%2C_Choc%C3%B3%2C_Colombia_-_23_Oct_2025_-_Diferoch_-_3.jpg", "thumb_url": "https://commons.wikimedia.org/wiki/Special:FilePath/Release%20of%20Lepidochelys%20olivacea%20-%20Nuqu%C3%AD%2C%20Choc%C3%B3%2C%20Colombia%20-%2023%20Oct%202025%20-%20Diferoch%20-%203.jpg?width=640", "commons_url": "https://commons.wikimedia.org/wiki/File:Release_of_Lepidochelys_olivacea_-_Nuqu%C3%AD,_Choc%C3%B3,_Colombia_-_23_Oct_2025_-_Diferoch_-_3.jpg", "map_url": "https://maps.google.com/?q=5.614262,-77.433572", "departamento": "Choco", "departamento_raw": "CHOCO", "region": "Pacífica", "region_color": "#059669"}}, {"type": "Feature", "geometry": {"type": "Point", "coordinates": [-74.097702, 4.669437]}, "properties": {"id": 1901, "autor": "NMontoya (WMCO)", "nombre": "Renealmia thyrsoidea - Familia Zingiberaceae.jpg", "fecha": "2026-06-18 19:23:18", "desc": "Vira - Berebere - Renealmia thyrsoidea - Familia Zingiberaceae", "img_url": "https://upload.wikimedia.org/wikipedia/commons/b/b2/Renealmia_thyrsoidea_-_Familia_Zingiberaceae.jpg", "thumb_url": "https://commons.wikimedia.org/wiki/Special:FilePath/Renealmia%20thyrsoidea%20-%20Familia%20Zingiberaceae.jpg?width=640", "commons_url": "https://commons.wikimedia.org/wiki/File:Renealmia_thyrsoidea_-_Familia_Zingiberaceae.jpg", "map_url": "https://maps.google.com/?q=4.669437,-74.097702", "departamento": "Bogotá D.C.", "departamento_raw": "SANTAFE DE BOGOTA D.C", "region": "Andina", "region_color": "#2563eb"}}, {"type": "Feature", "geometry": {"type": "Point", "coordinates": [-74.281022, 4.884081]}, "properties": {"id": 1912, "autor": "Nbareschu", "nombre": "Restrepo a reserva chulajuan.jpg", "fecha": "2026-05-07 10:07:04", "desc": "Restrepia sp reserva chulajuan", "img_url": "https://upload.wikimedia.org/wikipedia/commons/0/00/Restrepo_a_reserva_chulajuan.jpg", "thumb_url": "https://commons.wikimedia.org/wiki/Special:FilePath/Restrepo%20a%20reserva%20chulajuan.jpg?width=640", "commons_url": "https://commons.wikimedia.org/wiki/File:Restrepo_a_reserva_chulajuan.jpg", "map_url": "https://maps.google.com/?q=4.884081,-74.281022", "departamento": "Cundinamarca", "departamento_raw": "CUNDINAMARCA", "region": "Andina", "region_color": "#2563eb"}}, {"type": "Feature", "geometry": {"type": "Point", "coordinates": [-73.024285, 6.89159]}, "properties": {"id": 1913, "autor": "Diferoch", "nombre": "Rhinella alata - Piedecuesta, Santander, Colombia - 7 Jun 2026 - Diferoch.jpg", "fecha": "2026-05-28 21:52:09", "desc": "Individual of Rhinella alata observed in Piedecuesta, Santander, Colombia.", "img_url": "https://upload.wikimedia.org/wikipedia/commons/f/fe/Rhinella_alata_-_Piedecuesta%2C_Santander%2C_Colombia_-_7_Jun_2026_-_Diferoch.jpg", "thumb_url": "https://commons.wikimedia.org/wiki/Special:FilePath/Rhinella%20alata%20-%20Piedecuesta%2C%20Santander%2C%20Colombia%20-%207%20Jun%202026%20-%20Diferoch.jpg?width=640", "commons_url": "https://commons.wikimedia.org/wiki/File:Rhinella_alata_-_Piedecuesta,_Santander,_Colombia_-_7_Jun_2026_-_Diferoch.jpg", "map_url": "https://maps.google.com/?q=6.891590,-73.024285", "departamento": "Santander", "departamento_raw": "SANTANDER", "region": "Andina", "region_color": "#2563eb"}}, {"type": "Feature", "geometry": {"type": "Point", "coordinates": [-77.51613, 1.501261]}, "properties": {"id": 1914, "autor": "Jhoan Bravo", "nombre": "Rhinella sp. toad in Colombia.jpg", "fecha": "2026-06-29 12:19:58", "desc": "Sapo común del género Rhinella", "img_url": "https://upload.wikimedia.org/wikipedia/commons/2/21/Rhinella_sp._toad_in_Colombia.jpg", "thumb_url": "https://commons.wikimedia.org/wiki/Special:FilePath/Rhinella%20sp.%20toad%20in%20Colombia.jpg?width=640", "commons_url": "https://commons.wikimedia.org/wiki/File:Rhinella_sp._toad_in_Colombia.jpg", "map_url": "https://maps.google.com/?q=1.5012605,-77.5161304", "departamento": "Nariño", "departamento_raw": "NARIÑO", "region": "Pacífica", "region_color": "#059669"}}, {"type": "Feature", "geometry": {"type": "Point", "coordinates": [-77.420837, 5.625025]}, "properties": {"id": 1915, "autor": "Diferoch", "nombre": "Rhodorhipha flammans - Nuquí, Chocó, Colombia - 24 Oct 2025 - Diferoch.jpg", "fecha": "2026-06-26 20:22:26", "desc": "Adult of Rhodorhipha flammans with an adult of unidentifed Lepidoptera observed in Nuquí, Chocó, Colombia.", "img_url": "https://upload.wikimedia.org/wikipedia/commons/0/01/Rhodorhipha_flammans_-_Nuqu%C3%AD%2C_Choc%C3%B3%2C_Colombia_-_24_Oct_2025_-_Diferoch.jpg", "thumb_url": "https://commons.wikimedia.org/wiki/Special:FilePath/Rhodorhipha%20flammans%20-%20Nuqu%C3%AD%2C%20Choc%C3%B3%2C%20Colombia%20-%2024%20Oct%202025%20-%20Diferoch.jpg?width=640", "commons_url": "https://commons.wikimedia.org/wiki/File:Rhodorhipha_flammans_-_Nuqu%C3%AD,_Choc%C3%B3,_Colombia_-_24_Oct_2025_-_Diferoch.jpg", "map_url": "https://maps.google.com/?q=5.625025,-77.420837", "departamento": "Choco", "departamento_raw": "CHOCO", "region": "Pacífica", "region_color": "#059669"}}, {"type": "Feature", "geometry": {"type": "Point", "coordinates": [-74.773192, 8.094939]}, "properties": {"id": 1922, "autor": "Elprofeta91", "nombre": "Rio Cauca y rio Nechí.jpg", "fecha": "2026-05-05 19:04:51", "desc": "Un puerto en Nechí", "img_url": "https://upload.wikimedia.org/wikipedia/commons/7/74/Rio_Cauca_y_rio_Nech%C3%AD.jpg", "thumb_url": "https://commons.wikimedia.org/wiki/Special:FilePath/Rio%20Cauca%20y%20rio%20Nech%C3%AD.jpg?width=640", "commons_url": "https://commons.wikimedia.org/wiki/File:Rio_Cauca_y_rio_Nech%C3%AD.jpg", "map_url": "https://maps.google.com/?q=8.094939,-74.773192", "departamento": "Antioquia", "departamento_raw": "ANTIOQUIA", "region": "Andina", "region_color": "#2563eb"}}, {"type": "Feature", "geometry": {"type": "Point", "coordinates": [-76.128983, 1.628361]}, "properties": {"id": 1926, "autor": "CHAVESJUAN19", "nombre": "Rio Suaza - PNN Cueva de los Guacharos.jpg", "fecha": "2026-06-30 18:52:09", "desc": "Cuenca del Magdalena - Nacmiento en el flaco occidental de la cordillera Oriental", "img_url": "https://upload.wikimedia.org/wikipedia/commons/1/16/Rio_Suaza_-_PNN_Cueva_de_los_Guacharos.jpg", "thumb_url": "https://commons.wikimedia.org/wiki/Special:FilePath/Rio%20Suaza%20-%20PNN%20Cueva%20de%20los%20Guacharos.jpg?width=640", "commons_url": "https://commons.wikimedia.org/wiki/File:Rio_Suaza_-_PNN_Cueva_de_los_Guacharos.jpg", "map_url": "https://maps.google.com/?q=1.628361,-76.128983", "departamento": "Huila", "departamento_raw": "HUILA", "region": "Andina", "region_color": "#2563eb"}}, {"type": "Feature", "geometry": {"type": "Point", "coordinates": [-72.319065, 6.496338]}, "properties": {"id": 1932, "autor": "Dacorralesc", "nombre": "Ritakwa Blanco 20260614.jpg", "fecha": "2026-07-01 00:23:41", "desc": "Pico más alto de la Cordillera Oriental de Colombia ubicado en la Sierra Nevada del Cocuy", "img_url": "https://upload.wikimedia.org/wikipedia/commons/e/e2/Ritakwa_Blanco_20260614.jpg", "thumb_url": "https://commons.wikimedia.org/wiki/Special:FilePath/Ritakwa%20Blanco%2020260614.jpg?width=640", "commons_url": "https://commons.wikimedia.org/wiki/File:Ritakwa_Blanco_20260614.jpg", "map_url": "https://maps.google.com/?q=6.496338,-72.319065", "departamento": "Boyaca", "departamento_raw": "BOYACA", "region": "Andina", "region_color": "#2563eb"}}, {"type": "Feature", "geometry": {"type": "Point", "coordinates": [-74.847861, 4.958695]}, "properties": {"id": 1940, "autor": "AmiGueko", "nombre": "Rosa (43191).jpg", "fecha": "2026-05-24 13:46:43", "desc": "Rosa", "img_url": "https://upload.wikimedia.org/wikipedia/commons/b/bd/Rosa_%2843191%29.jpg", "thumb_url": "https://commons.wikimedia.org/wiki/Special:FilePath/Rosa%20%2843191%29.jpg?width=640", "commons_url": "https://commons.wikimedia.org/wiki/File:Rosa_(43191).jpg", "map_url": "https://maps.google.com/?q=4.958695,-74.847861", "departamento": "Tolima", "departamento_raw": "TOLIMA", "region": "Andina", "region_color": "#2563eb"}}, {"type": "Feature", "geometry": {"type": "Point", "coordinates": [-75.061289, 4.908044]}, "properties": {"id": 1941, "autor": "AmiGueko", "nombre": "Rosa (99661).jpg", "fecha": "2026-05-24 13:46:34", "desc": "Rosa", "img_url": "https://upload.wikimedia.org/wikipedia/commons/8/82/Rosa_%2899661%29.jpg", "thumb_url": "https://commons.wikimedia.org/wiki/Special:FilePath/Rosa%20%2899661%29.jpg?width=640", "commons_url": "https://commons.wikimedia.org/wiki/File:Rosa_(99661).jpg", "map_url": "https://maps.google.com/?q=4.908044,-75.061289", "departamento": "Tolima", "departamento_raw": "TOLIMA", "region": "Andina", "region_color": "#2563eb"}}, {"type": "Feature", "geometry": {"type": "Point", "coordinates": [-74.099779, 4.66788]}, "properties": {"id": 1942, "autor": "Project5443", "nombre": "Rosa Polyantha.jpg", "fecha": "2026-05-21 13:34:55", "desc": "Photo taken at the Bogotá Botanical Garden of a Polyantha/Rambler rose", "img_url": "https://upload.wikimedia.org/wikipedia/commons/5/59/Rosa_Polyantha.jpg", "thumb_url": "https://commons.wikimedia.org/wiki/Special:FilePath/Rosa%20Polyantha.jpg?width=640", "commons_url": "https://commons.wikimedia.org/wiki/File:Rosa_Polyantha.jpg", "map_url": "https://maps.google.com/?q=4.667880,-74.099779", "departamento": "Bogotá D.C.", "departamento_raw": "SANTAFE DE BOGOTA D.C", "region": "Andina", "region_color": "#2563eb"}}, {"type": "Feature", "geometry": {"type": "Point", "coordinates": [-73.864135, 7.085062]}, "properties": {"id": 1946, "autor": "Diferoch", "nombre": "Rupornis magnirostris magnirostris - Barrancabermeja, Santander, Colombia - 3 Jun 2025.jpg", "fecha": "2026-05-24 21:01:44", "desc": "Adult of Rupornis magnirostris magnirostris in Barrancabermeja, Santander, Colombia.", "img_url": "https://upload.wikimedia.org/wikipedia/commons/4/40/Rupornis_magnirostris_magnirostris_-_Barrancabermeja%2C_Santander%2C_Colombia_-_3_Jun_2025.jpg", "thumb_url": "https://commons.wikimedia.org/wiki/Special:FilePath/Rupornis%20magnirostris%20magnirostris%20-%20Barrancabermeja%2C%20Santander%2C%20Colombia%20-%203%20Jun%202025.jpg?width=640", "commons_url": "https://commons.wikimedia.org/wiki/File:Rupornis_magnirostris_magnirostris_-_Barrancabermeja,_Santander,_Colombia_-_3_Jun_2025.jpg", "map_url": "https://maps.google.com/?q=7.085062,-73.864135", "departamento": "Santander", "departamento_raw": "SANTANDER", "region": "Andina", "region_color": "#2563eb"}}, {"type": "Feature", "geometry": {"type": "Point", "coordinates": [-73.565117, 11.245217]}, "properties": {"id": 1955, "autor": "Juanrapave", "nombre": "Río Palomino.jpg", "fecha": "2026-05-24 07:31:05", "desc": "Rio Palomino", "img_url": "https://upload.wikimedia.org/wikipedia/commons/f/fa/R%C3%ADo_Palomino.jpg", "thumb_url": "https://commons.wikimedia.org/wiki/Special:FilePath/R%C3%ADo%20Palomino.jpg?width=640", "commons_url": "https://commons.wikimedia.org/wiki/File:R%C3%ADo_Palomino.jpg", "map_url": "https://maps.google.com/?q=11.245217,-73.565117", "departamento": "La Guajira", "departamento_raw": "LA GUAJIRA", "region": "Caribe", "region_color": "#0891b2"}}, {"type": "Feature", "geometry": {"type": "Point", "coordinates": [-74.100198, 4.668211]}, "properties": {"id": 1960, "autor": "Supertita", "nombre": "Sago, Palmera sagú, Megaesporofilos.jpg", "fecha": "2026-06-19 15:42:39", "desc": "Sago, Palmera sagú, Megaesporofilos", "img_url": "https://upload.wikimedia.org/wikipedia/commons/6/69/Sago%2C_Palmera_sag%C3%BA%2C_Megaesporofilos.jpg", "thumb_url": "https://commons.wikimedia.org/wiki/Special:FilePath/Sago%2C%20Palmera%20sag%C3%BA%2C%20Megaesporofilos.jpg?width=640", "commons_url": "https://commons.wikimedia.org/wiki/File:Sago,_Palmera_sag%C3%BA,_Megaesporofilos.jpg", "map_url": "https://maps.google.com/?q=4.668211,-74.100198", "departamento": "Bogotá D.C.", "departamento_raw": "SANTAFE DE BOGOTA D.C", "region": "Andina", "region_color": "#2563eb"}}, {"type": "Feature", "geometry": {"type": "Point", "coordinates": [-73.784932, 2.18319]}, "properties": {"id": 1961, "autor": "Sebasgr05", "nombre": "Saimiri albigena.jpg", "fecha": "2026-06-05 10:16:51", "desc": "Colombian Squirrel Monkey", "img_url": "https://upload.wikimedia.org/wikipedia/commons/e/ef/Saimiri_albigena.jpg", "thumb_url": "https://commons.wikimedia.org/wiki/Special:FilePath/Saimiri%20albigena.jpg?width=640", "commons_url": "https://commons.wikimedia.org/wiki/File:Saimiri_albigena.jpg", "map_url": "https://maps.google.com/?q=2.183190,-73.784932", "departamento": "Meta", "departamento_raw": "META", "region": "Orinoquía", "region_color": "#d97706"}}, {"type": "Feature", "geometry": {"type": "Point", "coordinates": [-74.27816, 4.984157]}, "properties": {"id": 1963, "autor": "AmiGueko", "nombre": "Saltamontes.jpg", "fecha": "2026-05-23 22:17:24", "desc": "Saltamontes", "img_url": "https://upload.wikimedia.org/wikipedia/commons/a/a1/Saltamontes.jpg", "thumb_url": "https://commons.wikimedia.org/wiki/Special:FilePath/Saltamontes.jpg?width=640", "commons_url": "https://commons.wikimedia.org/wiki/File:Saltamontes.jpg", "map_url": "https://maps.google.com/?q=4.984157,-74.278160", "departamento": "Cundinamarca", "departamento_raw": "CUNDINAMARCA", "region": "Andina", "region_color": "#2563eb"}}, {"type": "Feature", "geometry": {"type": "Point", "coordinates": [-74.097728, 4.668296]}, "properties": {"id": 1965, "autor": "Natlycu", "nombre": "Saltapared Común Sureño (Troglodytes musculus) en el Jardín Botánico de Bogotá.jpg", "fecha": "2026-06-30 00:09:20", "desc": "Southern house wren (Troglodytes musculus) in Bogotá Botanical Garden", "img_url": "https://upload.wikimedia.org/wikipedia/commons/9/95/Saltapared_Com%C3%BAn_Sure%C3%B1o_%28Troglodytes_musculus%29_en_el_Jard%C3%ADn_Bot%C3%A1nico_de_Bogot%C3%A1.jpg", "thumb_url": "https://commons.wikimedia.org/wiki/Special:FilePath/Saltapared%20Com%C3%BAn%20Sure%C3%B1o%20%28Troglodytes%20musculus%29%20en%20el%20Jard%C3%ADn%20Bot%C3%A1nico%20de%20Bogot%C3%A1.jpg?width=640", "commons_url": "https://commons.wikimedia.org/wiki/File:Saltapared_Com%C3%BAn_Sure%C3%B1o_(Troglodytes_musculus)_en_el_Jard%C3%ADn_Bot%C3%A1nico_de_Bogot%C3%A1.jpg", "map_url": "https://maps.google.com/?q=4.668296,-74.097728", "departamento": "Bogotá D.C.", "departamento_raw": "SANTAFE DE BOGOTA D.C", "region": "Andina", "region_color": "#2563eb"}}, {"type": "Feature", "geometry": {"type": "Point", "coordinates": [-74.265165, 4.972726]}, "properties": {"id": 1975, "autor": "AmiGueko", "nombre": "San Francisco, Cundinamarca.jpg", "fecha": "2026-05-24 13:22:16", "desc": "San Francisco, Cundinamarca", "img_url": "https://upload.wikimedia.org/wikipedia/commons/1/18/San_Francisco%2C_Cundinamarca.jpg", "thumb_url": "https://commons.wikimedia.org/wiki/Special:FilePath/San%20Francisco%2C%20Cundinamarca.jpg?width=640", "commons_url": "https://commons.wikimedia.org/wiki/File:San_Francisco,_Cundinamarca.jpg", "map_url": "https://maps.google.com/?q=4.972726,-74.265165", "departamento": "Cundinamarca", "departamento_raw": "CUNDINAMARCA", "region": "Andina", "region_color": "#2563eb"}}, {"type": "Feature", "geometry": {"type": "Point", "coordinates": [-74.298682, 4.979121]}, "properties": {"id": 1976, "autor": "AmiGueko", "nombre": "San Francisco, Cundinamarca (14634).jpg", "fecha": "2026-05-24 13:24:43", "desc": "San Francisco, Cundinamarca", "img_url": "https://upload.wikimedia.org/wikipedia/commons/4/41/San_Francisco%2C_Cundinamarca_%2814634%29.jpg", "thumb_url": "https://commons.wikimedia.org/wiki/Special:FilePath/San%20Francisco%2C%20Cundinamarca%20%2814634%29.jpg?width=640", "commons_url": "https://commons.wikimedia.org/wiki/File:San_Francisco,_Cundinamarca_(14634).jpg", "map_url": "https://maps.google.com/?q=4.979121,-74.298682", "departamento": "Cundinamarca", "departamento_raw": "CUNDINAMARCA", "region": "Andina", "region_color": "#2563eb"}}, {"type": "Feature", "geometry": {"type": "Point", "coordinates": [-74.296436, 4.973558]}, "properties": {"id": 1977, "autor": "AmiGueko", "nombre": "San Francisco, Cundinamarca (17922).jpg", "fecha": "2026-05-24 13:23:37", "desc": "San Francisco, Cundinamarca", "img_url": "https://upload.wikimedia.org/wikipedia/commons/5/54/San_Francisco%2C_Cundinamarca_%2817922%29.jpg", "thumb_url": "https://commons.wikimedia.org/wiki/Special:FilePath/San%20Francisco%2C%20Cundinamarca%20%2817922%29.jpg?width=640", "commons_url": "https://commons.wikimedia.org/wiki/File:San_Francisco,_Cundinamarca_(17922).jpg", "map_url": "https://maps.google.com/?q=4.973558,-74.296436", "departamento": "Cundinamarca", "departamento_raw": "CUNDINAMARCA", "region": "Andina", "region_color": "#2563eb"}}, {"type": "Feature", "geometry": {"type": "Point", "coordinates": [-74.288473, 4.973435]}, "properties": {"id": 1978, "autor": "AmiGueko", "nombre": "San Francisco, Cundinamarca (59573).jpg", "fecha": "2026-05-24 13:24:22", "desc": "San Francisco, Cundinamarca", "img_url": "https://upload.wikimedia.org/wikipedia/commons/0/0c/San_Francisco%2C_Cundinamarca_%2859573%29.jpg", "thumb_url": "https://commons.wikimedia.org/wiki/Special:FilePath/San%20Francisco%2C%20Cundinamarca%20%2859573%29.jpg?width=640", "commons_url": "https://commons.wikimedia.org/wiki/File:San_Francisco,_Cundinamarca_(59573).jpg", "map_url": "https://maps.google.com/?q=4.973435,-74.288473", "departamento": "Cundinamarca", "departamento_raw": "CUNDINAMARCA", "region": "Andina", "region_color": "#2563eb"}}, {"type": "Feature", "geometry": {"type": "Point", "coordinates": [-74.298337, 4.977303]}, "properties": {"id": 1979, "autor": "AmiGueko", "nombre": "San Francisco, Cundinamarca (65266).jpg", "fecha": "2026-05-24 13:22:58", "desc": "San Francisco, Cundinamarca", "img_url": "https://upload.wikimedia.org/wikipedia/commons/9/91/San_Francisco%2C_Cundinamarca_%2865266%29.jpg", "thumb_url": "https://commons.wikimedia.org/wiki/Special:FilePath/San%20Francisco%2C%20Cundinamarca%20%2865266%29.jpg?width=640", "commons_url": "https://commons.wikimedia.org/wiki/File:San_Francisco,_Cundinamarca_(65266).jpg", "map_url": "https://maps.google.com/?q=4.977303,-74.298337", "departamento": "Cundinamarca", "departamento_raw": "CUNDINAMARCA", "region": "Andina", "region_color": "#2563eb"}}, {"type": "Feature", "geometry": {"type": "Point", "coordinates": [-74.136398, 6.715038]}, "properties": {"id": 1980, "autor": "Diferoch", "nombre": "San Juan River in Cimitarra, Santander, Colombia - 03 Oct 2025 - Diferoch.jpg", "fecha": "2026-06-22 22:58:47", "desc": "Landscape of San Juan River in Cimitarra, Santander, Colombia.", "img_url": "https://upload.wikimedia.org/wikipedia/commons/2/27/San_Juan_River_in_Cimitarra%2C_Santander%2C_Colombia_-_03_Oct_2025_-_Diferoch.jpg", "thumb_url": "https://commons.wikimedia.org/wiki/Special:FilePath/San%20Juan%20River%20in%20Cimitarra%2C%20Santander%2C%20Colombia%20-%2003%20Oct%202025%20-%20Diferoch.jpg?width=640", "commons_url": "https://commons.wikimedia.org/wiki/File:San_Juan_River_in_Cimitarra,_Santander,_Colombia_-_03_Oct_2025_-_Diferoch.jpg", "map_url": "https://maps.google.com/?q=6.715038,-74.136398", "departamento": "Santander", "departamento_raw": "SANTANDER", "region": "Andina", "region_color": "#2563eb"}}, {"type": "Feature", "geometry": {"type": "Point", "coordinates": [-74.263662, 4.968572]}, "properties": {"id": 1984, "autor": "AmiGueko", "nombre": "Sangregado.jpg", "fecha": "2026-05-24 14:09:14", "desc": "Sangregado", "img_url": "https://upload.wikimedia.org/wikipedia/commons/c/c7/Sangregado.jpg", "thumb_url": "https://commons.wikimedia.org/wiki/Special:FilePath/Sangregado.jpg?width=640", "commons_url": "https://commons.wikimedia.org/wiki/File:Sangregado.jpg", "map_url": "https://maps.google.com/?q=4.968572,-74.263662", "departamento": "Cundinamarca", "departamento_raw": "CUNDINAMARCA", "region": "Andina", "region_color": "#2563eb"}}, {"type": "Feature", "geometry": {"type": "Point", "coordinates": [-74.097702, 4.669437]}, "properties": {"id": 1991, "autor": "NMontoya (WMCO)", "nombre": "Sauce guajiro (Parkinsonia aculeata).jpg", "fecha": "2026-06-18 19:23:18", "desc": "Árbol Sauce guajiro (Parkinsonia aculeata)", "img_url": "https://upload.wikimedia.org/wikipedia/commons/a/aa/Sauce_guajiro_%28Parkinsonia_aculeata%29.jpg", "thumb_url": "https://commons.wikimedia.org/wiki/Special:FilePath/Sauce%20guajiro%20%28Parkinsonia%20aculeata%29.jpg?width=640", "commons_url": "https://commons.wikimedia.org/wiki/File:Sauce_guajiro_(Parkinsonia_aculeata).jpg", "map_url": "https://maps.google.com/?q=4.669437,-74.097702", "departamento": "Bogotá D.C.", "departamento_raw": "SANTAFE DE BOGOTA D.C", "region": "Andina", "region_color": "#2563eb"}}, {"type": "Feature", "geometry": {"type": "Point", "coordinates": [-76.65569, 3.257751]}, "properties": {"id": 2005, "autor": "ZulayMR", "nombre": "Semilla de esperanza.jpg", "fecha": "2026-06-28 16:53:25", "desc": "Semilla de árbol Roble negro, en peligro de extinción, tomada en reserva natural de la ciudad de Jamundí, Valle del Cauca, Colombia.", "img_url": "https://upload.wikimedia.org/wikipedia/commons/6/6b/Semilla_de_esperanza.jpg", "thumb_url": "https://commons.wikimedia.org/wiki/Special:FilePath/Semilla%20de%20esperanza.jpg?width=640", "commons_url": "https://commons.wikimedia.org/wiki/File:Semilla_de_esperanza.jpg", "map_url": "https://maps.google.com/?q=3.257751,-76.655690", "departamento": "Valle del Cauca", "departamento_raw": "VALLE DEL CAUCA", "region": "Pacífica", "region_color": "#059669"}}, {"type": "Feature", "geometry": {"type": "Point", "coordinates": [-73.75284, 4.52799]}, "properties": {"id": 2010, "autor": "Supertita", "nombre": "Senecio niveoaureus-Árnica blanca.jpg", "fecha": "2026-06-19 16:58:45", "desc": "El Senecio niveoaureus (también conocido como árnica blanca, árnica amarilla o árnica ceniza) es una planta herbácea perenne, nativa de los páramos de Colombia y Ecuador", "img_url": "https://upload.wikimedia.org/wikipedia/commons/f/f9/Senecio_niveoaureus-%C3%81rnica_blanca.jpg", "thumb_url": "https://commons.wikimedia.org/wiki/Special:FilePath/Senecio%20niveoaureus-%C3%81rnica%20blanca.jpg?width=640", "commons_url": "https://commons.wikimedia.org/wiki/File:Senecio_niveoaureus-%C3%81rnica_blanca.jpg", "map_url": "https://maps.google.com/?q=4.527990,-73.752840", "departamento": "Cundinamarca", "departamento_raw": "CUNDINAMARCA", "region": "Andina", "region_color": "#2563eb"}}, {"type": "Feature", "geometry": {"type": "Point", "coordinates": [-76.180092, 9.132247]}, "properties": {"id": 2011, "autor": "Nbareschu", "nombre": "Senna en Río cedro.jpg", "fecha": "2026-05-07 10:06:28", "desc": "Senna sp en Río cedro en la reserva viento solar", "img_url": "https://upload.wikimedia.org/wikipedia/commons/2/29/Senna_en_R%C3%ADo_cedro.jpg", "thumb_url": "https://commons.wikimedia.org/wiki/Special:FilePath/Senna%20en%20R%C3%ADo%20cedro.jpg?width=640", "commons_url": "https://commons.wikimedia.org/wiki/File:Senna_en_R%C3%ADo_cedro.jpg", "map_url": "https://maps.google.com/?q=9.132247,-76.180092", "departamento": "Cordoba", "departamento_raw": "CORDOBA", "region": "Caribe", "region_color": "#0891b2"}}, {"type": "Feature", "geometry": {"type": "Point", "coordinates": [-74.310922, 4.972361]}, "properties": {"id": 2019, "autor": "AmiGueko", "nombre": "Siete cueros (Andesanthus lepidotus).jpg", "fecha": "2026-05-11 07:13:54", "desc": "flores del arbusto ornamental Siete Cueros", "img_url": "https://upload.wikimedia.org/wikipedia/commons/d/d3/Siete_cueros_%28Andesanthus_lepidotus%29.jpg", "thumb_url": "https://commons.wikimedia.org/wiki/Special:FilePath/Siete%20cueros%20%28Andesanthus%20lepidotus%29.jpg?width=640", "commons_url": "https://commons.wikimedia.org/wiki/File:Siete_cueros_(Andesanthus_lepidotus).jpg", "map_url": "https://maps.google.com/?q=4.972361,-74.310922", "departamento": "Cundinamarca", "departamento_raw": "CUNDINAMARCA", "region": "Andina", "region_color": "#2563eb"}}, {"type": "Feature", "geometry": {"type": "Point", "coordinates": [-76.5569, 3.5611]}, "properties": {"id": 2024, "autor": "NicolleTorresG", "nombre": "Silfo Coliverde - Aglaiocercus kingii.jpg", "fecha": "2026-06-26 22:32:08", "desc": "El silfo coliverde se distingue por su elegante cola alargada, una de las más llamativas entre los colibríes andinos. Habita en la ladera este de los Andes desde Venezuela a Bolivia.", "img_url": "https://upload.wikimedia.org/wikipedia/commons/c/ce/Silfo_Coliverde_-_Aglaiocercus_kingii.jpg", "thumb_url": "https://commons.wikimedia.org/wiki/Special:FilePath/Silfo%20Coliverde%20-%20Aglaiocercus%20kingii.jpg?width=640", "commons_url": "https://commons.wikimedia.org/wiki/File:Silfo_Coliverde_-_Aglaiocercus_kingii.jpg", "map_url": "https://maps.google.com/?q=3.561100,-76.556900", "departamento": "Valle del Cauca", "departamento_raw": "VALLE DEL CAUCA", "region": "Pacífica", "region_color": "#059669"}}, {"type": "Feature", "geometry": {"type": "Point", "coordinates": [-72.909081, 11.554472]}, "properties": {"id": 2026, "autor": "TeaBonsai", "nombre": "Silueta de niños en la playa. Junio de 2026.jpg", "fecha": "2026-06-20 09:21:02", "desc": "Niños jugando en la playa. Atardecer en el mar caribe en Riohacha en 2026", "img_url": "https://upload.wikimedia.org/wikipedia/commons/8/88/Silueta_de_ni%C3%B1os_en_la_playa._Junio_de_2026.jpg", "thumb_url": "https://commons.wikimedia.org/wiki/Special:FilePath/Silueta%20de%20ni%C3%B1os%20en%20la%20playa.%20Junio%20de%202026.jpg?width=640", "commons_url": "https://commons.wikimedia.org/wiki/File:Silueta_de_ni%C3%B1os_en_la_playa._Junio_de_2026.jpg", "map_url": "https://maps.google.com/?q=11.554472,-72.909081", "departamento": "La Guajira", "departamento_raw": "LA GUAJIRA", "region": "Caribe", "region_color": "#0891b2"}}, {"type": "Feature", "geometry": {"type": "Point", "coordinates": [-74.099944, 4.66775]}, "properties": {"id": 2031, "autor": "AmiGueko", "nombre": "Simulación de superpáramo en Jardín Botánico de Bogotá.jpg", "fecha": "2026-06-05 09:30:07", "desc": "Simulación de superpáramo en Jardín Botánico de Bogotá. Es un lugar serofítico, es decir, que tien pocas plantas porque a las plantas les cuesta tomar el agua para su subsistencia (superpáramo y desierto)", "img_url": "https://upload.wikimedia.org/wikipedia/commons/8/89/Simulaci%C3%B3n_de_superp%C3%A1ramo_en_Jard%C3%ADn_Bot%C3%A1nico_de_Bogot%C3%A1.jpg", "thumb_url": "https://commons.wikimedia.org/wiki/Special:FilePath/Simulaci%C3%B3n%20de%20superp%C3%A1ramo%20en%20Jard%C3%ADn%20Bot%C3%A1nico%20de%20Bogot%C3%A1.jpg?width=640", "commons_url": "https://commons.wikimedia.org/wiki/File:Simulaci%C3%B3n_de_superp%C3%A1ramo_en_Jard%C3%ADn_Bot%C3%A1nico_de_Bogot%C3%A1.jpg", "map_url": "https://maps.google.com/?q=4.667750,-74.099944", "departamento": "Bogotá D.C.", "departamento_raw": "SANTAFE DE BOGOTA D.C", "region": "Andina", "region_color": "#2563eb"}}, {"type": "Feature", "geometry": {"type": "Point", "coordinates": [-74.523037, 4.743499]}, "properties": {"id": 2033, "autor": "JuànMì41", "nombre": "Sinsonte tropical (Mimus gilvus) alimentandoce en Quipile Cundimamarca.jpg", "fecha": "2026-06-28 18:36:49", "desc": "Mimus gilvus hunting at 1,950m on the western slope of the Cordillera Oriental, in Premontane Humid Forest. A common bird captured in a rare, fleeting moment. NIKON D5100 | f/7.1 | 1/640s | 300mm | ISO 250.", "img_url": "https://upload.wikimedia.org/wikipedia/commons/6/68/Sinsonte_tropical_%28Mimus_gilvus%29_alimentandoce_en_Quipile_Cundimamarca.jpg", "thumb_url": "https://commons.wikimedia.org/wiki/Special:FilePath/Sinsonte%20tropical%20%28Mimus%20gilvus%29%20alimentandoce%20en%20Quipile%20Cundimamarca.jpg?width=640", "commons_url": "https://commons.wikimedia.org/wiki/File:Sinsonte_tropical_(Mimus_gilvus)_alimentandoce_en_Quipile_Cundimamarca.jpg", "map_url": "https://maps.google.com/?q=4.743499,-74.523037", "departamento": "Cundinamarca", "departamento_raw": "CUNDINAMARCA", "region": "Andina", "region_color": "#2563eb"}}, {"type": "Feature", "geometry": {"type": "Point", "coordinates": [-74.085107, 4.874161]}, "properties": {"id": 2034, "autor": "Rodrigomacrophoto", "nombre": "Sirfido cubierto de polen.jpg", "fecha": "2026-06-28 18:01:58", "desc": "Individuo de la familia Syrphidae, aproximadamente de 8 milímetros de longitud. Se le puede cubierto de polen, y se destaca la importancia de esta familia como polinizadores.", "img_url": "https://upload.wikimedia.org/wikipedia/commons/3/37/Sirfido_cubierto_de_polen.jpg", "thumb_url": "https://commons.wikimedia.org/wiki/Special:FilePath/Sirfido%20cubierto%20de%20polen.jpg?width=640", "commons_url": "https://commons.wikimedia.org/wiki/File:Sirfido_cubierto_de_polen.jpg", "map_url": "https://maps.google.com/?q=4.874161,-74.085107", "departamento": "Cundinamarca", "departamento_raw": "CUNDINAMARCA", "region": "Andina", "region_color": "#2563eb"}}, {"type": "Feature", "geometry": {"type": "Point", "coordinates": [-75.44, 5.07]}, "properties": {"id": 2038, "autor": "Charlesjsharp", "nombre": "Slaty-crowned antpitta (Grallaricula nana occidentalis) Caldas 3.jpg", "fecha": "2026-05-29 14:48:23", "desc": "Slaty-crowned antpitta ( Grallaricula nana occidentalis ), Reserva Ecologica Rio Blanco, Manizales, Caldas, Colombia", "img_url": "https://upload.wikimedia.org/wikipedia/commons/9/9c/Slaty-crowned_antpitta_%28Grallaricula_nana_occidentalis%29_Caldas_3.jpg", "thumb_url": "https://commons.wikimedia.org/wiki/Special:FilePath/Slaty-crowned%20antpitta%20%28Grallaricula%20nana%20occidentalis%29%20Caldas%203.jpg?width=640", "commons_url": "https://commons.wikimedia.org/wiki/File:Slaty-crowned_antpitta_(Grallaricula_nana_occidentalis)_Caldas_3.jpg", "map_url": "https://maps.google.com/?q=5.070000,-75.440000", "departamento": "Caldas", "departamento_raw": "CALDAS", "region": "Andina", "region_color": "#2563eb"}}, {"type": "Feature", "geometry": {"type": "Point", "coordinates": [-74.896989, 5.5719]}, "properties": {"id": 2046, "autor": "JJCL09", "nombre": "Sol del Caldas.jpg", "fecha": "2026-05-05 21:09:16", "desc": "Gold in the mountains", "img_url": "https://upload.wikimedia.org/wikipedia/commons/1/1b/Sol_del_Caldas.jpg", "thumb_url": "https://commons.wikimedia.org/wiki/Special:FilePath/Sol%20del%20Caldas.jpg?width=640", "commons_url": "https://commons.wikimedia.org/wiki/File:Sol_del_Caldas.jpg", "map_url": "https://maps.google.com/?q=5.571900,-74.896989", "departamento": "Caldas", "departamento_raw": "CALDAS", "region": "Andina", "region_color": "#2563eb"}}, {"type": "Feature", "geometry": {"type": "Point", "coordinates": [-74.897103, 5.571678]}, "properties": {"id": 2047, "autor": "JJCL09", "nombre": "Sol sobre Nubes.jpg", "fecha": "2026-05-05 21:09:22", "desc": "Sun of my land", "img_url": "https://upload.wikimedia.org/wikipedia/commons/f/f9/Sol_sobre_Nubes.jpg", "thumb_url": "https://commons.wikimedia.org/wiki/Special:FilePath/Sol%20sobre%20Nubes.jpg?width=640", "commons_url": "https://commons.wikimedia.org/wiki/File:Sol_sobre_Nubes.jpg", "map_url": "https://maps.google.com/?q=5.571678,-74.897103", "departamento": "Caldas", "departamento_raw": "CALDAS", "region": "Andina", "region_color": "#2563eb"}}, {"type": "Feature", "geometry": {"type": "Point", "coordinates": [-74.53509, 5.3759]}, "properties": {"id": 2048, "autor": "Supertita", "nombre": "Solanum quitoense - flor de lulo o naranjilla.jpg", "fecha": "2026-06-19 14:37:18", "desc": "Solanum quitoense-flor de lulo o naranjilla-familia Solanaceae Plantae", "img_url": "https://upload.wikimedia.org/wikipedia/commons/e/e9/Solanum_quitoense_-_flor_de_lulo_o_naranjilla.jpg", "thumb_url": "https://commons.wikimedia.org/wiki/Special:FilePath/Solanum%20quitoense%20-%20flor%20de%20lulo%20o%20naranjilla.jpg?width=640", "commons_url": "https://commons.wikimedia.org/wiki/File:Solanum_quitoense_-_flor_de_lulo_o_naranjilla.jpg", "map_url": "https://maps.google.com/?q=5.375900,7.453509", "departamento": "Cundinamarca", "departamento_raw": "CUNDINAMARCA", "region": "Andina", "region_color": "#2563eb"}}, {"type": "Feature", "geometry": {"type": "Point", "coordinates": [-73.75284, 4.52799]}, "properties": {"id": 2059, "autor": "Supertita", "nombre": "Stelis pulchella-Orchidaceae.jpg", "fecha": "2026-06-19 16:58:47", "desc": "Stelis pulchella-orquideas epifitas", "img_url": "https://upload.wikimedia.org/wikipedia/commons/5/5f/Stelis_pulchella-Orchidaceae.jpg", "thumb_url": "https://commons.wikimedia.org/wiki/Special:FilePath/Stelis%20pulchella-Orchidaceae.jpg?width=640", "commons_url": "https://commons.wikimedia.org/wiki/File:Stelis_pulchella-Orchidaceae.jpg", "map_url": "https://maps.google.com/?q=4.527990,-73.752840", "departamento": "Cundinamarca", "departamento_raw": "CUNDINAMARCA", "region": "Andina", "region_color": "#2563eb"}}, {"type": "Feature", "geometry": {"type": "Point", "coordinates": [-73.75284, 4.52799]}, "properties": {"id": 2061, "autor": "Supertita", "nombre": "Stratified rock layers Chingaza.jpg", "fecha": "2026-06-19 16:58:49", "desc": "Stratified rock layers in Chingaza", "img_url": "https://upload.wikimedia.org/wikipedia/commons/f/f8/Stratified_rock_layers_Chingaza.jpg", "thumb_url": "https://commons.wikimedia.org/wiki/Special:FilePath/Stratified%20rock%20layers%20Chingaza.jpg?width=640", "commons_url": "https://commons.wikimedia.org/wiki/File:Stratified_rock_layers_Chingaza.jpg", "map_url": "https://maps.google.com/?q=4.527990,-73.752840", "departamento": "Cundinamarca", "departamento_raw": "CUNDINAMARCA", "region": "Andina", "region_color": "#2563eb"}}, {"type": "Feature", "geometry": {"type": "Point", "coordinates": [-77.416465, 5.62501]}, "properties": {"id": 2062, "autor": "Diferoch", "nombre": "Stream in Nuquí, Chocó, Colombia - 22 Oct 2025 - Diferoch - 1.jpg", "fecha": "2026-06-24 23:43:07", "desc": "Stream in Nuquí, Chocó, Colombia.", "img_url": "https://upload.wikimedia.org/wikipedia/commons/9/97/Stream_in_Nuqu%C3%AD%2C_Choc%C3%B3%2C_Colombia_-_22_Oct_2025_-_Diferoch_-_1.jpg", "thumb_url": "https://commons.wikimedia.org/wiki/Special:FilePath/Stream%20in%20Nuqu%C3%AD%2C%20Choc%C3%B3%2C%20Colombia%20-%2022%20Oct%202025%20-%20Diferoch%20-%201.jpg?width=640", "commons_url": "https://commons.wikimedia.org/wiki/File:Stream_in_Nuqu%C3%AD,_Choc%C3%B3,_Colombia_-_22_Oct_2025_-_Diferoch_-_1.jpg", "map_url": "https://maps.google.com/?q=5.625010,-77.416465", "departamento": "Choco", "departamento_raw": "CHOCO", "region": "Pacífica", "region_color": "#059669"}}, {"type": "Feature", "geometry": {"type": "Point", "coordinates": [-77.416443, 5.625067]}, "properties": {"id": 2063, "autor": "Diferoch", "nombre": "Stream in Nuquí, Chocó, Colombia - 22 Oct 2025 - Diferoch - 2.jpg", "fecha": "2026-06-24 23:43:10", "desc": "Stream in Nuquí, Chocó, Colombia.", "img_url": "https://upload.wikimedia.org/wikipedia/commons/2/29/Stream_in_Nuqu%C3%AD%2C_Choc%C3%B3%2C_Colombia_-_22_Oct_2025_-_Diferoch_-_2.jpg", "thumb_url": "https://commons.wikimedia.org/wiki/Special:FilePath/Stream%20in%20Nuqu%C3%AD%2C%20Choc%C3%B3%2C%20Colombia%20-%2022%20Oct%202025%20-%20Diferoch%20-%202.jpg?width=640", "commons_url": "https://commons.wikimedia.org/wiki/File:Stream_in_Nuqu%C3%AD,_Choc%C3%B3,_Colombia_-_22_Oct_2025_-_Diferoch_-_2.jpg", "map_url": "https://maps.google.com/?q=5.625067,-77.416443", "departamento": "Choco", "departamento_raw": "CHOCO", "region": "Pacífica", "region_color": "#059669"}}, {"type": "Feature", "geometry": {"type": "Point", "coordinates": [-74.099944, 4.66775]}, "properties": {"id": 2064, "autor": "AmiGueko", "nombre": "Stromanthe thalia.jpg", "fecha": "2026-06-05 09:30:13", "desc": "Familia Marantaceae - Género Stromanthe", "img_url": "https://upload.wikimedia.org/wikipedia/commons/3/36/Stromanthe_thalia.jpg", "thumb_url": "https://commons.wikimedia.org/wiki/Special:FilePath/Stromanthe%20thalia.jpg?width=640", "commons_url": "https://commons.wikimedia.org/wiki/File:Stromanthe_thalia.jpg", "map_url": "https://maps.google.com/?q=4.667750,-74.099944", "departamento": "Bogotá D.C.", "departamento_raw": "SANTAFE DE BOGOTA D.C", "region": "Andina", "region_color": "#2563eb"}}, {"type": "Feature", "geometry": {"type": "Point", "coordinates": [-73.021858, 6.894113]}, "properties": {"id": 2066, "autor": "Diferoch", "nombre": "Sturnella magna - Piedecuesta, Santander, Colombia - 7 Jun 2026 - Diferoch.jpg", "fecha": "2026-05-28 21:57:29", "desc": "Individuo de Sturnella magna visto en Piedecuesta, Santander, Colombia.", "img_url": "https://upload.wikimedia.org/wikipedia/commons/e/e5/Sturnella_magna_-_Piedecuesta%2C_Santander%2C_Colombia_-_7_Jun_2026_-_Diferoch.jpg", "thumb_url": "https://commons.wikimedia.org/wiki/Special:FilePath/Sturnella%20magna%20-%20Piedecuesta%2C%20Santander%2C%20Colombia%20-%207%20Jun%202026%20-%20Diferoch.jpg?width=640", "commons_url": "https://commons.wikimedia.org/wiki/File:Sturnella_magna_-_Piedecuesta,_Santander,_Colombia_-_7_Jun_2026_-_Diferoch.jpg", "map_url": "https://maps.google.com/?q=6.894113,-73.021858", "departamento": "Santander", "departamento_raw": "SANTANDER", "region": "Andina", "region_color": "#2563eb"}}, {"type": "Feature", "geometry": {"type": "Point", "coordinates": [-74.099944, 4.66775]}, "properties": {"id": 2068, "autor": "AmiGueko", "nombre": "Suculentas mayo 2026.jpg", "fecha": "2026-06-05 09:30:17", "desc": "Suculentas en el Jardín Botánico de Bogotá", "img_url": "https://upload.wikimedia.org/wikipedia/commons/a/ac/Suculentas_mayo_2026.jpg", "thumb_url": "https://commons.wikimedia.org/wiki/Special:FilePath/Suculentas%20mayo%202026.jpg?width=640", "commons_url": "https://commons.wikimedia.org/wiki/File:Suculentas_mayo_2026.jpg", "map_url": "https://maps.google.com/?q=4.667750,-74.099944", "departamento": "Bogotá D.C.", "departamento_raw": "SANTAFE DE BOGOTA D.C", "region": "Andina", "region_color": "#2563eb"}}, {"type": "Feature", "geometry": {"type": "Point", "coordinates": [-74.897025, 5.571872]}, "properties": {"id": 2071, "autor": "JJCL09", "nombre": "Sun of Caldas.jpg", "fecha": "2026-05-05 21:09:19", "desc": "Over the horizon the light goes", "img_url": "https://upload.wikimedia.org/wikipedia/commons/6/65/Sun_of_Caldas.jpg", "thumb_url": "https://commons.wikimedia.org/wiki/Special:FilePath/Sun%20of%20Caldas.jpg?width=640", "commons_url": "https://commons.wikimedia.org/wiki/File:Sun_of_Caldas.jpg", "map_url": "https://maps.google.com/?q=5.571872,-74.897025", "departamento": "Caldas", "departamento_raw": "CALDAS", "region": "Andina", "region_color": "#2563eb"}}, {"type": "Feature", "geometry": {"type": "Point", "coordinates": [-73.807969, 5.250208]}, "properties": {"id": 2078, "autor": "JuanPabloAndres1", "nombre": "Sutatausa Landscape 1.jpg", "fecha": "2026-06-22 23:38:04", "desc": "Crops, mountains, Cundinamarca’s Geography", "img_url": "https://upload.wikimedia.org/wikipedia/commons/5/5c/Sutatausa_Landscape_1.jpg", "thumb_url": "https://commons.wikimedia.org/wiki/Special:FilePath/Sutatausa%20Landscape%201.jpg?width=640", "commons_url": "https://commons.wikimedia.org/wiki/File:Sutatausa_Landscape_1.jpg", "map_url": "https://maps.google.com/?q=5.250208,-73.807969", "departamento": "Cundinamarca", "departamento_raw": "CUNDINAMARCA", "region": "Andina", "region_color": "#2563eb"}}, {"type": "Feature", "geometry": {"type": "Point", "coordinates": [-73.807922, 5.250147]}, "properties": {"id": 2079, "autor": "JuanPabloAndres1", "nombre": "Sutatausa Landscape 2.jpg", "fecha": "2026-06-22 23:38:01", "desc": "Crops, mountains, Cundinamarca’s Geography", "img_url": "https://upload.wikimedia.org/wikipedia/commons/e/ed/Sutatausa_Landscape_2.jpg", "thumb_url": "https://commons.wikimedia.org/wiki/Special:FilePath/Sutatausa%20Landscape%202.jpg?width=640", "commons_url": "https://commons.wikimedia.org/wiki/File:Sutatausa_Landscape_2.jpg", "map_url": "https://maps.google.com/?q=5.250147,-73.807922", "departamento": "Cundinamarca", "departamento_raw": "CUNDINAMARCA", "region": "Andina", "region_color": "#2563eb"}}, {"type": "Feature", "geometry": {"type": "Point", "coordinates": [-73.807922, 5.250194]}, "properties": {"id": 2080, "autor": "JuanPabloAndres1", "nombre": "Sutatausa Landscape 3.jpg", "fecha": "2026-06-22 23:38:04", "desc": "Crops, mountains, Cundinamarca’s Geography", "img_url": "https://upload.wikimedia.org/wikipedia/commons/1/1b/Sutatausa_Landscape_3.jpg", "thumb_url": "https://commons.wikimedia.org/wiki/Special:FilePath/Sutatausa%20Landscape%203.jpg?width=640", "commons_url": "https://commons.wikimedia.org/wiki/File:Sutatausa_Landscape_3.jpg", "map_url": "https://maps.google.com/?q=5.250194,-73.807922", "departamento": "Cundinamarca", "departamento_raw": "CUNDINAMARCA", "region": "Andina", "region_color": "#2563eb"}}, {"type": "Feature", "geometry": {"type": "Point", "coordinates": [-75.36, 5.02]}, "properties": {"id": 2081, "autor": "Charlesjsharp", "nombre": "Sword-billed hummingbird (Ensifera ensifera) Caldas 2.jpg", "fecha": "2026-05-29 15:24:40", "desc": "Sword-billed hummingbird ( Ensifera ensifera ), Hacienda el Bosque civil society natural reserve, Caldas, Colombia", "img_url": "https://upload.wikimedia.org/wikipedia/commons/7/74/Sword-billed_hummingbird_%28Ensifera_ensifera%29_Caldas_2.jpg", "thumb_url": "https://commons.wikimedia.org/wiki/Special:FilePath/Sword-billed%20hummingbird%20%28Ensifera%20ensifera%29%20Caldas%202.jpg?width=640", "commons_url": "https://commons.wikimedia.org/wiki/File:Sword-billed_hummingbird_(Ensifera_ensifera)_Caldas_2.jpg", "map_url": "https://maps.google.com/?q=5.020000,-75.360000", "departamento": "Caldas", "departamento_raw": "CALDAS", "region": "Andina", "region_color": "#2563eb"}}, {"type": "Feature", "geometry": {"type": "Point", "coordinates": [-74.209297, 5.002078]}, "properties": {"id": 2082, "autor": "Nbareschu", "nombre": "Symplocos.jpg", "fecha": "2026-05-07 10:06:44", "desc": "Flor del té de Bogotá", "img_url": "https://upload.wikimedia.org/wikipedia/commons/f/f3/Symplocos.jpg", "thumb_url": "https://commons.wikimedia.org/wiki/Special:FilePath/Symplocos.jpg?width=640", "commons_url": "https://commons.wikimedia.org/wiki/File:Symplocos.jpg", "map_url": "https://maps.google.com/?q=5.002078,-74.209297", "departamento": "Cundinamarca", "departamento_raw": "CUNDINAMARCA", "region": "Andina", "region_color": "#2563eb"}}, {"type": "Feature", "geometry": {"type": "Point", "coordinates": [-73.021317, 6.895995]}, "properties": {"id": 2083, "autor": "Diferoch", "nombre": "Syrigma sibilatrix fostersmithi - Piedecuesta, Santander, Colombia - 7 Jun 2026 - Diferoch.jpg", "fecha": "2026-05-28 21:52:12", "desc": "Individual of Syrigma sibilatrix fostersmithi observed in Piedecuesta, Santander, Colombia.", "img_url": "https://upload.wikimedia.org/wikipedia/commons/c/c5/Syrigma_sibilatrix_fostersmithi_-_Piedecuesta%2C_Santander%2C_Colombia_-_7_Jun_2026_-_Diferoch.jpg", "thumb_url": "https://commons.wikimedia.org/wiki/Special:FilePath/Syrigma%20sibilatrix%20fostersmithi%20-%20Piedecuesta%2C%20Santander%2C%20Colombia%20-%207%20Jun%202026%20-%20Diferoch.jpg?width=640", "commons_url": "https://commons.wikimedia.org/wiki/File:Syrigma_sibilatrix_fostersmithi_-_Piedecuesta,_Santander,_Colombia_-_7_Jun_2026_-_Diferoch.jpg", "map_url": "https://maps.google.com/?q=6.895995,-73.021317", "departamento": "Santander", "departamento_raw": "SANTANDER", "region": "Andina", "region_color": "#2563eb"}}, {"type": "Feature", "geometry": {"type": "Point", "coordinates": [-74.063103, 4.599792]}, "properties": {"id": 2084, "autor": "Diferoch", "nombre": "Syrphini - Bogotá D. C., Colombia - 23 Aug 2025 - Diferoch.jpg", "fecha": "2026-06-16 19:34:26", "desc": "Adult of unidentified Syrphini observed in the campus of Universidad de los Andes in Bogotá D. C., Colombia.", "img_url": "https://upload.wikimedia.org/wikipedia/commons/4/45/Syrphini_-_Bogot%C3%A1_D._C.%2C_Colombia_-_23_Aug_2025_-_Diferoch.jpg", "thumb_url": "https://commons.wikimedia.org/wiki/Special:FilePath/Syrphini%20-%20Bogot%C3%A1%20D.%20C.%2C%20Colombia%20-%2023%20Aug%202025%20-%20Diferoch.jpg?width=640", "commons_url": "https://commons.wikimedia.org/wiki/File:Syrphini_-_Bogot%C3%A1_D._C.,_Colombia_-_23_Aug_2025_-_Diferoch.jpg", "map_url": "https://maps.google.com/?q=4.599792,-74.063103", "departamento": "Bogotá D.C.", "departamento_raw": "SANTAFE DE BOGOTA D.C", "region": "Andina", "region_color": "#2563eb"}}, {"type": "Feature", "geometry": {"type": "Point", "coordinates": [-74.061722, 4.693694]}, "properties": {"id": 2085, "autor": "Romauribe", "nombre": "Súper cola de burro.jpg", "fecha": "2026-06-06 12:43:55", "desc": "A hybrid between Sedum and Echeveria succulent, from the Crassulaceae family", "img_url": "https://upload.wikimedia.org/wikipedia/commons/d/d7/S%C3%BAper_cola_de_burro.jpg", "thumb_url": "https://commons.wikimedia.org/wiki/Special:FilePath/S%C3%BAper%20cola%20de%20burro.jpg?width=640", "commons_url": "https://commons.wikimedia.org/wiki/File:S%C3%BAper_cola_de_burro.jpg", "map_url": "https://maps.google.com/?q=4.693694,-74.061722", "departamento": "Bogotá D.C.", "departamento_raw": "SANTAFE DE BOGOTA D.C", "region": "Andina", "region_color": "#2563eb"}}, {"type": "Feature", "geometry": {"type": "Point", "coordinates": [-73.024155, 6.891827]}, "properties": {"id": 2086, "autor": "Diferoch", "nombre": "Tachybaptus dominicus brachyrhynchus - Piedecuesta, Santander, Colombia - 7 Jun 2026 - Diferoch.jpg", "fecha": "2026-05-28 21:52:15", "desc": "Individual of Tachybaptus dominicus brachyrhynchus observed in Piedecuesta, Santander, Colombia.", "img_url": "https://upload.wikimedia.org/wikipedia/commons/a/ac/Tachybaptus_dominicus_brachyrhynchus_-_Piedecuesta%2C_Santander%2C_Colombia_-_7_Jun_2026_-_Diferoch.jpg", "thumb_url": "https://commons.wikimedia.org/wiki/Special:FilePath/Tachybaptus%20dominicus%20brachyrhynchus%20-%20Piedecuesta%2C%20Santander%2C%20Colombia%20-%207%20Jun%202026%20-%20Diferoch.jpg?width=640", "commons_url": "https://commons.wikimedia.org/wiki/File:Tachybaptus_dominicus_brachyrhynchus_-_Piedecuesta,_Santander,_Colombia_-_7_Jun_2026_-_Diferoch.jpg", "map_url": "https://maps.google.com/?q=6.891827,-73.024155", "departamento": "Santander", "departamento_raw": "SANTANDER", "region": "Andina", "region_color": "#2563eb"}}, {"type": "Feature", "geometry": {"type": "Point", "coordinates": [-74.335404, 4.360644]}, "properties": {"id": 2088, "autor": "Natlycu", "nombre": "Tanga carafuego (Tangara parzudakii) en Paque Verde Y Agua, Fusagasugá, (Cundinamarca).jpg", "fecha": "2026-06-30 00:09:18", "desc": "Tangara parzudakii in Fusagasugá, (Cundinamarca)", "img_url": "https://upload.wikimedia.org/wikipedia/commons/a/a8/Tanga_carafuego_%28Tangara_parzudakii%29_en_Paque_Verde_Y_Agua%2C_Fusagasug%C3%A1%2C_%28Cundinamarca%29.jpg", "thumb_url": "https://commons.wikimedia.org/wiki/Special:FilePath/Tanga%20carafuego%20%28Tangara%20parzudakii%29%20en%20Paque%20Verde%20Y%20Agua%2C%20Fusagasug%C3%A1%2C%20%28Cundinamarca%29.jpg?width=640", "commons_url": "https://commons.wikimedia.org/wiki/File:Tanga_carafuego_(Tangara_parzudakii)_en_Paque_Verde_Y_Agua,_Fusagasug%C3%A1,_(Cundinamarca).jpg", "map_url": "https://maps.google.com/?q=4.360644,-74.335404", "departamento": "Cundinamarca", "departamento_raw": "CUNDINAMARCA", "region": "Andina", "region_color": "#2563eb"}}, {"type": "Feature", "geometry": {"type": "Point", "coordinates": [-76.5569, 3.5611]}, "properties": {"id": 2090, "autor": "NicolleTorresG", "nombre": "Tangara Aliazul - Anisognathus somptuosus.jpg", "fecha": "2026-06-26 22:32:14", "desc": "La tangara aliazul o primavera resalta por la armonía de sus tonalidades, representando la diversidad de aves presentes en los bosques montanos del occidente colombiano.", "img_url": "https://upload.wikimedia.org/wikipedia/commons/9/93/Tangara_Aliazul_-_Anisognathus_somptuosus.jpg", "thumb_url": "https://commons.wikimedia.org/wiki/Special:FilePath/Tangara%20Aliazul%20-%20Anisognathus%20somptuosus.jpg?width=640", "commons_url": "https://commons.wikimedia.org/wiki/File:Tangara_Aliazul_-_Anisognathus_somptuosus.jpg", "map_url": "https://maps.google.com/?q=3.561100,-76.556900", "departamento": "Valle del Cauca", "departamento_raw": "VALLE DEL CAUCA", "region": "Pacífica", "region_color": "#059669"}}, {"type": "Feature", "geometry": {"type": "Point", "coordinates": [-76.5569, 3.5611]}, "properties": {"id": 2091, "autor": "NicolleTorresG", "nombre": "Tangara Coronigualda - Tangara xanthocephala.jpg", "fecha": "2026-06-26 22:32:11", "desc": "La tangara coronigualda aporta un vibrante contraste de colores al dosel del bosque montano. Habita en la zona subtropical andina desde Venezuela a Bolivia en bosques nubosos y bordes.", "img_url": "https://upload.wikimedia.org/wikipedia/commons/2/2a/Tangara_Coronigualda_-_Tangara_xanthocephala.jpg", "thumb_url": "https://commons.wikimedia.org/wiki/Special:FilePath/Tangara%20Coronigualda%20-%20Tangara%20xanthocephala.jpg?width=640", "commons_url": "https://commons.wikimedia.org/wiki/File:Tangara_Coronigualda_-_Tangara_xanthocephala.jpg", "map_url": "https://maps.google.com/?q=3.561100,-76.556900", "departamento": "Valle del Cauca", "departamento_raw": "VALLE DEL CAUCA", "region": "Pacífica", "region_color": "#059669"}}, {"type": "Feature", "geometry": {"type": "Point", "coordinates": [-76.5569, 3.5611]}, "properties": {"id": 2092, "autor": "NicolleTorresG", "nombre": "Tangara Multicolor - Chlorochrysa nitidissima.jpg", "fecha": "2026-06-26 22:32:12", "desc": "La tangara multicolor, especie endémica de Colombia, es uno de los mayores símbolos de la avifauna del Valle del Cauca. Su extraordinaria combinación de colores la convierte en una de las aves más emblemáticas de los Andes colombianos.", "img_url": "https://upload.wikimedia.org/wikipedia/commons/f/f2/Tangara_Multicolor_-_Chlorochrysa_nitidissima.jpg", "thumb_url": "https://commons.wikimedia.org/wiki/Special:FilePath/Tangara%20Multicolor%20-%20Chlorochrysa%20nitidissima.jpg?width=640", "commons_url": "https://commons.wikimedia.org/wiki/File:Tangara_Multicolor_-_Chlorochrysa_nitidissima.jpg", "map_url": "https://maps.google.com/?q=3.561100,-76.556900", "departamento": "Valle del Cauca", "departamento_raw": "VALLE DEL CAUCA", "region": "Pacífica", "region_color": "#059669"}}, {"type": "Feature", "geometry": {"type": "Point", "coordinates": [-76.5569, 3.5611]}, "properties": {"id": 2093, "autor": "NicolleTorresG", "nombre": "Tangara Nuquidorada - Chalcothraupis ruficervix.jpg", "fecha": "2026-06-26 22:32:14", "desc": "La tangara nuquidorada exhibe el intenso contraste entre su plumaje oscuro y la brillante coloración dorada de la nuca. Habita a lo largo de la cordillera de los Andes desde Colombia hasta Perú y Bolivia.", "img_url": "https://upload.wikimedia.org/wikipedia/commons/7/7e/Tangara_Nuquidorada_-_Chalcothraupis_ruficervix.jpg", "thumb_url": "https://commons.wikimedia.org/wiki/Special:FilePath/Tangara%20Nuquidorada%20-%20Chalcothraupis%20ruficervix.jpg?width=640", "commons_url": "https://commons.wikimedia.org/wiki/File:Tangara_Nuquidorada_-_Chalcothraupis_ruficervix.jpg", "map_url": "https://maps.google.com/?q=3.561100,-76.556900", "departamento": "Valle del Cauca", "departamento_raw": "VALLE DEL CAUCA", "region": "Pacífica", "region_color": "#059669"}}, {"type": "Feature", "geometry": {"type": "Point", "coordinates": [-74.1721, 4.5816]}, "properties": {"id": 2095, "autor": "Supertita", "nombre": "Tangara azuleja.jpg", "fecha": "2026-06-19 18:07:14", "desc": "La tangara azuleja​ también denominada tángara azulada, es una especie de ave paseriforme de la familia Thraupidae, perteneciente al género Thraupis", "img_url": "https://upload.wikimedia.org/wikipedia/commons/c/cc/Tangara_azuleja.jpg", "thumb_url": "https://commons.wikimedia.org/wiki/Special:FilePath/Tangara%20azuleja.jpg?width=640", "commons_url": "https://commons.wikimedia.org/wiki/File:Tangara_azuleja.jpg", "map_url": "https://maps.google.com/?q=4.581600,-7.417210", "departamento": "Bogotá D.C.", "departamento_raw": "SANTAFE DE BOGOTA D.C", "region": "Andina", "region_color": "#2563eb"}}, {"type": "Feature", "geometry": {"type": "Point", "coordinates": [-74.1721, 4.5816]}, "properties": {"id": 2096, "autor": "Supertita", "nombre": "Tangara dorsirroja hembra (Ramphocelus dimidiatus).jpg", "fecha": "2026-06-19 18:07:10", "desc": "tangara dorsirroja hembra (Ramphocelus dimidiatus). Se caracteriza por tener un pico totalmente negro", "img_url": "https://upload.wikimedia.org/wikipedia/commons/d/d7/Tangara_dorsirroja_hembra_%28Ramphocelus_dimidiatus%29.jpg", "thumb_url": "https://commons.wikimedia.org/wiki/Special:FilePath/Tangara%20dorsirroja%20hembra%20%28Ramphocelus%20dimidiatus%29.jpg?width=640", "commons_url": "https://commons.wikimedia.org/wiki/File:Tangara_dorsirroja_hembra_(Ramphocelus_dimidiatus).jpg", "map_url": "https://maps.google.com/?q=4.581600,-7.417210", "departamento": "Bogotá D.C.", "departamento_raw": "SANTAFE DE BOGOTA D.C", "region": "Andina", "region_color": "#2563eb"}}, {"type": "Feature", "geometry": {"type": "Point", "coordinates": [-73.6923, 10.8292]}, "properties": {"id": 2099, "autor": "XimmoY", "nombre": "Tarantula en la SNSM.jpg", "fecha": "2026-06-30 21:53:21", "desc": "A specimen of the Theraphosidae family in the Sierra Nevada de Santa Marta (1,000 masl). Notable features include distinct light longitudinal bands on the legs and a dark, velvety body, revealing a morphological adaptation to a forest environment.", "img_url": "https://upload.wikimedia.org/wikipedia/commons/3/32/Tarantula_en_la_SNSM.jpg", "thumb_url": "https://commons.wikimedia.org/wiki/Special:FilePath/Tarantula%20en%20la%20SNSM.jpg?width=640", "commons_url": "https://commons.wikimedia.org/wiki/File:Tarantula_en_la_SNSM.jpg", "map_url": "https://maps.google.com/?q=10.829200,-73.692300", "departamento": "Magdalena", "departamento_raw": "MAGDALENA", "region": "Caribe", "region_color": "#0891b2"}}, {"type": "Feature", "geometry": {"type": "Point", "coordinates": [-74.005714, 4.559625]}, "properties": {"id": 2109, "autor": "Kithpro", "nombre": "Thaumetopoea pityocampa 26-05-17.jpg", "fecha": "2026-05-17 17:43:34", "desc": "Foto de una oruga tomada en la reserva de Colombia mesa redonda", "img_url": "https://upload.wikimedia.org/wikipedia/commons/f/fe/Thaumetopoea_pityocampa_26-05-17.jpg", "thumb_url": "https://commons.wikimedia.org/wiki/Special:FilePath/Thaumetopoea%20pityocampa%2026-05-17.jpg?width=640", "commons_url": "https://commons.wikimedia.org/wiki/File:Thaumetopoea_pityocampa_26-05-17.jpg", "map_url": "https://maps.google.com/?q=4.559625,-74.005714", "departamento": "Cundinamarca", "departamento_raw": "CUNDINAMARCA", "region": "Andina", "region_color": "#2563eb"}}, {"type": "Feature", "geometry": {"type": "Point", "coordinates": [-73.756035, 7.09441]}, "properties": {"id": 2114, "autor": "Diferoch", "nombre": "Tigrisoma lineatum lineatum - Barrancabermeja, Santander, Colombia - 14 Jun 2026 - Diferoch - 1.jpg", "fecha": "2026-05-31 18:17:41", "desc": "Individual of Tigrisoma lineatum lineatum observed in Barrancabermeja, Santander, Colombia.", "img_url": "https://upload.wikimedia.org/wikipedia/commons/b/be/Tigrisoma_lineatum_lineatum_-_Barrancabermeja%2C_Santander%2C_Colombia_-_14_Jun_2026_-_Diferoch_-_1.jpg", "thumb_url": "https://commons.wikimedia.org/wiki/Special:FilePath/Tigrisoma%20lineatum%20lineatum%20-%20Barrancabermeja%2C%20Santander%2C%20Colombia%20-%2014%20Jun%202026%20-%20Diferoch%20-%201.jpg?width=640", "commons_url": "https://commons.wikimedia.org/wiki/File:Tigrisoma_lineatum_lineatum_-_Barrancabermeja,_Santander,_Colombia_-_14_Jun_2026_-_Diferoch_-_1.jpg", "map_url": "https://maps.google.com/?q=7.094410,-73.756035", "departamento": "Santander", "departamento_raw": "SANTANDER", "region": "Andina", "region_color": "#2563eb"}}, {"type": "Feature", "geometry": {"type": "Point", "coordinates": [-73.756058, 7.094498]}, "properties": {"id": 2115, "autor": "Diferoch", "nombre": "Tigrisoma lineatum lineatum - Barrancabermeja, Santander, Colombia - 14 Jun 2026 - Diferoch - 2.jpg", "fecha": "2026-05-31 18:17:41", "desc": "Individual of Tigrisoma lineatum lineatum observed feeding in Barrancabermeja, Santander, Colombia.", "img_url": "https://upload.wikimedia.org/wikipedia/commons/9/9b/Tigrisoma_lineatum_lineatum_-_Barrancabermeja%2C_Santander%2C_Colombia_-_14_Jun_2026_-_Diferoch_-_2.jpg", "thumb_url": "https://commons.wikimedia.org/wiki/Special:FilePath/Tigrisoma%20lineatum%20lineatum%20-%20Barrancabermeja%2C%20Santander%2C%20Colombia%20-%2014%20Jun%202026%20-%20Diferoch%20-%202.jpg?width=640", "commons_url": "https://commons.wikimedia.org/wiki/File:Tigrisoma_lineatum_lineatum_-_Barrancabermeja,_Santander,_Colombia_-_14_Jun_2026_-_Diferoch_-_2.jpg", "map_url": "https://maps.google.com/?q=7.094498,-73.756058", "departamento": "Santander", "departamento_raw": "SANTANDER", "region": "Andina", "region_color": "#2563eb"}}, {"type": "Feature", "geometry": {"type": "Point", "coordinates": [-74.08291, 4.87337]}, "properties": {"id": 2123, "autor": "Rodrigomacrophoto", "nombre": "Tityus colombianus.jpg", "fecha": "2026-06-23 14:41:07", "desc": "Individuo de Tityus colombianus de unos 2 cm de longitud, fotografiado en zona montañosa de Chía, Cundinamarca.", "img_url": "https://upload.wikimedia.org/wikipedia/commons/7/71/Tityus_colombianus.jpg", "thumb_url": "https://commons.wikimedia.org/wiki/Special:FilePath/Tityus%20colombianus.jpg?width=640", "commons_url": "https://commons.wikimedia.org/wiki/File:Tityus_colombianus.jpg", "map_url": "https://maps.google.com/?q=4.873370,-74.082910", "departamento": "Cundinamarca", "departamento_raw": "CUNDINAMARCA", "region": "Andina", "region_color": "#2563eb"}}, {"type": "Feature", "geometry": {"type": "Point", "coordinates": [-76.5569, 3.5611]}, "properties": {"id": 2127, "autor": "NicolleTorresG", "nombre": "Torita Cabecirrojo Hembra - Eubucco bourcierii.jpg", "fecha": "2026-06-26 22:32:17", "desc": "La hembra del torito cabecirrojo presenta un plumaje verde discreto que le proporciona un excelente camuflaje entre la vegetación.", "img_url": "https://upload.wikimedia.org/wikipedia/commons/d/d8/Torita_Cabecirrojo_Hembra_-_Eubucco_bourcierii.jpg", "thumb_url": "https://commons.wikimedia.org/wiki/Special:FilePath/Torita%20Cabecirrojo%20Hembra%20-%20Eubucco%20bourcierii.jpg?width=640", "commons_url": "https://commons.wikimedia.org/wiki/File:Torita_Cabecirrojo_Hembra_-_Eubucco_bourcierii.jpg", "map_url": "https://maps.google.com/?q=3.561100,-76.556900", "departamento": "Valle del Cauca", "departamento_raw": "VALLE DEL CAUCA", "region": "Pacífica", "region_color": "#059669"}}, {"type": "Feature", "geometry": {"type": "Point", "coordinates": [-76.5569, 3.5611]}, "properties": {"id": 2128, "autor": "NicolleTorresG", "nombre": "Torito Cabecirrojo Macho - Eubucco bourcierii.jpg", "fecha": "2026-06-26 22:32:15", "desc": "El macho del torito cabecirrojo luce su distintiva cabeza roja mientras observa el bosque desde una rama expuesta. Habita en bosques húmedos desde Costa Rica hasta Colombia, Ecuador, Perú y Venezuela.", "img_url": "https://upload.wikimedia.org/wikipedia/commons/d/d0/Torito_Cabecirrojo_Macho_-_Eubucco_bourcierii.jpg", "thumb_url": "https://commons.wikimedia.org/wiki/Special:FilePath/Torito%20Cabecirrojo%20Macho%20-%20Eubucco%20bourcierii.jpg?width=640", "commons_url": "https://commons.wikimedia.org/wiki/File:Torito_Cabecirrojo_Macho_-_Eubucco_bourcierii.jpg", "map_url": "https://maps.google.com/?q=3.561100,-76.556900", "departamento": "Valle del Cauca", "departamento_raw": "VALLE DEL CAUCA", "region": "Pacífica", "region_color": "#059669"}}, {"type": "Feature", "geometry": {"type": "Point", "coordinates": [-73.537774, 5.676027]}, "properties": {"id": 2129, "autor": "AntonioEliseo", "nombre": "Tormenta Eléctrica Gachantivá, Boyacá.jpg", "fecha": "2026-06-30 20:21:26", "desc": "Tormenta eléctrica en Gachantivá vista desde Villa de Leyva, Boyacá", "img_url": "https://upload.wikimedia.org/wikipedia/commons/6/62/Tormenta_El%C3%A9ctrica_Gachantiv%C3%A1%2C_Boyac%C3%A1.jpg", "thumb_url": "https://commons.wikimedia.org/wiki/Special:FilePath/Tormenta%20El%C3%A9ctrica%20Gachantiv%C3%A1%2C%20Boyac%C3%A1.jpg?width=640", "commons_url": "https://commons.wikimedia.org/wiki/File:Tormenta_El%C3%A9ctrica_Gachantiv%C3%A1,_Boyac%C3%A1.jpg", "map_url": "https://maps.google.com/?q=5.676027,-73.537774", "departamento": "Boyaca", "departamento_raw": "BOYACA", "region": "Andina", "region_color": "#2563eb"}}, {"type": "Feature", "geometry": {"type": "Point", "coordinates": [-75.492469, 10.486867]}, "properties": {"id": 2130, "autor": "Antoniacorralosorio", "nombre": "Tormenta caribeña.jpg", "fecha": "2026-05-25 11:02:02", "desc": "Tomada en la Boquilla, Cartagena", "img_url": "https://upload.wikimedia.org/wikipedia/commons/f/f3/Tormenta_caribe%C3%B1a.jpg", "thumb_url": "https://commons.wikimedia.org/wiki/Special:FilePath/Tormenta%20caribe%C3%B1a.jpg?width=640", "commons_url": "https://commons.wikimedia.org/wiki/File:Tormenta_caribe%C3%B1a.jpg", "map_url": "https://maps.google.com/?q=10.486867,-75.492469", "departamento": "Bolivar", "departamento_raw": "BOLIVAR", "region": "Caribe", "region_color": "#0891b2"}}, {"type": "Feature", "geometry": {"type": "Point", "coordinates": [-75.4529, 5.0874]}, "properties": {"id": 2133, "autor": "NicolleTorresG", "nombre": "Tororoí Coronicastaña - Grallaria ruficapilla.jpg", "fecha": "2026-06-26 22:32:17", "desc": "El tororoí coronicastaña recorre silenciosamente el suelo del bosque, donde busca pequeños invertebrados entre la hojarasca. Habita el norte y noroeste de América del Sur.", "img_url": "https://upload.wikimedia.org/wikipedia/commons/b/b1/Tororo%C3%AD_Coronicasta%C3%B1a_-_Grallaria_ruficapilla.jpg", "thumb_url": "https://commons.wikimedia.org/wiki/Special:FilePath/Tororo%C3%AD%20Coronicasta%C3%B1a%20-%20Grallaria%20ruficapilla.jpg?width=640", "commons_url": "https://commons.wikimedia.org/wiki/File:Tororo%C3%AD_Coronicasta%C3%B1a_-_Grallaria_ruficapilla.jpg", "map_url": "https://maps.google.com/?q=5.087400,-75.452900", "departamento": "Caldas", "departamento_raw": "CALDAS", "region": "Andina", "region_color": "#2563eb"}}, {"type": "Feature", "geometry": {"type": "Point", "coordinates": [-74.3276, 5.0294]}, "properties": {"id": 2135, "autor": "Supertita", "nombre": "Tortugas en la Laguna El Tabacal La Vega.jpg", "fecha": "2026-06-19 18:19:25", "desc": "Tortugas en la Laguna El Tabacal La Vega-reserva natural y área de conservación", "img_url": "https://upload.wikimedia.org/wikipedia/commons/a/a8/Tortugas_en_la_Laguna_El_Tabacal_La_Vega.jpg", "thumb_url": "https://commons.wikimedia.org/wiki/Special:FilePath/Tortugas%20en%20la%20Laguna%20El%20Tabacal%20La%20Vega.jpg?width=640", "commons_url": "https://commons.wikimedia.org/wiki/File:Tortugas_en_la_Laguna_El_Tabacal_La_Vega.jpg", "map_url": "https://maps.google.com/?q=5.029400,-74.327600", "departamento": "Cundinamarca", "departamento_raw": "CUNDINAMARCA", "region": "Andina", "region_color": "#2563eb"}}, {"type": "Feature", "geometry": {"type": "Point", "coordinates": [-73.75284, 4.52799]}, "properties": {"id": 2141, "autor": "Supertita", "nombre": "Trees shown are covered in lichens, which are common epiphytes-Red bromeliads.jpg", "fecha": "2026-06-19 16:58:49", "desc": "Trees covered in lichens, which are common epiphytes-Red bromeliads", "img_url": "https://upload.wikimedia.org/wikipedia/commons/3/32/Trees_shown_are_covered_in_lichens%2C_which_are_common_epiphytes-Red_bromeliads.jpg", "thumb_url": "https://commons.wikimedia.org/wiki/Special:FilePath/Trees%20shown%20are%20covered%20in%20lichens%2C%20which%20are%20common%20epiphytes-Red%20bromeliads.jpg?width=640", "commons_url": "https://commons.wikimedia.org/wiki/File:Trees_shown_are_covered_in_lichens,_which_are_common_epiphytes-Red_bromeliads.jpg", "map_url": "https://maps.google.com/?q=4.527990,-73.752840", "departamento": "Cundinamarca", "departamento_raw": "CUNDINAMARCA", "region": "Andina", "region_color": "#2563eb"}}, {"type": "Feature", "geometry": {"type": "Point", "coordinates": [-73.75284, 4.52799]}, "properties": {"id": 2142, "autor": "Supertita", "nombre": "Trees thickly covered in mosses and lichens-Bosque musgo y liquenes.jpg", "fecha": "2026-06-19 16:58:53", "desc": "Trees thickly covered in mosses and lichens-", "img_url": "https://upload.wikimedia.org/wikipedia/commons/4/4c/Trees_thickly_covered_in_mosses_and_lichens-Bosque_musgo_y_liquenes.jpg", "thumb_url": "https://commons.wikimedia.org/wiki/Special:FilePath/Trees%20thickly%20covered%20in%20mosses%20and%20lichens-Bosque%20musgo%20y%20liquenes.jpg?width=640", "commons_url": "https://commons.wikimedia.org/wiki/File:Trees_thickly_covered_in_mosses_and_lichens-Bosque_musgo_y_liquenes.jpg", "map_url": "https://maps.google.com/?q=4.527990,-73.752840", "departamento": "Cundinamarca", "departamento_raw": "CUNDINAMARCA", "region": "Andina", "region_color": "#2563eb"}}, {"type": "Feature", "geometry": {"type": "Point", "coordinates": [-76.5569, 3.5611]}, "properties": {"id": 2144, "autor": "NicolleTorresG", "nombre": "Trepatroncos Montañero - Lepidocolaptes lacrymiger.jpg", "fecha": "2026-06-26 22:32:17", "desc": "El trepatroncos montañero asciende por los troncos utilizando su fuerte pico para buscar insectos ocultos bajo la corteza.", "img_url": "https://upload.wikimedia.org/wikipedia/commons/d/d7/Trepatroncos_Monta%C3%B1ero_-_Lepidocolaptes_lacrymiger.jpg", "thumb_url": "https://commons.wikimedia.org/wiki/Special:FilePath/Trepatroncos%20Monta%C3%B1ero%20-%20Lepidocolaptes%20lacrymiger.jpg?width=640", "commons_url": "https://commons.wikimedia.org/wiki/File:Trepatroncos_Monta%C3%B1ero_-_Lepidocolaptes_lacrymiger.jpg", "map_url": "https://maps.google.com/?q=3.561100,-76.556900", "departamento": "Valle del Cauca", "departamento_raw": "VALLE DEL CAUCA", "region": "Pacífica", "region_color": "#059669"}}, {"type": "Feature", "geometry": {"type": "Point", "coordinates": [-74.345214, 4.854792]}, "properties": {"id": 2145, "autor": "Nbareschu", "nombre": "Trichiales.jpg", "fecha": "2026-05-07 10:06:17", "desc": "Mixomycete sobre herida de Salvio blanco", "img_url": "https://upload.wikimedia.org/wikipedia/commons/1/18/Trichiales.jpg", "thumb_url": "https://commons.wikimedia.org/wiki/Special:FilePath/Trichiales.jpg?width=640", "commons_url": "https://commons.wikimedia.org/wiki/File:Trichiales.jpg", "map_url": "https://maps.google.com/?q=4.854792,-74.345214", "departamento": "Cundinamarca", "departamento_raw": "CUNDINAMARCA", "region": "Andina", "region_color": "#2563eb"}}, {"type": "Feature", "geometry": {"type": "Point", "coordinates": [-77.429558, 5.619017]}, "properties": {"id": 2146, "autor": "Diferoch", "nombre": "Tringa semipalmata inornata - Nuquí, Chocó, Colombia - 23 Oct 2025 - Diferoch.jpg", "fecha": "2026-06-25 17:49:01", "desc": "Individual of Tringa semipalmata inornata observed in the coastal zone (Pacific Ocean) of Nuquí, Chocó, Colombia.", "img_url": "https://upload.wikimedia.org/wikipedia/commons/3/30/Tringa_semipalmata_inornata_-_Nuqu%C3%AD%2C_Choc%C3%B3%2C_Colombia_-_23_Oct_2025_-_Diferoch.jpg", "thumb_url": "https://commons.wikimedia.org/wiki/Special:FilePath/Tringa%20semipalmata%20inornata%20-%20Nuqu%C3%AD%2C%20Choc%C3%B3%2C%20Colombia%20-%2023%20Oct%202025%20-%20Diferoch.jpg?width=640", "commons_url": "https://commons.wikimedia.org/wiki/File:Tringa_semipalmata_inornata_-_Nuqu%C3%AD,_Choc%C3%B3,_Colombia_-_23_Oct_2025_-_Diferoch.jpg", "map_url": "https://maps.google.com/?q=5.619017,-77.429558", "departamento": "Choco", "departamento_raw": "CHOCO", "region": "Pacífica", "region_color": "#059669"}}, {"type": "Feature", "geometry": {"type": "Point", "coordinates": [-73.756142, 7.095537]}, "properties": {"id": 2149, "autor": "Diferoch", "nombre": "Trochilidae - Barrancabermeja, Santander, Colombia - 13 Jul 2025 - Diferoch.jpg", "fecha": "2026-06-11 19:29:11", "desc": "Individual of unidentified Trochilidae observed in Barrancabermeja, Santander, Colombia.", "img_url": "https://upload.wikimedia.org/wikipedia/commons/b/bb/Trochilidae_-_Barrancabermeja%2C_Santander%2C_Colombia_-_13_Jul_2025_-_Diferoch.jpg", "thumb_url": "https://commons.wikimedia.org/wiki/Special:FilePath/Trochilidae%20-%20Barrancabermeja%2C%20Santander%2C%20Colombia%20-%2013%20Jul%202025%20-%20Diferoch.jpg?width=640", "commons_url": "https://commons.wikimedia.org/wiki/File:Trochilidae_-_Barrancabermeja,_Santander,_Colombia_-_13_Jul_2025_-_Diferoch.jpg", "map_url": "https://maps.google.com/?q=7.095537,-73.756142", "departamento": "Santander", "departamento_raw": "SANTANDER", "region": "Andina", "region_color": "#2563eb"}}, {"type": "Feature", "geometry": {"type": "Point", "coordinates": [-73.031182, 6.912815]}, "properties": {"id": 2150, "autor": "Diferoch", "nombre": "Trochilini - Piedecuesta, Santander, Colombia - 8 Jun 2026 - Diferoch.jpg", "fecha": "2026-05-29 20:02:00", "desc": "Individual of unidentified Trochilini feeding in Piedecuesta, Santander, Colombia.", "img_url": "https://upload.wikimedia.org/wikipedia/commons/d/d1/Trochilini_-_Piedecuesta%2C_Santander%2C_Colombia_-_8_Jun_2026_-_Diferoch.jpg", "thumb_url": "https://commons.wikimedia.org/wiki/Special:FilePath/Trochilini%20-%20Piedecuesta%2C%20Santander%2C%20Colombia%20-%208%20Jun%202026%20-%20Diferoch.jpg?width=640", "commons_url": "https://commons.wikimedia.org/wiki/File:Trochilini_-_Piedecuesta,_Santander,_Colombia_-_8_Jun_2026_-_Diferoch.jpg", "map_url": "https://maps.google.com/?q=6.912815,-73.031182", "departamento": "Santander", "departamento_raw": "SANTANDER", "region": "Andina", "region_color": "#2563eb"}}, {"type": "Feature", "geometry": {"type": "Point", "coordinates": [-74.87047, 5.86224]}, "properties": {"id": 2151, "autor": "XimmoY", "nombre": "Trogon caligatus.jpg", "fecha": "2026-06-30 22:37:11", "desc": "A male Trogon caligatus at the Los Monos Agroecological Reserve, Río Claro, Antioquia. The chromatic contrast of its plumage stands out. It is perched on a branch in the forest's mid-story.", "img_url": "https://upload.wikimedia.org/wikipedia/commons/9/98/Trogon_caligatus.jpg", "thumb_url": "https://commons.wikimedia.org/wiki/Special:FilePath/Trogon%20caligatus.jpg?width=640", "commons_url": "https://commons.wikimedia.org/wiki/File:Trogon_caligatus.jpg", "map_url": "https://maps.google.com/?q=5.862240,-74.870470", "departamento": "Antioquia", "departamento_raw": "ANTIOQUIA", "region": "Andina", "region_color": "#2563eb"}}, {"type": "Feature", "geometry": {"type": "Point", "coordinates": [-74.063583, 4.599892]}, "properties": {"id": 2162, "autor": "Diferoch", "nombre": "Turdus fuscater gigas - Bogotá D. C., Colombia - 23 Aug 2025 - Diferoch.jpg", "fecha": "2026-06-16 19:34:21", "desc": "Adult male of Turdus fuscater gigas observed in the campus of Universidad de los Andes in Bogotá, D. C., Colombia.", "img_url": "https://upload.wikimedia.org/wikipedia/commons/0/03/Turdus_fuscater_gigas_-_Bogot%C3%A1_D._C.%2C_Colombia_-_23_Aug_2025_-_Diferoch.jpg", "thumb_url": "https://commons.wikimedia.org/wiki/Special:FilePath/Turdus%20fuscater%20gigas%20-%20Bogot%C3%A1%20D.%20C.%2C%20Colombia%20-%2023%20Aug%202025%20-%20Diferoch.jpg?width=640", "commons_url": "https://commons.wikimedia.org/wiki/File:Turdus_fuscater_gigas_-_Bogot%C3%A1_D._C.,_Colombia_-_23_Aug_2025_-_Diferoch.jpg", "map_url": "https://maps.google.com/?q=4.599892,-74.063583", "departamento": "Bogotá D.C.", "departamento_raw": "SANTAFE DE BOGOTA D.C", "region": "Andina", "region_color": "#2563eb"}}, {"type": "Feature", "geometry": {"type": "Point", "coordinates": [-73.756335, 7.095956]}, "properties": {"id": 2163, "autor": "Diferoch", "nombre": "Turdus leucomelas albiventer - Barrancabermeja, Santander, Colombia - 20 Jul 2025 - Diferoch - 1.jpg", "fecha": "2026-06-11 21:56:50", "desc": "Nest with 2 chicks and 1 egg of Turdus lecumelas albiventer observed in Barrancabermeja, Santander, Colombia.", "img_url": "https://upload.wikimedia.org/wikipedia/commons/b/bb/Turdus_leucomelas_albiventer_-_Barrancabermeja%2C_Santander%2C_Colombia_-_20_Jul_2025_-_Diferoch_-_1.jpg", "thumb_url": "https://commons.wikimedia.org/wiki/Special:FilePath/Turdus%20leucomelas%20albiventer%20-%20Barrancabermeja%2C%20Santander%2C%20Colombia%20-%2020%20Jul%202025%20-%20Diferoch%20-%201.jpg?width=640", "commons_url": "https://commons.wikimedia.org/wiki/File:Turdus_leucomelas_albiventer_-_Barrancabermeja,_Santander,_Colombia_-_20_Jul_2025_-_Diferoch_-_1.jpg", "map_url": "https://maps.google.com/?q=7.095956,-73.756335", "departamento": "Santander", "departamento_raw": "SANTANDER", "region": "Andina", "region_color": "#2563eb"}}, {"type": "Feature", "geometry": {"type": "Point", "coordinates": [-73.756334, 7.095957]}, "properties": {"id": 2164, "autor": "Diferoch", "nombre": "Turdus leucomelas albiventer - Barrancabermeja, Santander, Colombia - 20 Jul 2025 - Diferoch - 2.jpg", "fecha": "2026-06-11 21:56:49", "desc": "Adult of Turdus leucomelas albiventer feeding its chicks in Barrancabermeja, Santander, Colombia.", "img_url": "https://upload.wikimedia.org/wikipedia/commons/c/cd/Turdus_leucomelas_albiventer_-_Barrancabermeja%2C_Santander%2C_Colombia_-_20_Jul_2025_-_Diferoch_-_2.jpg", "thumb_url": "https://commons.wikimedia.org/wiki/Special:FilePath/Turdus%20leucomelas%20albiventer%20-%20Barrancabermeja%2C%20Santander%2C%20Colombia%20-%2020%20Jul%202025%20-%20Diferoch%20-%202.jpg?width=640", "commons_url": "https://commons.wikimedia.org/wiki/File:Turdus_leucomelas_albiventer_-_Barrancabermeja,_Santander,_Colombia_-_20_Jul_2025_-_Diferoch_-_2.jpg", "map_url": "https://maps.google.com/?q=7.095957,-73.756334", "departamento": "Santander", "departamento_raw": "SANTANDER", "region": "Andina", "region_color": "#2563eb"}}, {"type": "Feature", "geometry": {"type": "Point", "coordinates": [-73.756221, 7.096]}, "properties": {"id": 2167, "autor": "Diferoch", "nombre": "Tyrannus melancholicus melancholicus - Barrancabermeja, Santander, Colombia - 14 Jun 2026 - Diferoch.jpg", "fecha": "2026-05-31 18:17:43", "desc": "Individual of Tyrannus melancholicus melancholicus observed in Barrancabermeja, Santander, Colombia.", "img_url": "https://upload.wikimedia.org/wikipedia/commons/f/f1/Tyrannus_melancholicus_melancholicus_-_Barrancabermeja%2C_Santander%2C_Colombia_-_14_Jun_2026_-_Diferoch.jpg", "thumb_url": "https://commons.wikimedia.org/wiki/Special:FilePath/Tyrannus%20melancholicus%20melancholicus%20-%20Barrancabermeja%2C%20Santander%2C%20Colombia%20-%2014%20Jun%202026%20-%20Diferoch.jpg?width=640", "commons_url": "https://commons.wikimedia.org/wiki/File:Tyrannus_melancholicus_melancholicus_-_Barrancabermeja,_Santander,_Colombia_-_14_Jun_2026_-_Diferoch.jpg", "map_url": "https://maps.google.com/?q=7.096000,-73.756221", "departamento": "Santander", "departamento_raw": "SANTANDER", "region": "Andina", "region_color": "#2563eb"}}, {"type": "Feature", "geometry": {"type": "Point", "coordinates": [-73.863937, 7.084797]}, "properties": {"id": 2168, "autor": "Diferoch", "nombre": "Tyrannus melancholicus melancholicus - Barrancabermeja, Santander, Colombia - 3 Jun 2025.jpg", "fecha": "2026-05-24 21:01:41", "desc": "Individual of Tyrannus melancholicus melancholicus in Barrancabermeja, Santander, Colombia.", "img_url": "https://upload.wikimedia.org/wikipedia/commons/e/e2/Tyrannus_melancholicus_melancholicus_-_Barrancabermeja%2C_Santander%2C_Colombia_-_3_Jun_2025.jpg", "thumb_url": "https://commons.wikimedia.org/wiki/Special:FilePath/Tyrannus%20melancholicus%20melancholicus%20-%20Barrancabermeja%2C%20Santander%2C%20Colombia%20-%203%20Jun%202025.jpg?width=640", "commons_url": "https://commons.wikimedia.org/wiki/File:Tyrannus_melancholicus_melancholicus_-_Barrancabermeja,_Santander,_Colombia_-_3_Jun_2025.jpg", "map_url": "https://maps.google.com/?q=7.084797,-73.863937", "departamento": "Santander", "departamento_raw": "SANTANDER", "region": "Andina", "region_color": "#2563eb"}}, {"type": "Feature", "geometry": {"type": "Point", "coordinates": [-73.021705, 6.896558]}, "properties": {"id": 2169, "autor": "Diferoch", "nombre": "Tyrannus savana - Piedecuesta, Santander, Colombia - 7 Jun 2026 - Diferoch - 1.jpg", "fecha": "2026-05-28 21:52:12", "desc": "Individual of Tyrannus savana observed in Piedecuesta, Santander, Colombia.", "img_url": "https://upload.wikimedia.org/wikipedia/commons/9/94/Tyrannus_savana_-_Piedecuesta%2C_Santander%2C_Colombia_-_7_Jun_2026_-_Diferoch_-_1.jpg", "thumb_url": "https://commons.wikimedia.org/wiki/Special:FilePath/Tyrannus%20savana%20-%20Piedecuesta%2C%20Santander%2C%20Colombia%20-%207%20Jun%202026%20-%20Diferoch%20-%201.jpg?width=640", "commons_url": "https://commons.wikimedia.org/wiki/File:Tyrannus_savana_-_Piedecuesta,_Santander,_Colombia_-_7_Jun_2026_-_Diferoch_-_1.jpg", "map_url": "https://maps.google.com/?q=6.896558,-73.021705", "departamento": "Santander", "departamento_raw": "SANTANDER", "region": "Andina", "region_color": "#2563eb"}}, {"type": "Feature", "geometry": {"type": "Point", "coordinates": [-73.021613, 6.896565]}, "properties": {"id": 2170, "autor": "Diferoch", "nombre": "Tyrannus savana - Piedecuesta, Santander, Colombia - 7 Jun 2026 - Diferoch - 2.jpg", "fecha": "2026-05-28 21:52:12", "desc": "Individual of Tyrannus savana observed in Piedecuesta, Santander, Colombia.", "img_url": "https://upload.wikimedia.org/wikipedia/commons/a/af/Tyrannus_savana_-_Piedecuesta%2C_Santander%2C_Colombia_-_7_Jun_2026_-_Diferoch_-_2.jpg", "thumb_url": "https://commons.wikimedia.org/wiki/Special:FilePath/Tyrannus%20savana%20-%20Piedecuesta%2C%20Santander%2C%20Colombia%20-%207%20Jun%202026%20-%20Diferoch%20-%202.jpg?width=640", "commons_url": "https://commons.wikimedia.org/wiki/File:Tyrannus_savana_-_Piedecuesta,_Santander,_Colombia_-_7_Jun_2026_-_Diferoch_-_2.jpg", "map_url": "https://maps.google.com/?q=6.896565,-73.021613", "departamento": "Santander", "departamento_raw": "SANTANDER", "region": "Andina", "region_color": "#2563eb"}}, {"type": "Feature", "geometry": {"type": "Point", "coordinates": [-76.5569, 3.5611]}, "properties": {"id": 2171, "autor": "NicolleTorresG", "nombre": "Tángara Dorada - Tangara arthus.jpg", "fecha": "2026-06-26 22:32:11", "desc": "La tangara dorada destaca por la intensidad de sus colores, una de las especies más vistosas de los bosques andinos. Nativa del norte, noroeste y oeste de América del Sur.", "img_url": "https://upload.wikimedia.org/wikipedia/commons/6/69/T%C3%A1ngara_Dorada_-_Tangara_arthus.jpg", "thumb_url": "https://commons.wikimedia.org/wiki/Special:FilePath/T%C3%A1ngara%20Dorada%20-%20Tangara%20arthus.jpg?width=640", "commons_url": "https://commons.wikimedia.org/wiki/File:T%C3%A1ngara_Dorada_-_Tangara_arthus.jpg", "map_url": "https://maps.google.com/?q=3.561100,-76.556900", "departamento": "Valle del Cauca", "departamento_raw": "VALLE DEL CAUCA", "region": "Pacífica", "region_color": "#059669"}}, {"type": "Feature", "geometry": {"type": "Point", "coordinates": [-74.773153, 8.094869]}, "properties": {"id": 2172, "autor": "Elprofeta91", "nombre": "Tú grandeza.jpg", "fecha": "2026-05-05 19:04:52", "desc": "Un puerto en Nechí", "img_url": "https://upload.wikimedia.org/wikipedia/commons/8/88/T%C3%BA_grandeza.jpg", "thumb_url": "https://commons.wikimedia.org/wiki/Special:FilePath/T%C3%BA%20grandeza.jpg?width=640", "commons_url": "https://commons.wikimedia.org/wiki/File:T%C3%BA_grandeza.jpg", "map_url": "https://maps.google.com/?q=8.094869,-74.773153", "departamento": "Antioquia", "departamento_raw": "ANTIOQUIA", "region": "Andina", "region_color": "#2563eb"}}, {"type": "Feature", "geometry": {"type": "Point", "coordinates": [-74.773175, 8.094922]}, "properties": {"id": 2173, "autor": "Elprofeta91", "nombre": "Tú inmensidad.jpg", "fecha": "2026-05-05 19:04:52", "desc": "Un puerto en Nechí", "img_url": "https://upload.wikimedia.org/wikipedia/commons/7/7b/T%C3%BA_inmensidad.jpg", "thumb_url": "https://commons.wikimedia.org/wiki/Special:FilePath/T%C3%BA%20inmensidad.jpg?width=640", "commons_url": "https://commons.wikimedia.org/wiki/File:T%C3%BA_inmensidad.jpg", "map_url": "https://maps.google.com/?q=8.094922,-74.773175", "departamento": "Antioquia", "departamento_raw": "ANTIOQUIA", "region": "Andina", "region_color": "#2563eb"}}, {"type": "Feature", "geometry": {"type": "Point", "coordinates": [-74.404778, 4.719324]}, "properties": {"id": 2174, "autor": "Zamstiv", "nombre": "Un GRAN pequeño.jpg", "fecha": "2026-05-18 10:56:33", "desc": "In this photographic illustration, I sought an interpretation to demonstrate how grand and vast the fungi kingdom can be.", "img_url": "https://upload.wikimedia.org/wikipedia/commons/3/3f/Un_GRAN_peque%C3%B1o.jpg", "thumb_url": "https://commons.wikimedia.org/wiki/Special:FilePath/Un%20GRAN%20peque%C3%B1o.jpg?width=640", "commons_url": "https://commons.wikimedia.org/wiki/File:Un_GRAN_peque%C3%B1o.jpg", "map_url": "https://maps.google.com/?q=4.719324,-74.404778", "departamento": "Cundinamarca", "departamento_raw": "CUNDINAMARCA", "region": "Andina", "region_color": "#2563eb"}}, {"type": "Feature", "geometry": {"type": "Point", "coordinates": [-74.404778, 4.719324]}, "properties": {"id": 2175, "autor": "Zamstiv", "nombre": "Un caracol vacio.jpg", "fecha": "2026-05-18 10:56:33", "desc": "Empty snail shell and a nourished mushroom.", "img_url": "https://upload.wikimedia.org/wikipedia/commons/7/79/Un_caracol_vacio.jpg", "thumb_url": "https://commons.wikimedia.org/wiki/Special:FilePath/Un%20caracol%20vacio.jpg?width=640", "commons_url": "https://commons.wikimedia.org/wiki/File:Un_caracol_vacio.jpg", "map_url": "https://maps.google.com/?q=4.719324,-74.404778", "departamento": "Cundinamarca", "departamento_raw": "CUNDINAMARCA", "region": "Andina", "region_color": "#2563eb"}}, {"type": "Feature", "geometry": {"type": "Point", "coordinates": [-74.785186, 8.073269]}, "properties": {"id": 2176, "autor": "Elprofeta91", "nombre": "Un día con mucho sol.jpg", "fecha": "2026-05-05 19:04:46", "desc": "Una finca en Nechí", "img_url": "https://upload.wikimedia.org/wikipedia/commons/f/f2/Un_d%C3%ADa_con_mucho_sol.jpg", "thumb_url": "https://commons.wikimedia.org/wiki/Special:FilePath/Un%20d%C3%ADa%20con%20mucho%20sol.jpg?width=640", "commons_url": "https://commons.wikimedia.org/wiki/File:Un_d%C3%ADa_con_mucho_sol.jpg", "map_url": "https://maps.google.com/?q=8.073269,-74.785186", "departamento": "Antioquia", "departamento_raw": "ANTIOQUIA", "region": "Andina", "region_color": "#2563eb"}}, {"type": "Feature", "geometry": {"type": "Point", "coordinates": [-74.786261, 8.072164]}, "properties": {"id": 2177, "autor": "Elprofeta91", "nombre": "Un día normal.jpg", "fecha": "2026-05-05 18:59:11", "desc": "Una finca en Nechí", "img_url": "https://upload.wikimedia.org/wikipedia/commons/7/7b/Un_d%C3%ADa_normal.jpg", "thumb_url": "https://commons.wikimedia.org/wiki/Special:FilePath/Un%20d%C3%ADa%20normal.jpg?width=640", "commons_url": "https://commons.wikimedia.org/wiki/File:Un_d%C3%ADa_normal.jpg", "map_url": "https://maps.google.com/?q=8.072164,-74.786261", "departamento": "Antioquia", "departamento_raw": "ANTIOQUIA", "region": "Andina", "region_color": "#2563eb"}}, {"type": "Feature", "geometry": {"type": "Point", "coordinates": [-73.457378, 5.795613]}, "properties": {"id": 2179, "autor": "Halleyuncometafotografo", "nombre": "Un instante en la calma.jpg", "fecha": "2026-06-30 21:33:45", "desc": "Después del vuelo, el colibrí descansa sobre una rama mientras su plumaje refleja destellos verdes y azules.", "img_url": "https://upload.wikimedia.org/wikipedia/commons/0/0c/Un_instante_en_la_calma.jpg", "thumb_url": "https://commons.wikimedia.org/wiki/Special:FilePath/Un%20instante%20en%20la%20calma.jpg?width=640", "commons_url": "https://commons.wikimedia.org/wiki/File:Un_instante_en_la_calma.jpg", "map_url": "https://maps.google.com/?q=5.795613,-73.457378", "departamento": "Santander", "departamento_raw": "SANTANDER", "region": "Andina", "region_color": "#2563eb"}}, {"type": "Feature", "geometry": {"type": "Point", "coordinates": [-74.786128, 8.072294]}, "properties": {"id": 2180, "autor": "Elprofeta91", "nombre": "Un linda finca.jpg", "fecha": "2026-05-05 18:59:25", "desc": "Una finca en Nechí", "img_url": "https://upload.wikimedia.org/wikipedia/commons/3/39/Un_linda_finca.jpg", "thumb_url": "https://commons.wikimedia.org/wiki/Special:FilePath/Un%20linda%20finca.jpg?width=640", "commons_url": "https://commons.wikimedia.org/wiki/File:Un_linda_finca.jpg", "map_url": "https://maps.google.com/?q=8.072294,-74.786128", "departamento": "Antioquia", "departamento_raw": "ANTIOQUIA", "region": "Andina", "region_color": "#2563eb"}}, {"type": "Feature", "geometry": {"type": "Point", "coordinates": [-74.07034, 4.59449]}, "properties": {"id": 2183, "autor": "KingJo09", "nombre": "Un Sol en el Suelo.jpg", "fecha": "2026-05-23 21:22:48", "desc": "Captura cenital que enfoca la vibrante y radiante corona de un diente de león. La flor destaca como un destello dorado en medio de un tapiz texturizado de tréboles y hojas verdes, demostrando que la belleza florece de manera espontánea en cualquier rincón.", "img_url": "https://upload.wikimedia.org/wikipedia/commons/c/ca/Un_Sol_en_el_Suelo.jpg", "thumb_url": "https://commons.wikimedia.org/wiki/Special:FilePath/Un%20Sol%20en%20el%20Suelo.jpg?width=640", "commons_url": "https://commons.wikimedia.org/wiki/File:Un_Sol_en_el_Suelo.jpg", "map_url": "https://maps.google.com/?q=4.594490,-74.070340", "departamento": "Bogotá D.C.", "departamento_raw": "SANTAFE DE BOGOTA D.C", "region": "Andina", "region_color": "#2563eb"}}, {"type": "Feature", "geometry": {"type": "Point", "coordinates": [-74.097384, 4.668609]}, "properties": {"id": 2190, "autor": "Juanrapave", "nombre": "Una abeja en el rosal.jpg", "fecha": "2026-05-24 07:31:11", "desc": "Una abeja en el rosal", "img_url": "https://upload.wikimedia.org/wikipedia/commons/4/42/Una_abeja_en_el_rosal.jpg", "thumb_url": "https://commons.wikimedia.org/wiki/Special:FilePath/Una%20abeja%20en%20el%20rosal.jpg?width=640", "commons_url": "https://commons.wikimedia.org/wiki/File:Una_abeja_en_el_rosal.jpg", "map_url": "https://maps.google.com/?q=4.668609,-74.097384", "departamento": "Bogotá D.C.", "departamento_raw": "SANTAFE DE BOGOTA D.C", "region": "Andina", "region_color": "#2563eb"}}, {"type": "Feature", "geometry": {"type": "Point", "coordinates": [-74.070686, 4.595319]}, "properties": {"id": 2194, "autor": "NataMendietaOrtega", "nombre": "Universidad de la salle, paisaje urbano.jpg", "fecha": "2026-05-21 12:06:10", "desc": "Vista de la ciudad de Bogotá, D.C desde la universidad de la Salle", "img_url": "https://upload.wikimedia.org/wikipedia/commons/8/87/Universidad_de_la_salle%2C_paisaje_urbano.jpg", "thumb_url": "https://commons.wikimedia.org/wiki/Special:FilePath/Universidad%20de%20la%20salle%2C%20paisaje%20urbano.jpg?width=640", "commons_url": "https://commons.wikimedia.org/wiki/File:Universidad_de_la_salle,_paisaje_urbano.jpg", "map_url": "https://maps.google.com/?q=4.595319,-74.070686", "departamento": "Bogotá D.C.", "departamento_raw": "SANTAFE DE BOGOTA D.C", "region": "Andina", "region_color": "#2563eb"}}, {"type": "Feature", "geometry": {"type": "Point", "coordinates": [-75.683097, 4.740317]}, "properties": {"id": 2196, "autor": "JJCL09", "nombre": "Unknown orchids.jpg", "fecha": "2026-05-05 21:09:09", "desc": "Moss under orchid", "img_url": "https://upload.wikimedia.org/wikipedia/commons/3/30/Unknown_orchids.jpg", "thumb_url": "https://commons.wikimedia.org/wiki/Special:FilePath/Unknown%20orchids.jpg?width=640", "commons_url": "https://commons.wikimedia.org/wiki/File:Unknown_orchids.jpg", "map_url": "https://maps.google.com/?q=4.740317,-75.683097", "departamento": "Risaralda", "departamento_raw": "RISARALDA", "region": "Andina", "region_color": "#2563eb"}}, {"type": "Feature", "geometry": {"type": "Point", "coordinates": [-76.082, 5.826]}, "properties": {"id": 2197, "autor": "Hector Bottai", "nombre": "Urosticte benjamini.jpg", "fecha": "2026-07-28 07:03:31", "desc": "A male specimen of the species Urosticte benjamini perched on a branch. Its vibrant, iridescent plumage and characteristic violet collar stand out. Las Tángaras ProAves Reserve, Chocó.", "img_url": "https://upload.wikimedia.org/wikipedia/commons/b/bd/Urosticte_benjamini.jpg", "thumb_url": "https://commons.wikimedia.org/wiki/Special:FilePath/Urosticte%20benjamini.jpg?width=640", "commons_url": "https://commons.wikimedia.org/wiki/File:Urosticte_benjamini.jpg", "map_url": "https://maps.google.com/?q=5.826000,-76.082000", "departamento": "Antioquia", "departamento_raw": "ANTIOQUIA", "region": "Andina", "region_color": "#2563eb"}}, {"type": "Feature", "geometry": {"type": "Point", "coordinates": [-74.347442, 4.851189]}, "properties": {"id": 2202, "autor": "Nbareschu", "nombre": "Uña de gato.jpg", "fecha": "2026-05-07 10:06:40", "desc": "Flores de uña de gato, Berberis glauca", "img_url": "https://upload.wikimedia.org/wikipedia/commons/f/f8/U%C3%B1a_de_gato.jpg", "thumb_url": "https://commons.wikimedia.org/wiki/Special:FilePath/U%C3%B1a%20de%20gato.jpg?width=640", "commons_url": "https://commons.wikimedia.org/wiki/File:U%C3%B1a_de_gato.jpg", "map_url": "https://maps.google.com/?q=4.851189,-74.347442", "departamento": "Cundinamarca", "departamento_raw": "CUNDINAMARCA", "region": "Andina", "region_color": "#2563eb"}}, {"type": "Feature", "geometry": {"type": "Point", "coordinates": [-75.328711, 5.012789]}, "properties": {"id": 2206, "autor": "Adrianvargasag", "nombre": "Valle de pastores.jpg", "fecha": "2026-05-02 03:03:05", "desc": "Valles exuberantes donde la naturaleza nos da postales increíbles", "img_url": "https://upload.wikimedia.org/wikipedia/commons/4/49/Valle_de_pastores.jpg", "thumb_url": "https://commons.wikimedia.org/wiki/Special:FilePath/Valle%20de%20pastores.jpg?width=640", "commons_url": "https://commons.wikimedia.org/wiki/File:Valle_de_pastores.jpg", "map_url": "https://maps.google.com/?q=5.012789,-75.328711", "departamento": "Tolima", "departamento_raw": "TOLIMA", "region": "Andina", "region_color": "#2563eb"}}, {"type": "Feature", "geometry": {"type": "Point", "coordinates": [-75.561566, 4.638395]}, "properties": {"id": 2207, "autor": "AmiGueko", "nombre": "Valle del Cocora (15646).jpg", "fecha": "2026-06-28 20:29:16", "desc": "Valle montañoso ubicado en la cordillera central de los Andes colombianos (Departamento del Quindío). Famoso por albergar el bosque de Palma de Cera—el árbol nacional de Colombia y la palmera más alta del mundo (Ceroxylon quindiuense)—es un área protegida integrada al Parque Nacional Natural Los Nevados", "img_url": "https://upload.wikimedia.org/wikipedia/commons/0/0d/Valle_del_Cocora_%2815646%29.jpg", "thumb_url": "https://commons.wikimedia.org/wiki/Special:FilePath/Valle%20del%20Cocora%20%2815646%29.jpg?width=640", "commons_url": "https://commons.wikimedia.org/wiki/File:Valle_del_Cocora_(15646).jpg", "map_url": "https://maps.google.com/?q=4.638395,-75.561566", "departamento": "Quindio", "departamento_raw": "QUINDIO", "region": "Andina", "region_color": "#2563eb"}}, {"type": "Feature", "geometry": {"type": "Point", "coordinates": [-75.552434, 4.642314]}, "properties": {"id": 2208, "autor": "AmiGueko", "nombre": "Valle del Cocora (84143).jpg", "fecha": "2026-06-28 20:28:52", "desc": "Valle montañoso ubicado en la cordillera central de los Andes colombianos (Departamento del Quindío). Famoso por albergar el bosque de Palma de Cera—el árbol nacional de Colombia y la palmera más alta del mundo (Ceroxylon quindiuense)—es un área protegida integrada al Parque Nacional Natural Los Nevados", "img_url": "https://upload.wikimedia.org/wikipedia/commons/b/b6/Valle_del_Cocora_%2884143%29.jpg", "thumb_url": "https://commons.wikimedia.org/wiki/Special:FilePath/Valle%20del%20Cocora%20%2884143%29.jpg?width=640", "commons_url": "https://commons.wikimedia.org/wiki/File:Valle_del_Cocora_(84143).jpg", "map_url": "https://maps.google.com/?q=4.642314,-75.552434", "departamento": "Quindio", "departamento_raw": "QUINDIO", "region": "Andina", "region_color": "#2563eb"}}, {"type": "Feature", "geometry": {"type": "Point", "coordinates": [-75.5, 4.6667]}, "properties": {"id": 2209, "autor": "AmiGueko", "nombre": "Valle del Cocora junio 2025 03.jpg", "fecha": "2026-06-30 19:35:00", "desc": "is an Andean valley located in the municipality of Salento, Quindío Department, Colombia. It is renowned for its cloud forest landscapes and for hosting extensive populations of the Ceroxylon quindiuense, Colombia's national tree.", "img_url": "https://upload.wikimedia.org/wikipedia/commons/c/c3/Valle_del_Cocora_junio_2025_03.jpg", "thumb_url": "https://commons.wikimedia.org/wiki/Special:FilePath/Valle%20del%20Cocora%20junio%202025%2003.jpg?width=640", "commons_url": "https://commons.wikimedia.org/wiki/File:Valle_del_Cocora_junio_2025_03.jpg", "map_url": "https://maps.google.com/?q=4.666700,-75.500000", "departamento": "Quindio", "departamento_raw": "QUINDIO", "region": "Andina", "region_color": "#2563eb"}}, {"type": "Feature", "geometry": {"type": "Point", "coordinates": [-75.5, 4.6667]}, "properties": {"id": 2210, "autor": "AmiGueko", "nombre": "Valle del Cocora junio 2025 05.jpg", "fecha": "2026-06-30 19:35:03", "desc": "is an Andean valley located in the municipality of Salento, Quindío Department, Colombia. It is renowned for its cloud forest landscapes and for hosting extensive populations of the Ceroxylon quindiuense, Colombia's national tree.", "img_url": "https://upload.wikimedia.org/wikipedia/commons/4/48/Valle_del_Cocora_junio_2025_05.jpg", "thumb_url": "https://commons.wikimedia.org/wiki/Special:FilePath/Valle%20del%20Cocora%20junio%202025%2005.jpg?width=640", "commons_url": "https://commons.wikimedia.org/wiki/File:Valle_del_Cocora_junio_2025_05.jpg", "map_url": "https://maps.google.com/?q=4.666700,-75.500000", "departamento": "Quindio", "departamento_raw": "QUINDIO", "region": "Andina", "region_color": "#2563eb"}}, {"type": "Feature", "geometry": {"type": "Point", "coordinates": [-75.5, 4.6667]}, "properties": {"id": 2211, "autor": "AmiGueko", "nombre": "Valle del Cocora junio 2025 08.jpg", "fecha": "2026-06-30 19:35:08", "desc": "is an Andean valley located in the municipality of Salento, Quindío Department, Colombia. It is renowned for its cloud forest landscapes and for hosting extensive populations of the Ceroxylon quindiuense, Colombia's national tree.", "img_url": "https://upload.wikimedia.org/wikipedia/commons/a/af/Valle_del_Cocora_junio_2025_08.jpg", "thumb_url": "https://commons.wikimedia.org/wiki/Special:FilePath/Valle%20del%20Cocora%20junio%202025%2008.jpg?width=640", "commons_url": "https://commons.wikimedia.org/wiki/File:Valle_del_Cocora_junio_2025_08.jpg", "map_url": "https://maps.google.com/?q=4.666700,-75.500000", "departamento": "Quindio", "departamento_raw": "QUINDIO", "region": "Andina", "region_color": "#2563eb"}}, {"type": "Feature", "geometry": {"type": "Point", "coordinates": [-75.5, 4.6667]}, "properties": {"id": 2212, "autor": "AmiGueko", "nombre": "Valle del Cocora junio 2025 10.jpg", "fecha": "2026-06-30 19:35:10", "desc": "is an Andean valley located in the municipality of Salento, Quindío Department, Colombia. It is renowned for its cloud forest landscapes and for hosting extensive populations of the Ceroxylon quindiuense, Colombia's national tree.", "img_url": "https://upload.wikimedia.org/wikipedia/commons/0/0b/Valle_del_Cocora_junio_2025_10.jpg", "thumb_url": "https://commons.wikimedia.org/wiki/Special:FilePath/Valle%20del%20Cocora%20junio%202025%2010.jpg?width=640", "commons_url": "https://commons.wikimedia.org/wiki/File:Valle_del_Cocora_junio_2025_10.jpg", "map_url": "https://maps.google.com/?q=4.666700,-75.500000", "departamento": "Quindio", "departamento_raw": "QUINDIO", "region": "Andina", "region_color": "#2563eb"}}, {"type": "Feature", "geometry": {"type": "Point", "coordinates": [-75.5, 4.6667]}, "properties": {"id": 2213, "autor": "AmiGueko", "nombre": "Valle del Cocora junio 2025 13.jpg", "fecha": "2026-06-30 19:35:12", "desc": "is an Andean valley located in the municipality of Salento, Quindío Department, Colombia. It is renowned for its cloud forest landscapes and for hosting extensive populations of the Ceroxylon quindiuense, Colombia's national tree.", "img_url": "https://upload.wikimedia.org/wikipedia/commons/c/cb/Valle_del_Cocora_junio_2025_13.jpg", "thumb_url": "https://commons.wikimedia.org/wiki/Special:FilePath/Valle%20del%20Cocora%20junio%202025%2013.jpg?width=640", "commons_url": "https://commons.wikimedia.org/wiki/File:Valle_del_Cocora_junio_2025_13.jpg", "map_url": "https://maps.google.com/?q=4.666700,-75.500000", "departamento": "Quindio", "departamento_raw": "QUINDIO", "region": "Andina", "region_color": "#2563eb"}}, {"type": "Feature", "geometry": {"type": "Point", "coordinates": [-75.5, 4.6667]}, "properties": {"id": 2214, "autor": "AmiGueko", "nombre": "Valle del Cocora junio 2025 14.jpg", "fecha": "2026-06-30 19:35:13", "desc": "is an Andean valley located in the municipality of Salento, Quindío Department, Colombia. It is renowned for its cloud forest landscapes and for hosting extensive populations of the Ceroxylon quindiuense, Colombia's national tree.", "img_url": "https://upload.wikimedia.org/wikipedia/commons/6/6c/Valle_del_Cocora_junio_2025_14.jpg", "thumb_url": "https://commons.wikimedia.org/wiki/Special:FilePath/Valle%20del%20Cocora%20junio%202025%2014.jpg?width=640", "commons_url": "https://commons.wikimedia.org/wiki/File:Valle_del_Cocora_junio_2025_14.jpg", "map_url": "https://maps.google.com/?q=4.666700,-75.500000", "departamento": "Quindio", "departamento_raw": "QUINDIO", "region": "Andina", "region_color": "#2563eb"}}, {"type": "Feature", "geometry": {"type": "Point", "coordinates": [-75.5, 4.6667]}, "properties": {"id": 2215, "autor": "AmiGueko", "nombre": "Valle del Cocora junio 2025 15.jpg", "fecha": "2026-06-30 19:35:14", "desc": "is an Andean valley located in the municipality of Salento, Quindío Department, Colombia. It is renowned for its cloud forest landscapes and for hosting extensive populations of the Ceroxylon quindiuense, Colombia's national tree.", "img_url": "https://upload.wikimedia.org/wikipedia/commons/8/84/Valle_del_Cocora_junio_2025_15.jpg", "thumb_url": "https://commons.wikimedia.org/wiki/Special:FilePath/Valle%20del%20Cocora%20junio%202025%2015.jpg?width=640", "commons_url": "https://commons.wikimedia.org/wiki/File:Valle_del_Cocora_junio_2025_15.jpg", "map_url": "https://maps.google.com/?q=4.666700,-75.500000", "departamento": "Quindio", "departamento_raw": "QUINDIO", "region": "Andina", "region_color": "#2563eb"}}, {"type": "Feature", "geometry": {"type": "Point", "coordinates": [-75.5, 4.6667]}, "properties": {"id": 2216, "autor": "AmiGueko", "nombre": "Valle del Cocora junio 2025 18.jpg", "fecha": "2026-06-30 19:35:17", "desc": "is an Andean valley located in the municipality of Salento, Quindío Department, Colombia. It is renowned for its cloud forest landscapes and for hosting extensive populations of the Ceroxylon quindiuense, Colombia's national tree.", "img_url": "https://upload.wikimedia.org/wikipedia/commons/a/ab/Valle_del_Cocora_junio_2025_18.jpg", "thumb_url": "https://commons.wikimedia.org/wiki/Special:FilePath/Valle%20del%20Cocora%20junio%202025%2018.jpg?width=640", "commons_url": "https://commons.wikimedia.org/wiki/File:Valle_del_Cocora_junio_2025_18.jpg", "map_url": "https://maps.google.com/?q=4.666700,-75.500000", "departamento": "Quindio", "departamento_raw": "QUINDIO", "region": "Andina", "region_color": "#2563eb"}}, {"type": "Feature", "geometry": {"type": "Point", "coordinates": [-75.5, 4.6667]}, "properties": {"id": 2217, "autor": "AmiGueko", "nombre": "Valle del Cocora junio 2025 19.jpg", "fecha": "2026-06-30 19:35:17", "desc": "is an Andean valley located in the municipality of Salento, Quindío Department, Colombia. It is renowned for its cloud forest landscapes and for hosting extensive populations of the Ceroxylon quindiuense, Colombia's national tree.", "img_url": "https://upload.wikimedia.org/wikipedia/commons/5/57/Valle_del_Cocora_junio_2025_19.jpg", "thumb_url": "https://commons.wikimedia.org/wiki/Special:FilePath/Valle%20del%20Cocora%20junio%202025%2019.jpg?width=640", "commons_url": "https://commons.wikimedia.org/wiki/File:Valle_del_Cocora_junio_2025_19.jpg", "map_url": "https://maps.google.com/?q=4.666700,-75.500000", "departamento": "Quindio", "departamento_raw": "QUINDIO", "region": "Andina", "region_color": "#2563eb"}}, {"type": "Feature", "geometry": {"type": "Point", "coordinates": [-75.5, 4.6667]}, "properties": {"id": 2218, "autor": "AmiGueko", "nombre": "Valle del Cocora junio 2025 21.jpg", "fecha": "2026-06-30 19:35:21", "desc": "is an Andean valley located in the municipality of Salento, Quindío Department, Colombia. It is renowned for its cloud forest landscapes and for hosting extensive populations of the Ceroxylon quindiuense, Colombia's national tree.", "img_url": "https://upload.wikimedia.org/wikipedia/commons/d/d0/Valle_del_Cocora_junio_2025_21.jpg", "thumb_url": "https://commons.wikimedia.org/wiki/Special:FilePath/Valle%20del%20Cocora%20junio%202025%2021.jpg?width=640", "commons_url": "https://commons.wikimedia.org/wiki/File:Valle_del_Cocora_junio_2025_21.jpg", "map_url": "https://maps.google.com/?q=4.666700,-75.500000", "departamento": "Quindio", "departamento_raw": "QUINDIO", "region": "Andina", "region_color": "#2563eb"}}, {"type": "Feature", "geometry": {"type": "Point", "coordinates": [-75.5, 4.6667]}, "properties": {"id": 2219, "autor": "AmiGueko", "nombre": "Valle del Cocora junio 2025 25.jpg", "fecha": "2026-06-30 19:35:25", "desc": "is an Andean valley located in the municipality of Salento, Quindío Department, Colombia. It is renowned for its cloud forest landscapes and for hosting extensive populations of the Ceroxylon quindiuense, Colombia's national tree.", "img_url": "https://upload.wikimedia.org/wikipedia/commons/8/8a/Valle_del_Cocora_junio_2025_25.jpg", "thumb_url": "https://commons.wikimedia.org/wiki/Special:FilePath/Valle%20del%20Cocora%20junio%202025%2025.jpg?width=640", "commons_url": "https://commons.wikimedia.org/wiki/File:Valle_del_Cocora_junio_2025_25.jpg", "map_url": "https://maps.google.com/?q=4.666700,-75.500000", "departamento": "Quindio", "departamento_raw": "QUINDIO", "region": "Andina", "region_color": "#2563eb"}}, {"type": "Feature", "geometry": {"type": "Point", "coordinates": [-75.588938, 4.642023]}, "properties": {"id": 2221, "autor": "AmiGueko", "nombre": "Valle del Cocora.jpg", "fecha": "2026-06-28 20:25:58", "desc": "Valle montañoso ubicado en la cordillera central de los Andes colombianos (Departamento del Quindío). Famoso por albergar el bosque de Palma de Cera—el árbol nacional de Colombia y la palmera más alta del mundo (Ceroxylon quindiuense)—es un área protegida integrada al Parque Nacional Natural Los Nevados", "img_url": "https://upload.wikimedia.org/wikipedia/commons/a/a6/Valle_del_Cocora.jpg", "thumb_url": "https://commons.wikimedia.org/wiki/Special:FilePath/Valle%20del%20Cocora.jpg?width=640", "commons_url": "https://commons.wikimedia.org/wiki/File:Valle_del_Cocora.jpg", "map_url": "https://maps.google.com/?q=4.642023,-75.588938", "departamento": "Quindio", "departamento_raw": "QUINDIO", "region": "Andina", "region_color": "#2563eb"}}, {"type": "Feature", "geometry": {"type": "Point", "coordinates": [-75.5, 4.6667]}, "properties": {"id": 2222, "autor": "AmiGueko", "nombre": "Valle del Cocora junio 2025 26.jpg", "fecha": "2026-06-30 19:35:24", "desc": "is an Andean valley located in the municipality of Salento, Quindío Department, Colombia. It is renowned for its cloud forest landscapes and for hosting extensive populations of the Ceroxylon quindiuense, Colombia's national tree.", "img_url": "https://upload.wikimedia.org/wikipedia/commons/9/9f/Valle_del_Cocora_junio_2025_26.jpg", "thumb_url": "https://commons.wikimedia.org/wiki/Special:FilePath/Valle%20del%20Cocora%20junio%202025%2026.jpg?width=640", "commons_url": "https://commons.wikimedia.org/wiki/File:Valle_del_Cocora_junio_2025_26.jpg", "map_url": "https://maps.google.com/?q=4.666700,-75.500000", "departamento": "Quindio", "departamento_raw": "QUINDIO", "region": "Andina", "region_color": "#2563eb"}}, {"type": "Feature", "geometry": {"type": "Point", "coordinates": [-75.5, 4.6667]}, "properties": {"id": 2223, "autor": "AmiGueko", "nombre": "Valle del Cocora junio 2025 30.jpg", "fecha": "2026-06-30 19:35:28", "desc": "is an Andean valley located in the municipality of Salento, Quindío Department, Colombia. It is renowned for its cloud forest landscapes and for hosting extensive populations of the Ceroxylon quindiuense, Colombia's national tree.", "img_url": "https://upload.wikimedia.org/wikipedia/commons/0/08/Valle_del_Cocora_junio_2025_30.jpg", "thumb_url": "https://commons.wikimedia.org/wiki/Special:FilePath/Valle%20del%20Cocora%20junio%202025%2030.jpg?width=640", "commons_url": "https://commons.wikimedia.org/wiki/File:Valle_del_Cocora_junio_2025_30.jpg", "map_url": "https://maps.google.com/?q=4.666700,-75.500000", "departamento": "Quindio", "departamento_raw": "QUINDIO", "region": "Andina", "region_color": "#2563eb"}}, {"type": "Feature", "geometry": {"type": "Point", "coordinates": [-75.546508, 5.052892]}, "properties": {"id": 2227, "autor": "JJCL09", "nombre": "Valles de seda Azul.jpg", "fecha": "2026-05-05 21:09:31", "desc": "The valley rock you to sleep", "img_url": "https://upload.wikimedia.org/wikipedia/commons/1/13/Valles_de_seda_Azul.jpg", "thumb_url": "https://commons.wikimedia.org/wiki/Special:FilePath/Valles%20de%20seda%20Azul.jpg?width=640", "commons_url": "https://commons.wikimedia.org/wiki/File:Valles_de_seda_Azul.jpg", "map_url": "https://maps.google.com/?q=5.052892,-75.546508", "departamento": "Caldas", "departamento_raw": "CALDAS", "region": "Andina", "region_color": "#2563eb"}}, {"type": "Feature", "geometry": {"type": "Point", "coordinates": [-73.020965, 6.894992]}, "properties": {"id": 2228, "autor": "Diferoch", "nombre": "Vanellus chilensis cayennensis - Piedecuesta, Santander, Colombia - 7 Jun 2026 - Diferoch - 1.jpg", "fecha": "2026-05-28 21:52:09", "desc": "Offspring of Vanellus chilensis cayennensis observed in Piedecuesta, Santander, Colombia.", "img_url": "https://upload.wikimedia.org/wikipedia/commons/e/e6/Vanellus_chilensis_cayennensis_-_Piedecuesta%2C_Santander%2C_Colombia_-_7_Jun_2026_-_Diferoch_-_1.jpg", "thumb_url": "https://commons.wikimedia.org/wiki/Special:FilePath/Vanellus%20chilensis%20cayennensis%20-%20Piedecuesta%2C%20Santander%2C%20Colombia%20-%207%20Jun%202026%20-%20Diferoch%20-%201.jpg?width=640", "commons_url": "https://commons.wikimedia.org/wiki/File:Vanellus_chilensis_cayennensis_-_Piedecuesta,_Santander,_Colombia_-_7_Jun_2026_-_Diferoch_-_1.jpg", "map_url": "https://maps.google.com/?q=6.894992,-73.020965", "departamento": "Santander", "departamento_raw": "SANTANDER", "region": "Andina", "region_color": "#2563eb"}}, {"type": "Feature", "geometry": {"type": "Point", "coordinates": [-73.020965, 6.894993]}, "properties": {"id": 2229, "autor": "Diferoch", "nombre": "Vanellus chilensis cayennensis - Piedecuesta, Santander, Colombia - 7 Jun 2026 - Diferoch - 2.jpg", "fecha": "2026-05-28 21:52:09", "desc": "Adult of Vanellus chilensis cayennensis observed in Piedecuesta, Santander, Colombia.", "img_url": "https://upload.wikimedia.org/wikipedia/commons/e/e3/Vanellus_chilensis_cayennensis_-_Piedecuesta%2C_Santander%2C_Colombia_-_7_Jun_2026_-_Diferoch_-_2.jpg", "thumb_url": "https://commons.wikimedia.org/wiki/Special:FilePath/Vanellus%20chilensis%20cayennensis%20-%20Piedecuesta%2C%20Santander%2C%20Colombia%20-%207%20Jun%202026%20-%20Diferoch%20-%202.jpg?width=640", "commons_url": "https://commons.wikimedia.org/wiki/File:Vanellus_chilensis_cayennensis_-_Piedecuesta,_Santander,_Colombia_-_7_Jun_2026_-_Diferoch_-_2.jpg", "map_url": "https://maps.google.com/?q=6.894993,-73.020965", "departamento": "Santander", "departamento_raw": "SANTANDER", "region": "Andina", "region_color": "#2563eb"}}, {"type": "Feature", "geometry": {"type": "Point", "coordinates": [-75.34723, 4.934704]}, "properties": {"id": 2231, "autor": "SergioM01", "nombre": "Vegetación de páramo 2025-12-24.jpg", "fecha": "2026-06-24 16:50:35", "desc": "Se observa en el primer plano una cerca que cruza la escena, delante y atrás de él se encuentran frailejones (Género Espeletia) rodeados de pasto andino. En un plano medio se extiende una población de frailejones acompañados por una masa de neblina que baja de la cumbre y cubre parte de la escena. Al fondo se visualiza una pared montañosa de roca escarpada con tonos grisáseos que domina el horizante y en la parte superior se observan los destellos de las primeras horas de la mañana. La foto fue tomada a 4.000 metros sobre el nivel de mar en el Parque Nacional Natural Los Nevados", "img_url": "https://upload.wikimedia.org/wikipedia/commons/2/21/Vegetaci%C3%B3n_de_p%C3%A1ramo_2025-12-24.jpg", "thumb_url": "https://commons.wikimedia.org/wiki/Special:FilePath/Vegetaci%C3%B3n%20de%20p%C3%A1ramo%202025-12-24.jpg?width=640", "commons_url": "https://commons.wikimedia.org/wiki/File:Vegetaci%C3%B3n_de_p%C3%A1ramo_2025-12-24.jpg", "map_url": "https://maps.google.com/?q=4.934704,-75.347230", "departamento": "Tolima", "departamento_raw": "TOLIMA", "region": "Andina", "region_color": "#2563eb"}}, {"type": "Feature", "geometry": {"type": "Point", "coordinates": [-74.906936, 5.566728]}, "properties": {"id": 2233, "autor": "JJCL09", "nombre": "Venas blancas.jpg", "fecha": "2026-05-05 21:09:29", "desc": "Veins of my soul", "img_url": "https://upload.wikimedia.org/wikipedia/commons/d/d3/Venas_blancas.jpg", "thumb_url": "https://commons.wikimedia.org/wiki/Special:FilePath/Venas%20blancas.jpg?width=640", "commons_url": "https://commons.wikimedia.org/wiki/File:Venas_blancas.jpg", "map_url": "https://maps.google.com/?q=5.566728,-74.906936", "departamento": "Caldas", "departamento_raw": "CALDAS", "region": "Andina", "region_color": "#2563eb"}}, {"type": "Feature", "geometry": {"type": "Point", "coordinates": [-75.540278, 10.425]}, "properties": {"id": 2237, "autor": "Johannelob", "nombre": "Verde en un fondo verde.jpg", "fecha": "2026-06-27 16:20:17", "desc": "Generaciones de Iguana iguana que hacen vida en la institucion desde hace muchos años, protegidas", "img_url": "https://upload.wikimedia.org/wikipedia/commons/8/8c/Verde_en_un_fondo_verde.jpg", "thumb_url": "https://commons.wikimedia.org/wiki/Special:FilePath/Verde%20en%20un%20fondo%20verde.jpg?width=640", "commons_url": "https://commons.wikimedia.org/wiki/File:Verde_en_un_fondo_verde.jpg", "map_url": "https://maps.google.com/?q=10.425000,-75.540278", "departamento": "Bolivar", "departamento_raw": "BOLIVAR", "region": "Caribe", "region_color": "#0891b2"}}, {"type": "Feature", "geometry": {"type": "Point", "coordinates": [-74.100198, 4.668211]}, "properties": {"id": 2242, "autor": "Supertita", "nombre": "Victoria amazónica florecida en el Tropicario del Jardín Botánico de Bogota.jpg", "fecha": "2026-06-19 15:42:44", "desc": "Victoria amazónica florecida en el Tropicario del Jardín Botánico de Bogota-Victoria regia", "img_url": "https://upload.wikimedia.org/wikipedia/commons/4/41/Victoria_amaz%C3%B3nica_florecida_en_el_Tropicario_del_Jard%C3%ADn_Bot%C3%A1nico_de_Bogota.jpg", "thumb_url": "https://commons.wikimedia.org/wiki/Special:FilePath/Victoria%20amaz%C3%B3nica%20florecida%20en%20el%20Tropicario%20del%20Jard%C3%ADn%20Bot%C3%A1nico%20de%20Bogota.jpg?width=640", "commons_url": "https://commons.wikimedia.org/wiki/File:Victoria_amaz%C3%B3nica_florecida_en_el_Tropicario_del_Jard%C3%ADn_Bot%C3%A1nico_de_Bogota.jpg", "map_url": "https://maps.google.com/?q=4.668211,-74.100198", "departamento": "Bogotá D.C.", "departamento_raw": "SANTAFE DE BOGOTA D.C", "region": "Andina", "region_color": "#2563eb"}}, {"type": "Feature", "geometry": {"type": "Point", "coordinates": [-76.429432, 2.128661]}, "properties": {"id": 2243, "autor": "LentedeBerilo", "nombre": "Vida fluyendo a través de los paramos.jpg", "fecha": "2026-06-17 17:48:23", "desc": "Waterfall among the páramos of Puracé National Natural Park.", "img_url": "https://upload.wikimedia.org/wikipedia/commons/3/3a/Vida_fluyendo_a_trav%C3%A9s_de_los_paramos.jpg", "thumb_url": "https://commons.wikimedia.org/wiki/Special:FilePath/Vida%20fluyendo%20a%20trav%C3%A9s%20de%20los%20paramos.jpg?width=640", "commons_url": "https://commons.wikimedia.org/wiki/File:Vida_fluyendo_a_trav%C3%A9s_de_los_paramos.jpg", "map_url": "https://maps.google.com/?q=2.128661,-76.429432", "departamento": "Cauca", "departamento_raw": "CAUCA", "region": "Pacífica", "region_color": "#059669"}}, {"type": "Feature", "geometry": {"type": "Point", "coordinates": [-73.636719, 4.109503]}, "properties": {"id": 2248, "autor": "NycDM", "nombre": "Villavicencio,Colombia.jpg", "fecha": "2026-05-20 18:24:13", "desc": "Beauty", "img_url": "https://upload.wikimedia.org/wikipedia/commons/5/53/Villavicencio%2CColombia.jpg", "thumb_url": "https://commons.wikimedia.org/wiki/Special:FilePath/Villavicencio%2CColombia.jpg?width=640", "commons_url": "https://commons.wikimedia.org/wiki/File:Villavicencio,Colombia.jpg", "map_url": "https://maps.google.com/?q=4.109503,-73.636719", "departamento": "Meta", "departamento_raw": "META", "region": "Orinoquía", "region_color": "#d97706"}}, {"type": "Feature", "geometry": {"type": "Point", "coordinates": [-73.636733, 4.109503]}, "properties": {"id": 2250, "autor": "NycDM", "nombre": "Villavicencio, Colombia.jpg", "fecha": "2026-05-20 18:24:14", "desc": "On the way to supermarket", "img_url": "https://upload.wikimedia.org/wikipedia/commons/a/ae/Villavicencio%2C_Colombia.jpg", "thumb_url": "https://commons.wikimedia.org/wiki/Special:FilePath/Villavicencio%2C%20Colombia.jpg?width=640", "commons_url": "https://commons.wikimedia.org/wiki/File:Villavicencio,_Colombia.jpg", "map_url": "https://maps.google.com/?q=4.109503,-73.636733", "departamento": "Meta", "departamento_raw": "META", "region": "Orinoquía", "region_color": "#d97706"}}, {"type": "Feature", "geometry": {"type": "Point", "coordinates": [-76.18, 5.85]}, "properties": {"id": 2254, "autor": "Charlesjsharp", "nombre": "Violet-tailed sylph (Aglaiocercus coelestis) male Las Tangaras.jpg", "fecha": "2026-05-29 15:24:40", "desc": "Violet-tailed sylph ( Aglaiocercus coelestis ) male, Reserva Las Tangaras, Colombia ( Calliphlox mitchellii )", "img_url": "https://upload.wikimedia.org/wikipedia/commons/9/98/Violet-tailed_sylph_%28Aglaiocercus_coelestis%29_male_Las_Tangaras.jpg", "thumb_url": "https://commons.wikimedia.org/wiki/Special:FilePath/Violet-tailed%20sylph%20%28Aglaiocercus%20coelestis%29%20male%20Las%20Tangaras.jpg?width=640", "commons_url": "https://commons.wikimedia.org/wiki/File:Violet-tailed_sylph_(Aglaiocercus_coelestis)_male_Las_Tangaras.jpg", "map_url": "https://maps.google.com/?q=5.850000,-76.180000", "departamento": "Choco", "departamento_raw": "CHOCO", "region": "Pacífica", "region_color": "#059669"}}, {"type": "Feature", "geometry": {"type": "Point", "coordinates": [-73.846618, 5.215509]}, "properties": {"id": 2265, "autor": "Johan Andrés Toro", "nombre": "Vista aérea cenital de la cresta rocosa en Sutatausa.jpg", "fecha": "2026-05-29 11:46:41", "desc": "Toma aérea completamente cenital realizada sobre los Farallones de Sutatausa que registra la textura agrietada, erosionada y rugosa de la parte superior de la estructura rocosa, evidenciando la transición abrupta hacia el dosel del bosque en la ladera inferior.", "img_url": "https://upload.wikimedia.org/wikipedia/commons/e/e1/Vista_a%C3%A9rea_cenital_de_la_cresta_rocosa_en_Sutatausa.jpg", "thumb_url": "https://commons.wikimedia.org/wiki/Special:FilePath/Vista%20a%C3%A9rea%20cenital%20de%20la%20cresta%20rocosa%20en%20Sutatausa.jpg?width=640", "commons_url": "https://commons.wikimedia.org/wiki/File:Vista_a%C3%A9rea_cenital_de_la_cresta_rocosa_en_Sutatausa.jpg", "map_url": "https://maps.google.com/?q=5.215509,-73.846618", "departamento": "Cundinamarca", "departamento_raw": "CUNDINAMARCA", "region": "Andina", "region_color": "#2563eb"}}, {"type": "Feature", "geometry": {"type": "Point", "coordinates": [-73.845426, 5.214099]}, "properties": {"id": 2266, "autor": "Johan Andrés Toro", "nombre": "Vista aérea del pliegue montañoso de Sutatausa.jpg", "fecha": "2026-05-29 11:46:51", "desc": "Fotografía aérea amplia que registra la inclinación característica de los estratos rocosos de los Farallones de Sutatausa, capturando la gran superficie expuesta de la piedra texturizada, los pastizales, parches forestales y la llanura andina colindante bajo un cielo encapotado.", "img_url": "https://upload.wikimedia.org/wikipedia/commons/5/5e/Vista_a%C3%A9rea_del_pliegue_monta%C3%B1oso_de_Sutatausa.jpg", "thumb_url": "https://commons.wikimedia.org/wiki/Special:FilePath/Vista%20a%C3%A9rea%20del%20pliegue%20monta%C3%B1oso%20de%20Sutatausa.jpg?width=640", "commons_url": "https://commons.wikimedia.org/wiki/File:Vista_a%C3%A9rea_del_pliegue_monta%C3%B1oso_de_Sutatausa.jpg", "map_url": "https://maps.google.com/?q=5.214099,-73.845426", "departamento": "Cundinamarca", "departamento_raw": "CUNDINAMARCA", "region": "Andina", "region_color": "#2563eb"}}, {"type": "Feature", "geometry": {"type": "Point", "coordinates": [-74.293245, 4.574826]}, "properties": {"id": 2267, "autor": "Johan Andrés Toro", "nombre": "Vista cenital de la fuerza del agua en el Salto del Tequendama.jpg", "fecha": "2026-05-29 15:02:46", "desc": "Fotografía aérea de ángulo cenital que captura de manera imponente la caída del Río Bogotá en el Salto del Tequendama. La imagen registra la turbulencia del agua al chocar contra las formaciones rocosas del fondo y la densa nube de vapor e hidrometeoros que se eleva hacia las laderas verdes.", "img_url": "https://upload.wikimedia.org/wikipedia/commons/3/31/Vista_cenital_de_la_fuerza_del_agua_en_el_Salto_del_Tequendama.jpg", "thumb_url": "https://commons.wikimedia.org/wiki/Special:FilePath/Vista%20cenital%20de%20la%20fuerza%20del%20agua%20en%20el%20Salto%20del%20Tequendama.jpg?width=640", "commons_url": "https://commons.wikimedia.org/wiki/File:Vista_cenital_de_la_fuerza_del_agua_en_el_Salto_del_Tequendama.jpg", "map_url": "https://maps.google.com/?q=4.574826,-74.293245", "departamento": "Cundinamarca", "departamento_raw": "CUNDINAMARCA", "region": "Andina", "region_color": "#2563eb"}}, {"type": "Feature", "geometry": {"type": "Point", "coordinates": [-74.87047, 5.86224]}, "properties": {"id": 2277, "autor": "XimmoY", "nombre": "Vista ventral de Hyloscirtus palmeri.jpg", "fecha": "2026-06-25 21:13:33", "desc": "Ventral view of Hyloscirtus palmeri. The translucent skin is visible, allowing for the *in vivo* observation of the arrangement of internal organs and peripheral vasculature.", "img_url": "https://upload.wikimedia.org/wikipedia/commons/2/24/Vista_ventral_de_Hyloscirtus_palmeri.jpg", "thumb_url": "https://commons.wikimedia.org/wiki/Special:FilePath/Vista%20ventral%20de%20Hyloscirtus%20palmeri.jpg?width=640", "commons_url": "https://commons.wikimedia.org/wiki/File:Vista_ventral_de_Hyloscirtus_palmeri.jpg", "map_url": "https://maps.google.com/?q=5.862240,-74.870470", "departamento": "Antioquia", "departamento_raw": "ANTIOQUIA", "region": "Andina", "region_color": "#2563eb"}}, {"type": "Feature", "geometry": {"type": "Point", "coordinates": [-73.616089, 5.53725]}, "properties": {"id": 2278, "autor": "JuanitoCISF", "nombre": "Vistas boyacenses.jpg", "fecha": "2026-05-28 10:51:48", "desc": "Montañas y paisajes de Raquira, Boyacá", "img_url": "https://upload.wikimedia.org/wikipedia/commons/1/11/Vistas_boyacenses.jpg", "thumb_url": "https://commons.wikimedia.org/wiki/Special:FilePath/Vistas%20boyacenses.jpg?width=640", "commons_url": "https://commons.wikimedia.org/wiki/File:Vistas_boyacenses.jpg", "map_url": "https://maps.google.com/?q=5.537250,-73.616089", "departamento": "Boyaca", "departamento_raw": "BOYACA", "region": "Andina", "region_color": "#2563eb"}}, {"type": "Feature", "geometry": {"type": "Point", "coordinates": [-73.523697, 5.634014]}, "properties": {"id": 2279, "autor": "JuanitoCISF", "nombre": "Vistas desde la plaza.jpg", "fecha": "2026-05-28 10:51:45", "desc": "Vistas desde la plaza principal de Villa de Leyva", "img_url": "https://upload.wikimedia.org/wikipedia/commons/2/26/Vistas_desde_la_plaza.jpg", "thumb_url": "https://commons.wikimedia.org/wiki/Special:FilePath/Vistas%20desde%20la%20plaza.jpg?width=640", "commons_url": "https://commons.wikimedia.org/wiki/File:Vistas_desde_la_plaza.jpg", "map_url": "https://maps.google.com/?q=5.634014,-73.523697", "departamento": "Boyaca", "departamento_raw": "BOYACA", "region": "Andina", "region_color": "#2563eb"}}, {"type": "Feature", "geometry": {"type": "Point", "coordinates": [-78.198383, 2.944734]}, "properties": {"id": 2280, "autor": "LentedeBerilo", "nombre": "Vistazo a la Isla Gorgonilla.jpg", "fecha": "2026-06-17 17:48:16", "desc": "Gorgonilla Island seen from \"La Camaronera\" beach on Gorgona Island.", "img_url": "https://upload.wikimedia.org/wikipedia/commons/5/59/Vistazo_a_la_Isla_Gorgonilla.jpg", "thumb_url": "https://commons.wikimedia.org/wiki/Special:FilePath/Vistazo%20a%20la%20Isla%20Gorgonilla.jpg?width=640", "commons_url": "https://commons.wikimedia.org/wiki/File:Vistazo_a_la_Isla_Gorgonilla.jpg", "map_url": "https://maps.google.com/?q=2.944734,-78.198383", "departamento": "Cauca", "departamento_raw": "CAUCA", "region": "Pacífica", "region_color": "#059669"}}, {"type": "Feature", "geometry": {"type": "Point", "coordinates": [-74.099953, 4.667814]}, "properties": {"id": 2281, "autor": "Mfrancoavellaneda", "nombre": "Vitoria regia (amazónica).jpg", "fecha": "2026-06-30 17:04:30", "desc": "Victoria regia en el Jardín Botánico de Bogotá", "img_url": "https://upload.wikimedia.org/wikipedia/commons/c/cb/Vitoria_regia_%28amaz%C3%B3nica%29.jpg", "thumb_url": "https://commons.wikimedia.org/wiki/Special:FilePath/Vitoria%20regia%20%28amaz%C3%B3nica%29.jpg?width=640", "commons_url": "https://commons.wikimedia.org/wiki/File:Vitoria_regia_(amaz%C3%B3nica).jpg", "map_url": "https://maps.google.com/?q=4.667814,-74.099953", "departamento": "Bogotá D.C.", "departamento_raw": "SANTAFE DE BOGOTA D.C", "region": "Andina", "region_color": "#2563eb"}}, {"type": "Feature", "geometry": {"type": "Point", "coordinates": [-73.3132, 5.3759]}, "properties": {"id": 2293, "autor": "Supertita", "nombre": "Waterlily or lotus.jpg", "fecha": "2026-06-19 14:37:21", "desc": "Nymphaea nouchali-Nymphaeaceae-waterlily or lotus flower-and damselfly (dragonflie)", "img_url": "https://upload.wikimedia.org/wikipedia/commons/b/b3/Waterlily_or_lotus.jpg", "thumb_url": "https://commons.wikimedia.org/wiki/Special:FilePath/Waterlily%20or%20lotus.jpg?width=640", "commons_url": "https://commons.wikimedia.org/wiki/File:Waterlily_or_lotus.jpg", "map_url": "https://maps.google.com/?q=5.375900,-7.331320", "departamento": "Boyaca", "departamento_raw": "BOYACA", "region": "Andina", "region_color": "#2563eb"}}, {"type": "Feature", "geometry": {"type": "Point", "coordinates": [-74.16854, 4.169424]}, "properties": {"id": 2297, "autor": "FranciscoFajardoG", "nombre": "Weinmannia mariquitae, Cunoniaceae, flowering branch 01.jpg", "fecha": "2026-06-04 19:21:30", "desc": "Flowering branch of a high Andean tree of Weinmannia mariquitae, Cunoniaceae", "img_url": "https://upload.wikimedia.org/wikipedia/commons/a/a7/Weinmannia_mariquitae%2C_Cunoniaceae%2C_flowering_branch_01.jpg", "thumb_url": "https://commons.wikimedia.org/wiki/Special:FilePath/Weinmannia%20mariquitae%2C%20Cunoniaceae%2C%20flowering%20branch%2001.jpg?width=640", "commons_url": "https://commons.wikimedia.org/wiki/File:Weinmannia_mariquitae,_Cunoniaceae,_flowering_branch_01.jpg", "map_url": "https://maps.google.com/?q=4.169424,-74.168540", "departamento": "Bogotá D.C.", "departamento_raw": "SANTAFE DE BOGOTA D.C", "region": "Andina", "region_color": "#2563eb"}}, {"type": "Feature", "geometry": {"type": "Point", "coordinates": [-74.16854, 4.169424]}, "properties": {"id": 2298, "autor": "FranciscoFajardoG", "nombre": "Weinmannia mariquitae, Cunoniaceae, flowering branch 02.jpg", "fecha": "2026-06-04 19:21:30", "desc": "Flowering branch of a high Andean tree of Weinmannia mariquitae, Cunoniaceae", "img_url": "https://upload.wikimedia.org/wikipedia/commons/c/c1/Weinmannia_mariquitae%2C_Cunoniaceae%2C_flowering_branch_02.jpg", "thumb_url": "https://commons.wikimedia.org/wiki/Special:FilePath/Weinmannia%20mariquitae%2C%20Cunoniaceae%2C%20flowering%20branch%2002.jpg?width=640", "commons_url": "https://commons.wikimedia.org/wiki/File:Weinmannia_mariquitae,_Cunoniaceae,_flowering_branch_02.jpg", "map_url": "https://maps.google.com/?q=4.169424,-74.168540", "departamento": "Bogotá D.C.", "departamento_raw": "SANTAFE DE BOGOTA D.C", "region": "Andina", "region_color": "#2563eb"}}, {"type": "Feature", "geometry": {"type": "Point", "coordinates": [-74.16854, 4.169424]}, "properties": {"id": 2299, "autor": "FranciscoFajardoG", "nombre": "Weinmannia mariquitae, Cunoniaceae, flowering branch 03.jpg", "fecha": "2026-06-04 19:21:29", "desc": "Flowering branch of a high Andean tree of Weinmannia mariquitae, Cunoniaceae", "img_url": "https://upload.wikimedia.org/wikipedia/commons/9/92/Weinmannia_mariquitae%2C_Cunoniaceae%2C_flowering_branch_03.jpg", "thumb_url": "https://commons.wikimedia.org/wiki/Special:FilePath/Weinmannia%20mariquitae%2C%20Cunoniaceae%2C%20flowering%20branch%2003.jpg?width=640", "commons_url": "https://commons.wikimedia.org/wiki/File:Weinmannia_mariquitae,_Cunoniaceae,_flowering_branch_03.jpg", "map_url": "https://maps.google.com/?q=4.169424,-74.168540", "departamento": "Bogotá D.C.", "departamento_raw": "SANTAFE DE BOGOTA D.C", "region": "Andina", "region_color": "#2563eb"}}, {"type": "Feature", "geometry": {"type": "Point", "coordinates": [-73.72, 4.63]}, "properties": {"id": 2300, "autor": "Charlesjsharp", "nombre": "White-tailed deer (Odocoileus virginianus goudotii) male Chingaza 2.jpg", "fecha": "2026-05-29 15:52:21", "desc": "White-tailed deer ( Odocoileus virginianus goudotii ) male, Chingaza National Park, Cundinamarca, Colombia", "img_url": "https://upload.wikimedia.org/wikipedia/commons/0/06/White-tailed_deer_%28Odocoileus_virginianus_goudotii%29_male_Chingaza_2.jpg", "thumb_url": "https://commons.wikimedia.org/wiki/Special:FilePath/White-tailed%20deer%20%28Odocoileus%20virginianus%20goudotii%29%20male%20Chingaza%202.jpg?width=640", "commons_url": "https://commons.wikimedia.org/wiki/File:White-tailed_deer_(Odocoileus_virginianus_goudotii)_male_Chingaza_2.jpg", "map_url": "https://maps.google.com/?q=4.630000,-73.720000", "departamento": "Cundinamarca", "departamento_raw": "CUNDINAMARCA", "region": "Andina", "region_color": "#2563eb"}}, {"type": "Feature", "geometry": {"type": "Point", "coordinates": [-73.75284, 4.52799]}, "properties": {"id": 2317, "autor": "Supertita", "nombre": "White-tailed deer (Odocoileus virginianus) buck-goudotii.jpg", "fecha": "2026-06-19 16:58:53", "desc": "White-tailed deer (Odocoileus virginianus) buck-goudotii", "img_url": "https://upload.wikimedia.org/wikipedia/commons/e/e6/White-tailed_deer_%28Odocoileus_virginianus%29_buck-goudotii.jpg", "thumb_url": "https://commons.wikimedia.org/wiki/Special:FilePath/White-tailed%20deer%20%28Odocoileus%20virginianus%29%20buck-goudotii.jpg?width=640", "commons_url": "https://commons.wikimedia.org/wiki/File:White-tailed_deer_(Odocoileus_virginianus)_buck-goudotii.jpg", "map_url": "https://maps.google.com/?q=4.527990,-73.752840", "departamento": "Cundinamarca", "departamento_raw": "CUNDINAMARCA", "region": "Andina", "region_color": "#2563eb"}}, {"type": "Feature", "geometry": {"type": "Point", "coordinates": [-73.936915, 11.308901]}, "properties": {"id": 2318, "autor": "Overlabor5010", "nombre": "Whooping Motmot in Tayrona National Park.jpg", "fecha": "2026-05-19 21:46:37", "desc": "Red-eyed bird with a blue head and orange belly sits on a branch.", "img_url": "https://upload.wikimedia.org/wikipedia/commons/f/f5/Whooping_Motmot_in_Tayrona_National_Park.jpg", "thumb_url": "https://commons.wikimedia.org/wiki/Special:FilePath/Whooping%20Motmot%20in%20Tayrona%20National%20Park.jpg?width=640", "commons_url": "https://commons.wikimedia.org/wiki/File:Whooping_Motmot_in_Tayrona_National_Park.jpg", "map_url": "https://maps.google.com/?q=11.308901,-73.936915", "departamento": "Magdalena", "departamento_raw": "MAGDALENA", "region": "Caribe", "region_color": "#0891b2"}}, {"type": "Feature", "geometry": {"type": "Point", "coordinates": [-73.863815, 7.08506]}, "properties": {"id": 2338, "autor": "Diferoch", "nombre": "Xyleus discoideus - Barrancabermeja, Santander, Colombia - 21 Jul 2025 - Diferoch.jpg", "fecha": "2026-06-14 21:07:41", "desc": "Adult of Xyleus discoideus observed in Barrancabermeja, Santander, Colombia.", "img_url": "https://upload.wikimedia.org/wikipedia/commons/c/c6/Xyleus_discoideus_-_Barrancabermeja%2C_Santander%2C_Colombia_-_21_Jul_2025_-_Diferoch.jpg", "thumb_url": "https://commons.wikimedia.org/wiki/Special:FilePath/Xyleus%20discoideus%20-%20Barrancabermeja%2C%20Santander%2C%20Colombia%20-%2021%20Jul%202025%20-%20Diferoch.jpg?width=640", "commons_url": "https://commons.wikimedia.org/wiki/File:Xyleus_discoideus_-_Barrancabermeja,_Santander,_Colombia_-_21_Jul_2025_-_Diferoch.jpg", "map_url": "https://maps.google.com/?q=7.085060,-73.863815", "departamento": "Santander", "departamento_raw": "SANTANDER", "region": "Andina", "region_color": "#2563eb"}}, {"type": "Feature", "geometry": {"type": "Point", "coordinates": [-74.099944, 4.66775]}, "properties": {"id": 2341, "autor": "AmiGueko", "nombre": "Yarumo.jpg", "fecha": "2026-06-05 09:30:12", "desc": "Yarumo en el Jardín Botánico de Bogotá", "img_url": "https://upload.wikimedia.org/wikipedia/commons/c/c8/Yarumo.jpg", "thumb_url": "https://commons.wikimedia.org/wiki/Special:FilePath/Yarumo.jpg?width=640", "commons_url": "https://commons.wikimedia.org/wiki/File:Yarumo.jpg", "map_url": "https://maps.google.com/?q=4.667750,-74.099944", "departamento": "Bogotá D.C.", "departamento_raw": "SANTAFE DE BOGOTA D.C", "region": "Andina", "region_color": "#2563eb"}}, {"type": "Feature", "geometry": {"type": "Point", "coordinates": [-75.692, 4.805028]}, "properties": {"id": 2343, "autor": "JJCL09", "nombre": "Yellow spots.jpg", "fecha": "2026-05-05 21:09:09", "desc": "Golden rays", "img_url": "https://upload.wikimedia.org/wikipedia/commons/f/f5/Yellow_spots.jpg", "thumb_url": "https://commons.wikimedia.org/wiki/Special:FilePath/Yellow%20spots.jpg?width=640", "commons_url": "https://commons.wikimedia.org/wiki/File:Yellow_spots.jpg", "map_url": "https://maps.google.com/?q=4.805028,-75.692000", "departamento": "Risaralda", "departamento_raw": "RISARALDA", "region": "Andina", "region_color": "#2563eb"}}, {"type": "Feature", "geometry": {"type": "Point", "coordinates": [-74.097728, 4.668296]}, "properties": {"id": 2345, "autor": "Natlycu", "nombre": "Zambullidor pico grueso (Podilymbus podiceps) en el Jardín Botánico de Bogotá.jpg", "fecha": "2026-06-30 00:51:53", "desc": "Podilymbus podiceps in Bogotá Botanical Garden", "img_url": "https://upload.wikimedia.org/wikipedia/commons/4/45/Zambullidor_pico_grueso_%28Podilymbus_podiceps%29_en_el_Jard%C3%ADn_Bot%C3%A1nico_de_Bogot%C3%A1.jpg", "thumb_url": "https://commons.wikimedia.org/wiki/Special:FilePath/Zambullidor%20pico%20grueso%20%28Podilymbus%20podiceps%29%20en%20el%20Jard%C3%ADn%20Bot%C3%A1nico%20de%20Bogot%C3%A1.jpg?width=640", "commons_url": "https://commons.wikimedia.org/wiki/File:Zambullidor_pico_grueso_(Podilymbus_podiceps)_en_el_Jard%C3%ADn_Bot%C3%A1nico_de_Bogot%C3%A1.jpg", "map_url": "https://maps.google.com/?q=4.668296,-74.097728", "departamento": "Bogotá D.C.", "departamento_raw": "SANTAFE DE BOGOTA D.C", "region": "Andina", "region_color": "#2563eb"}}, {"type": "Feature", "geometry": {"type": "Point", "coordinates": [-75.648339, 4.708597]}, "properties": {"id": 2349, "autor": "Sigolene-jomain", "nombre": "Zombie fungus Cordyceps.jpg", "fecha": "2026-06-30 20:21:17", "desc": "The Cordyceps genus takes the control of its host, to choose an appropriate location for it to die and for the fungus to disperse his sporas.", "img_url": "https://upload.wikimedia.org/wikipedia/commons/0/05/Zombie_fungus_Cordyceps.jpg", "thumb_url": "https://commons.wikimedia.org/wiki/Special:FilePath/Zombie%20fungus%20Cordyceps.jpg?width=640", "commons_url": "https://commons.wikimedia.org/wiki/File:Zombie_fungus_Cordyceps.jpg", "map_url": "https://maps.google.com/?q=4.708597,-75.648339", "departamento": "Risaralda", "departamento_raw": "RISARALDA", "region": "Andina", "region_color": "#2563eb"}}, {"type": "Feature", "geometry": {"type": "Point", "coordinates": [-74.066002, 4.600725]}, "properties": {"id": 2352, "autor": "Diferoch", "nombre": "Zonotrichia capensis costaricensis - Bogotá D. C., Colombia - 23 Aug 2025 - Diferoch - 1.jpg", "fecha": "2026-06-16 19:34:30", "desc": "Adult of Zonotrichia capensis costaricensis observed in the campus of Universidad de los Andes in Bogotá, D. C., Colombia.", "img_url": "https://upload.wikimedia.org/wikipedia/commons/5/5c/Zonotrichia_capensis_costaricensis_-_Bogot%C3%A1_D._C.%2C_Colombia_-_23_Aug_2025_-_Diferoch_-_1.jpg", "thumb_url": "https://commons.wikimedia.org/wiki/Special:FilePath/Zonotrichia%20capensis%20costaricensis%20-%20Bogot%C3%A1%20D.%20C.%2C%20Colombia%20-%2023%20Aug%202025%20-%20Diferoch%20-%201.jpg?width=640", "commons_url": "https://commons.wikimedia.org/wiki/File:Zonotrichia_capensis_costaricensis_-_Bogot%C3%A1_D._C.,_Colombia_-_23_Aug_2025_-_Diferoch_-_1.jpg", "map_url": "https://maps.google.com/?q=4.600725,-74.066002", "departamento": "Bogotá D.C.", "departamento_raw": "SANTAFE DE BOGOTA D.C", "region": "Andina", "region_color": "#2563eb"}}, {"type": "Feature", "geometry": {"type": "Point", "coordinates": [-74.065995, 4.60073]}, "properties": {"id": 2353, "autor": "Diferoch", "nombre": "Zonotrichia capensis costaricensis - Bogotá D. C., Colombia - 23 Aug 2025 - Diferoch - 2.jpg", "fecha": "2026-06-16 19:34:31", "desc": "Adult of Zonotrichia capensis costaricensis observed in the campus of Universidad de los Andes in Bogotá, D. C., Colombia.", "img_url": "https://upload.wikimedia.org/wikipedia/commons/a/a6/Zonotrichia_capensis_costaricensis_-_Bogot%C3%A1_D._C.%2C_Colombia_-_23_Aug_2025_-_Diferoch_-_2.jpg", "thumb_url": "https://commons.wikimedia.org/wiki/Special:FilePath/Zonotrichia%20capensis%20costaricensis%20-%20Bogot%C3%A1%20D.%20C.%2C%20Colombia%20-%2023%20Aug%202025%20-%20Diferoch%20-%202.jpg?width=640", "commons_url": "https://commons.wikimedia.org/wiki/File:Zonotrichia_capensis_costaricensis_-_Bogot%C3%A1_D._C.,_Colombia_-_23_Aug_2025_-_Diferoch_-_2.jpg", "map_url": "https://maps.google.com/?q=4.600730,-74.065995", "departamento": "Bogotá D.C.", "departamento_raw": "SANTAFE DE BOGOTA D.C", "region": "Andina", "region_color": "#2563eb"}}, {"type": "Feature", "geometry": {"type": "Point", "coordinates": [-74.086119, 4.87082]}, "properties": {"id": 2358, "autor": "Rodrigomacrophoto", "nombre": "Áfidos alimentándose de una vaina de retamo espinoso.jpg", "fecha": "2026-05-04 20:06:22", "desc": "Varios individuos de áfidos sobre una vaina de retamo espinoso.", "img_url": "https://upload.wikimedia.org/wikipedia/commons/6/66/%C3%81fidos_aliment%C3%A1ndose_de_una_vaina_de_retamo_espinoso.jpg", "thumb_url": "https://commons.wikimedia.org/wiki/Special:FilePath/%C3%81fidos%20aliment%C3%A1ndose%20de%20una%20vaina%20de%20retamo%20espinoso.jpg?width=640", "commons_url": "https://commons.wikimedia.org/wiki/File:%C3%81fidos_aliment%C3%A1ndose_de_una_vaina_de_retamo_espinoso.jpg", "map_url": "https://maps.google.com/?q=4.870820,-74.086119", "departamento": "Cundinamarca", "departamento_raw": "CUNDINAMARCA", "region": "Andina", "region_color": "#2563eb"}}, {"type": "Feature", "geometry": {"type": "Point", "coordinates": [-74.097702, 4.669437]}, "properties": {"id": 2368, "autor": "NMontoya (WMCO)", "nombre": "Árbol Guayusa - Ilex guayusa - Aquifoliaceae.jpg", "fecha": "2026-06-18 19:23:06", "desc": "Árbol Guayusa - Ilex guayusa - Aquifoliaceae", "img_url": "https://upload.wikimedia.org/wikipedia/commons/3/33/%C3%81rbol_Guayusa_-_Ilex_guayusa_-_Aquifoliaceae.jpg", "thumb_url": "https://commons.wikimedia.org/wiki/Special:FilePath/%C3%81rbol%20Guayusa%20-%20Ilex%20guayusa%20-%20Aquifoliaceae.jpg?width=640", "commons_url": "https://commons.wikimedia.org/wiki/File:%C3%81rbol_Guayusa_-_Ilex_guayusa_-_Aquifoliaceae.jpg", "map_url": "https://maps.google.com/?q=4.669437,-74.097702", "departamento": "Bogotá D.C.", "departamento_raw": "SANTAFE DE BOGOTA D.C", "region": "Andina", "region_color": "#2563eb"}}, {"type": "Feature", "geometry": {"type": "Point", "coordinates": [-74.099944, 4.66775]}, "properties": {"id": 2374, "autor": "NMontoya (WMCO)", "nombre": "Árbol de araza - Eugenia stipitata.jpg", "fecha": "2026-06-04 19:21:29", "desc": "Eugenia stipitata.", "img_url": "https://upload.wikimedia.org/wikipedia/commons/5/5b/%C3%81rbol_de_araza_-_Eugenia_stipitata.jpg", "thumb_url": "https://commons.wikimedia.org/wiki/Special:FilePath/%C3%81rbol%20de%20araza%20-%20Eugenia%20stipitata.jpg?width=640", "commons_url": "https://commons.wikimedia.org/wiki/File:%C3%81rbol_de_araza_-_Eugenia_stipitata.jpg", "map_url": "https://maps.google.com/?q=4.667750,-74.099944", "departamento": "Bogotá D.C.", "departamento_raw": "SANTAFE DE BOGOTA D.C", "region": "Andina", "region_color": "#2563eb"}}, {"type": "Feature", "geometry": {"type": "Point", "coordinates": [-74.099944, 4.66775]}, "properties": {"id": 2382, "autor": "NMontoya (WMCO)", "nombre": "Árbol Pereskia bleo.jpg", "fecha": "2026-06-04 19:21:29", "desc": "Pereskia bleo. Genero Pereskia bleo - Familia Cactaceae.", "img_url": "https://upload.wikimedia.org/wikipedia/commons/5/59/%C3%81rbol_Pereskia_bleo.jpg", "thumb_url": "https://commons.wikimedia.org/wiki/Special:FilePath/%C3%81rbol%20Pereskia%20bleo.jpg?width=640", "commons_url": "https://commons.wikimedia.org/wiki/File:%C3%81rbol_Pereskia_bleo.jpg", "map_url": "https://maps.google.com/?q=4.667750,-74.099944", "departamento": "Bogotá D.C.", "departamento_raw": "SANTAFE DE BOGOTA D.C", "region": "Andina", "region_color": "#2563eb"}}, {"type": "Feature", "geometry": {"type": "Point", "coordinates": [-74.391238, 4.654778]}, "properties": {"id": 2387, "autor": "AntonioEliseo", "nombre": "Ñeque comiendo Mango.jpg", "fecha": "2026-06-30 20:25:27", "desc": "Dasyprocta punctata cominedo mango en Tena Cundinamarca", "img_url": "https://upload.wikimedia.org/wikipedia/commons/8/8a/%C3%91eque_comiendo_Mango.jpg", "thumb_url": "https://commons.wikimedia.org/wiki/Special:FilePath/%C3%91eque%20comiendo%20Mango.jpg?width=640", "commons_url": "https://commons.wikimedia.org/wiki/File:%C3%91eque_comiendo_Mango.jpg", "map_url": "https://maps.google.com/?q=4.654778,-74.391238", "departamento": "Cundinamarca", "departamento_raw": "CUNDINAMARCA", "region": "Andina", "region_color": "#2563eb"}}]}